{
  "8": {
    "original": {
      "clean_topk": [
        [
          1,
          0.023809523809523808
        ],
        [
          2,
          0.023809523809523808
        ],
        [
          3,
          0.023809523809523808
        ]
      ],
      "clean_rank_list": [
        11,
        212,
        18,
        52,
        9,
        40,
        68,
        105,
        9,
        14,
        93,
        0,
        69,
        58,
        23,
        19,
        8,
        20,
        24,
        13,
        244,
        7,
        80,
        14,
        23,
        11,
        56,
        27,
        23,
        20,
        66,
        21,
        44,
        11,
        17,
        7,
        93,
        22,
        12,
        94,
        116,
        23
      ],
      "intervention_topk": [
        [
          1,
          0.023809523809523808
        ],
        [
          2,
          0.023809523809523808
        ],
        [
          3,
          0.023809523809523808
        ]
      ],
      "intervention_rank_list": [
        10,
        82,
        10,
        40,
        5,
        25,
        15,
        59,
        5,
        9,
        39,
        0,
        12,
        23,
        7,
        12,
        3,
        12,
        12,
        7,
        118,
        6,
        30,
        9,
        10,
        5,
        34,
        11,
        11,
        11,
        11,
        13,
        14,
        7,
        6,
        6,
        22,
        11,
        6,
        35,
        68,
        7
      ]
    },
    "centred": {
      "clean_topk": [
        [
          1,
          0.023809523809523808
        ],
        [
          2,
          0.023809523809523808
        ],
        [
          3,
          0.023809523809523808
        ]
      ],
      "clean_rank_list": [
        11,
        212,
        18,
        52,
        9,
        40,
        68,
        105,
        9,
        14,
        93,
        0,
        69,
        58,
        23,
        19,
        8,
        20,
        24,
        13,
        244,
        7,
        80,
        14,
        23,
        11,
        56,
        27,
        23,
        20,
        66,
        21,
        44,
        11,
        17,
        7,
        93,
        22,
        12,
        94,
        116,
        23
      ],
      "intervention_topk": [
        [
          1,
          0.023809523809523808
        ],
        [
          2,
          0.023809523809523808
        ],
        [
          3,
          0.023809523809523808
        ]
      ],
      "intervention_rank_list": [
        15,
        88,
        7,
        115,
        17,
        38,
        45,
        78,
        9,
        36,
        84,
        0,
        16,
        83,
        4,
        25,
        6,
        19,
        46,
        8,
        76,
        13,
        76,
        12,
        8,
        7,
        49,
        38,
        7,
        13,
        19,
        9,
        17,
        8,
        7,
        12,
        123,
        42,
        10,
        49,
        52,
        9
      ]
    }
  }
}