{
  "8": {
    "original": {
      "clean_topk": [
        [
          1,
          0.023809523809523808
        ],
        [
          2,
          0.023809523809523808
        ],
        [
          3,
          0.023809523809523808
        ]
      ],
      "clean_rank_list": [
        21,
        57,
        23,
        4,
        11,
        93,
        23,
        7,
        23,
        24,
        59,
        19,
        74,
        4,
        6,
        17,
        12,
        58,
        257,
        11,
        10,
        298,
        16,
        85,
        10,
        44,
        31,
        31,
        14,
        25,
        21,
        114,
        408,
        15,
        197,
        24,
        27,
        141,
        69,
        0,
        21,
        42
      ],
      "intervention_topk": [
        [
          1,
          0.023809523809523808
        ],
        [
          2,
          0.023809523809523808
        ],
        [
          3,
          0.023809523809523808
        ]
      ],
      "intervention_rank_list": [
        13,
        32,
        13,
        5,
        5,
        22,
        7,
        4,
        10,
        12,
        36,
        10,
        41,
        5,
        3,
        16,
        9,
        23,
        149,
        8,
        6,
        113,
        10,
        65,
        5,
        13,
        14,
        12,
        6,
        11,
        7,
        43,
        131,
        9,
        146,
        13,
        10,
        47,
        13,
        0,
        10,
        25
      ]
    },
    "centred": {
      "clean_topk": [
        [
          1,
          0.023809523809523808
        ],
        [
          2,
          0.023809523809523808
        ],
        [
          3,
          0.023809523809523808
        ]
      ],
      "clean_rank_list": [
        21,
        57,
        23,
        4,
        11,
        93,
        23,
        7,
        23,
        24,
        59,
        19,
        74,
        4,
        6,
        17,
        12,
        58,
        257,
        11,
        10,
        298,
        16,
        85,
        10,
        44,
        31,
        31,
        14,
        25,
        21,
        114,
        408,
        15,
        197,
        24,
        27,
        141,
        69,
        0,
        21,
        42
      ],
      "intervention_topk": [
        [
          1,
          0.023809523809523808
        ],
        [
          2,
          0.023809523809523808
        ],
        [
          3,
          0.023809523809523808
        ]
      ],
      "intervention_rank_list": [
        9,
        73,
        40,
        7,
        7,
        123,
        9,
        4,
        8,
        46,
        78,
        11,
        32,
        9,
        4,
        26,
        24,
        83,
        188,
        13,
        20,
        180,
        30,
        44,
        8,
        60,
        22,
        46,
        9,
        20,
        12,
        21,
        337,
        29,
        146,
        10,
        27,
        123,
        16,
        0,
        23,
        17
      ]
    }
  }
}