{
  "8": {
    "original": {
      "clean_topk": [
        [
          1,
          0.14285714285714285
        ],
        [
          2,
          0.14285714285714285
        ],
        [
          3,
          0.16666666666666666
        ]
      ],
      "clean_rank_list": [
        22,
        2,
        30,
        41,
        74,
        116,
        182,
        11,
        181,
        18,
        11,
        20,
        48,
        19,
        38,
        30,
        0,
        9,
        12,
        7,
        0,
        0,
        85,
        48,
        14,
        14,
        15,
        20,
        141,
        19,
        16,
        39,
        110,
        62,
        0,
        63,
        257,
        54,
        58,
        0,
        11,
        0
      ],
      "intervention_topk": [
        [
          1,
          0.14285714285714285
        ],
        [
          2,
          0.14285714285714285
        ],
        [
          3,
          0.14285714285714285
        ]
      ],
      "intervention_rank_list": [
        9,
        3,
        12,
        18,
        41,
        70,
        71,
        9,
        57,
        12,
        7,
        11,
        37,
        11,
        26,
        8,
        0,
        5,
        6,
        8,
        0,
        0,
        65,
        34,
        10,
        9,
        9,
        12,
        46,
        12,
        12,
        12,
        41,
        26,
        0,
        34,
        149,
        12,
        23,
        0,
        7,
        0
      ]
    },
    "centred": {
      "clean_topk": [
        [
          1,
          0.14285714285714285
        ],
        [
          2,
          0.14285714285714285
        ],
        [
          3,
          0.16666666666666666
        ]
      ],
      "clean_rank_list": [
        22,
        2,
        30,
        41,
        74,
        116,
        182,
        11,
        181,
        18,
        11,
        20,
        48,
        19,
        38,
        30,
        0,
        9,
        12,
        7,
        0,
        0,
        85,
        48,
        14,
        14,
        15,
        20,
        141,
        19,
        16,
        39,
        110,
        62,
        0,
        63,
        257,
        54,
        58,
        0,
        11,
        0
      ],
      "intervention_topk": [
        [
          1,
          0.14285714285714285
        ],
        [
          2,
          0.14285714285714285
        ],
        [
          3,
          0.14285714285714285
        ]
      ],
      "intervention_rank_list": [
        7,
        6,
        25,
        63,
        32,
        52,
        80,
        14,
        115,
        14,
        20,
        13,
        27,
        35,
        31,
        30,
        0,
        17,
        10,
        26,
        0,
        0,
        44,
        34,
        14,
        36,
        8,
        18,
        116,
        24,
        14,
        15,
        38,
        40,
        0,
        40,
        185,
        23,
        83,
        0,
        14,
        0
      ]
    }
  }
}