{
  "8": {
    "original": {
      "clean_topk": [
        [
          1,
          0.0975609756097561
        ],
        [
          2,
          0.0975609756097561
        ],
        [
          3,
          0.0975609756097561
        ]
      ],
      "clean_rank_list": [
        44,
        14,
        9,
        105,
        22,
        21,
        20,
        38,
        66,
        0,
        58,
        15,
        14,
        11,
        12,
        34,
        12,
        4,
        371,
        13,
        93,
        0,
        23,
        38,
        97,
        159,
        43,
        0,
        14,
        74,
        12,
        15,
        0,
        19,
        10,
        45,
        80,
        23,
        17,
        20,
        11
      ],
      "intervention_topk": [
        [
          1,
          0.0975609756097561
        ],
        [
          2,
          0.0975609756097561
        ],
        [
          3,
          0.0975609756097561
        ]
      ],
      "intervention_rank_list": [
        13,
        6,
        7,
        60,
        17,
        7,
        12,
        17,
        11,
        0,
        26,
        9,
        9,
        7,
        6,
        20,
        7,
        5,
        57,
        7,
        41,
        0,
        8,
        39,
        17,
        60,
        21,
        0,
        10,
        41,
        5,
        8,
        0,
        11,
        5,
        28,
        30,
        11,
        16,
        11,
        5
      ]
    },
    "centred": {
      "clean_topk": [
        [
          1,
          0.0975609756097561
        ],
        [
          2,
          0.0975609756097561
        ],
        [
          3,
          0.0975609756097561
        ]
      ],
      "clean_rank_list": [
        44,
        14,
        9,
        105,
        22,
        21,
        20,
        38,
        66,
        0,
        58,
        15,
        14,
        11,
        12,
        34,
        12,
        4,
        371,
        13,
        93,
        0,
        23,
        38,
        97,
        159,
        43,
        0,
        14,
        74,
        12,
        15,
        0,
        19,
        10,
        45,
        80,
        23,
        17,
        20,
        11
      ],
      "intervention_topk": [
        [
          1,
          0.0975609756097561
        ],
        [
          2,
          0.0975609756097561
        ],
        [
          3,
          0.0975609756097561
        ]
      ],
      "intervention_rank_list": [
        59,
        9,
        16,
        78,
        46,
        13,
        18,
        58,
        20,
        0,
        83,
        8,
        37,
        20,
        10,
        17,
        21,
        7,
        111,
        8,
        84,
        0,
        6,
        106,
        57,
        92,
        18,
        0,
        14,
        32,
        15,
        28,
        0,
        36,
        12,
        55,
        75,
        7,
        25,
        9,
        7
      ]
    }
  }
}