{
  "8": {
    "original": {
      "clean_topk": [
        [
          1,
          0.047619047619047616
        ],
        [
          2,
          0.047619047619047616
        ],
        [
          3,
          0.047619047619047616
        ]
      ],
      "clean_rank_list": [
        12,
        56,
        27,
        116,
        7,
        23,
        11,
        24,
        159,
        0,
        13,
        12,
        38,
        14,
        12,
        14,
        7,
        0,
        64,
        38,
        13,
        10,
        25,
        199,
        21,
        62,
        94,
        14,
        93,
        11,
        8,
        19,
        52,
        23,
        29,
        44,
        36,
        57,
        17,
        34,
        30,
        181
      ],
      "intervention_topk": [
        [
          1,
          0.047619047619047616
        ],
        [
          2,
          0.047619047619047616
        ],
        [
          3,
          0.047619047619047616
        ]
      ],
      "intervention_rank_list": [
        7,
        19,
        12,
        32,
        6,
        11,
        7,
        12,
        59,
        0,
        11,
        10,
        40,
        9,
        7,
        9,
        5,
        0,
        22,
        17,
        5,
        11,
        7,
        62,
        7,
        26,
        37,
        6,
        40,
        10,
        4,
        10,
        41,
        13,
        12,
        15,
        12,
        33,
        13,
        20,
        9,
        58
      ]
    },
    "centred": {
      "clean_topk": [
        [
          1,
          0.047619047619047616
        ],
        [
          2,
          0.047619047619047616
        ],
        [
          3,
          0.047619047619047616
        ]
      ],
      "clean_rank_list": [
        12,
        56,
        27,
        116,
        7,
        23,
        11,
        24,
        159,
        0,
        13,
        12,
        38,
        14,
        12,
        14,
        7,
        0,
        64,
        38,
        13,
        10,
        25,
        199,
        21,
        62,
        94,
        14,
        93,
        11,
        8,
        19,
        52,
        23,
        29,
        44,
        36,
        57,
        17,
        34,
        30,
        181
      ],
      "intervention_topk": [
        [
          1,
          0.047619047619047616
        ],
        [
          2,
          0.047619047619047616
        ],
        [
          3,
          0.07142857142857142
        ]
      ],
      "intervention_rank_list": [
        8,
        64,
        22,
        38,
        12,
        7,
        21,
        25,
        93,
        0,
        46,
        9,
        111,
        37,
        10,
        7,
        14,
        0,
        38,
        55,
        3,
        11,
        7,
        106,
        12,
        40,
        49,
        9,
        84,
        16,
        2,
        12,
        117,
        53,
        30,
        17,
        28,
        74,
        18,
        15,
        30,
        119
      ]
    }
  }
}