{
  "8": {
    "original": {
      "clean_topk": [
        [
          1,
          0.07317073170731707
        ],
        [
          2,
          0.07317073170731707
        ],
        [
          3,
          0.07317073170731707
        ]
      ],
      "clean_rank_list": [
        19,
        81,
        0,
        45,
        111,
        313,
        84,
        0,
        938,
        34,
        8,
        25,
        19,
        21,
        7,
        36,
        54,
        56,
        23,
        61,
        17,
        312,
        441,
        32,
        18,
        61,
        28,
        179,
        45,
        111,
        17,
        11,
        0,
        14,
        5,
        7,
        16,
        18,
        14,
        242,
        51
      ],
      "intervention_topk": [
        [
          1,
          0.07317073170731707
        ],
        [
          2,
          0.12195121951219512
        ],
        [
          3,
          0.21951219512195122
        ]
      ],
      "intervention_rank_list": [
        4,
        15,
        0,
        19,
        23,
        80,
        18,
        0,
        269,
        10,
        2,
        3,
        8,
        2,
        6,
        26,
        7,
        4,
        4,
        18,
        4,
        161,
        139,
        9,
        2,
        14,
        3,
        57,
        19,
        17,
        7,
        3,
        0,
        4,
        1,
        3,
        1,
        3,
        2,
        37,
        3
      ]
    },
    "centred": {
      "clean_topk": [
        [
          1,
          0.07317073170731707
        ],
        [
          2,
          0.07317073170731707
        ],
        [
          3,
          0.07317073170731707
        ]
      ],
      "clean_rank_list": [
        19,
        81,
        0,
        45,
        111,
        313,
        84,
        0,
        938,
        34,
        8,
        25,
        19,
        21,
        7,
        36,
        54,
        56,
        23,
        61,
        17,
        312,
        441,
        32,
        18,
        61,
        28,
        179,
        45,
        111,
        17,
        11,
        0,
        14,
        5,
        7,
        16,
        18,
        14,
        242,
        51
      ],
      "intervention_topk": [
        [
          1,
          0.07317073170731707
        ],
        [
          2,
          0.17073170731707318
        ],
        [
          3,
          0.3170731707317073
        ]
      ],
      "intervention_rank_list": [
        5,
        18,
        0,
        6,
        31,
        79,
        15,
        0,
        564,
        16,
        1,
        1,
        6,
        3,
        4,
        25,
        5,
        6,
        3,
        28,
        1,
        85,
        101,
        14,
        2,
        11,
        3,
        77,
        18,
        25,
        10,
        4,
        0,
        2,
        1,
        6,
        2,
        2,
        2,
        74,
        2
      ]
    }
  },
  "10": {
    "original": {
      "clean_topk": [
        [
          1,
          0.07317073170731707
        ],
        [
          2,
          0.07317073170731707
        ],
        [
          3,
          0.07317073170731707
        ]
      ],
      "clean_rank_list": [
        19,
        81,
        0,
        45,
        111,
        313,
        84,
        0,
        938,
        34,
        8,
        25,
        19,
        21,
        7,
        36,
        54,
        56,
        23,
        61,
        17,
        312,
        441,
        32,
        18,
        61,
        28,
        179,
        45,
        111,
        17,
        11,
        0,
        14,
        5,
        7,
        16,
        18,
        14,
        242,
        51
      ],
      "intervention_topk": [
        [
          1,
          0.0975609756097561
        ],
        [
          2,
          0.43902439024390244
        ],
        [
          3,
          0.5853658536585366
        ]
      ],
      "intervention_rank_list": [
        1,
        5,
        0,
        8,
        4,
        15,
        11,
        0,
        109,
        3,
        1,
        2,
        5,
        1,
        3,
        14,
        2,
        3,
        1,
        8,
        1,
        89,
        66,
        2,
        1,
        1,
        1,
        8,
        2,
        5,
        2,
        2,
        0,
        1,
        0,
        1,
        1,
        1,
        1,
        5,
        1
      ]
    },
    "centred": {
      "clean_topk": [
        [
          1,
          0.07317073170731707
        ],
        [
          2,
          0.07317073170731707
        ],
        [
          3,
          0.07317073170731707
        ]
      ],
      "clean_rank_list": [
        19,
        81,
        0,
        45,
        111,
        313,
        84,
        0,
        938,
        34,
        8,
        25,
        19,
        21,
        7,
        36,
        54,
        56,
        23,
        61,
        17,
        312,
        441,
        32,
        18,
        61,
        28,
        179,
        45,
        111,
        17,
        11,
        0,
        14,
        5,
        7,
        16,
        18,
        14,
        242,
        51
      ],
      "intervention_topk": [
        [
          1,
          0.0975609756097561
        ],
        [
          2,
          0.5609756097560976
        ],
        [
          3,
          0.6829268292682927
        ]
      ],
      "intervention_rank_list": [
        1,
        1,
        0,
        5,
        1,
        5,
        7,
        0,
        71,
        1,
        1,
        1,
        4,
        1,
        3,
        11,
        2,
        1,
        1,
        11,
        1,
        39,
        31,
        2,
        1,
        2,
        1,
        9,
        2,
        12,
        3,
        1,
        0,
        1,
        0,
        1,
        1,
        1,
        1,
        2,
        1
      ]
    }
  },
  "11": {
    "original": {
      "clean_topk": [
        [
          1,
          0.07317073170731707
        ],
        [
          2,
          0.07317073170731707
        ],
        [
          3,
          0.07317073170731707
        ]
      ],
      "clean_rank_list": [
        19,
        81,
        0,
        45,
        111,
        313,
        84,
        0,
        938,
        34,
        8,
        25,
        19,
        21,
        7,
        36,
        54,
        56,
        23,
        61,
        17,
        312,
        441,
        32,
        18,
        61,
        28,
        179,
        45,
        111,
        17,
        11,
        0,
        14,
        5,
        7,
        16,
        18,
        14,
        242,
        51
      ],
      "intervention_topk": [
        [
          1,
          0.0975609756097561
        ],
        [
          2,
          0.5365853658536586
        ],
        [
          3,
          0.6097560975609756
        ]
      ],
      "intervention_rank_list": [
        1,
        3,
        0,
        4,
        3,
        9,
        12,
        0,
        83,
        3,
        1,
        1,
        3,
        1,
        3,
        13,
        2,
        1,
        1,
        10,
        1,
        64,
        60,
        1,
        1,
        2,
        1,
        6,
        1,
        5,
        1,
        2,
        0,
        1,
        0,
        1,
        1,
        1,
        1,
        5,
        1
      ]
    },
    "centred": {
      "clean_topk": [
        [
          1,
          0.07317073170731707
        ],
        [
          2,
          0.07317073170731707
        ],
        [
          3,
          0.07317073170731707
        ]
      ],