{
  "8": {
    "original": {
      "clean_topk": [
        [
          1,
          0.10256410256410256
        ],
        [
          2,
          0.10256410256410256
        ],
        [
          3,
          0.10256410256410256
        ]
      ],
      "clean_rank_list": [
        0,
        12,
        242,
        5,
        14,
        44,
        111,
        17,
        25,
        21,
        24,
        84,
        14,
        56,
        18,
        33,
        12,
        53,
        236,
        23,
        27,
        8,
        0,
        8,
        66,
        34,
        61,
        199,
        9,
        158,
        11,
        324,
        21,
        0,
        19,
        27,
        0,
        64,
        36
      ],
      "intervention_topk": [
        [
          1,
          0.10256410256410256
        ],
        [
          2,
          0.15384615384615385
        ],
        [
          3,
          0.2564102564102564
        ]
      ],
      "intervention_rank_list": [
        0,
        2,
        38,
        1,
        2,
        11,
        17,
        4,
        10,
        3,
        8,
        42,
        4,
        5,
        5,
        5,
        4,
        5,
        22,
        4,
        4,
        2,
        0,
        1,
        14,
        3,
        14,
        35,
        2,
        85,
        3,
        142,
        4,
        0,
        4,
        11,
        0,
        26,
        16
      ]
    },
    "centred": {
      "clean_topk": [
        [
          1,
          0.10256410256410256
        ],
        [
          2,
          0.10256410256410256
        ],
        [
          3,
          0.10256410256410256
        ]
      ],
      "clean_rank_list": [
        0,
        12,
        242,
        5,
        14,
        44,
        111,
        17,
        25,
        21,
        24,
        84,
        14,
        56,
        18,
        33,
        12,
        53,
        236,
        23,
        27,
        8,
        0,
        8,
        66,
        34,
        61,
        199,
        9,
        158,
        11,
        324,
        21,
        0,
        19,
        27,
        0,
        64,
        36
      ],
      "intervention_topk": [
        [
          1,
          0.10256410256410256
        ],
        [
          2,
          0.15384615384615385
        ],
        [
          3,
          0.358974358974359
        ]
      ],
      "intervention_rank_list": [
        0,
        1,
        67,
        1,
        2,
        16,
        24,
        6,
        13,
        2,
        5,
        17,
        2,
        6,
        6,
        4,
        4,
        3,
        12,
        2,
        5,
        2,
        0,
        2,
        20,
        4,
        11,
        10,
        2,
        122,
        2,
        182,
        8,
        0,
        5,
        19,
        0,
        25,
        24
      ]
    }
  },
  "10": {
    "original": {
      "clean_topk": [
        [
          1,
          0.10256410256410256
        ],
        [
          2,
          0.10256410256410256
        ],
        [
          3,
          0.10256410256410256
        ]
      ],
      "clean_rank_list": [
        0,
        12,
        242,
        5,
        14,
        44,
        111,
        17,
        25,
        21,
        24,
        84,
        14,
        56,
        18,
        33,
        12,
        53,
        236,
        23,
        27,
        8,
        0,
        8,
        66,
        34,
        61,
        199,
        9,
        158,
        11,
        324,
        21,
        0,
        19,
        27,
        0,
        64,
        36
      ],
      "intervention_topk": [
        [
          1,
          0.1282051282051282
        ],
        [
          2,
          0.48717948717948717
        ],
        [
          3,
          0.6923076923076923
        ]
      ],
      "intervention_rank_list": [
        0,
        1,
        6,
        0,
        1,
        4,
        6,
        1,
        3,
        1,
        2,
        12,
        2,
        3,
        1,
        1,
        1,
        2,
        5,
        1,
        1,
        1,
        0,
        1,
        2,
        1,
        2,
        14,
        1,
        27,
        1,
        75,
        2,
        0,
        2,
        2,
        0,
        10,
        6
      ]
    },
    "centred": {
      "clean_topk": [
        [
          1,
          0.10256410256410256
        ],
        [
          2,
          0.10256410256410256
        ],
        [
          3,
          0.10256410256410256
        ]
      ],
      "clean_rank_list": [
        0,
        12,
        242,
        5,
        14,
        44,
        111,
        17,
        25,
        21,
        24,
        84,
        14,
        56,
        18,
        33,
        12,
        53,
        236,
        23,
        27,
        8,
        0,
        8,
        66,
        34,
        61,
        199,
        9,
        158,
        11,
        324,
        21,
        0,
        19,
        27,
        0,
        64,
        36
      ],
      "intervention_topk": [
        [
          1,
          0.1282051282051282
        ],
        [
          2,
          0.6410256410256411
        ],
        [
          3,
          0.717948717948718
        ]
      ],
      "intervention_rank_list": [
        0,
        1,
        3,
        0,
        1,
        1,
        16,
        1,
        5,
        1,
        2,
        5,
        1,
        1,
        1,
        1,
        1,
        1,
        1,
        1,
        1,
        1,
        0,
        1,
        4,
        1,
        2,
        20,
        1,
        11,
        1,
        37,
        2,
        0,
        1,
        3,
        0,
        6,
        10
      ]
    }
  },
  "11": {
    "original": {
      "clean_topk": [
        [
          1,
          0.10256410256410256
        ],
        [
          2,
          0.10256410256410256
        ],
        [
          3,
          0.10256410256410256
        ]
      ],
      "clean_rank_list": [
        0,
        12,
        242,
        5,
        14,
        44,
        111,
        17,
        25,
        21,
        24,
        84,
        14,
        56,
        18,
        33,
        12,
        53,
        236,
        23,
        27,
        8,
        0,
        8,
        66,
        34,
        61,
        199,
        9,
        158,
        11,
        324,
        21,
        0,
        19,
        27,
        0,
        64,
        36
      ],
      "intervention_topk": [
        [
          1,
          0.1282051282051282
        ],
        [
          2,
          0.6410256410256411
        ],
        [
          3,
          0.7435897435897436
        ]
      ],
      "intervention_rank_list": [
        0,
        1,
        5,
        0,
        1,
        5,
        5,
        1,
        3,
        1,
        1,
        8,
        1,
        1,
        1,
        1,
        1,
        1,
        2,
        1,
        1,
        1,
        0,
        1,
        1,
        1,
        2,
        11,
        1,
        22,
        1,
        64,
        2,
        0,
        1,
        2,
        0,
        8,
        8
      ]
    },
    "centred": {
      "clean_topk": [
        [
          1,
          0.10256410256410256
        ],
        [
          2,
          0.10256410256410256
        ],
        [
          3,
          0.10256410256410256
        ]
      ],