{
  "8": {
    "original": {
      "clean_topk": [
        [
          1,
          0.0975609756097561
        ],
        [
          2,
          0.0975609756097561
        ],
        [
          3,
          0.0975609756097561
        ]
      ],
      "clean_rank_list": [
        313,
        35,
        23,
        43,
        17,
        7,
        24,
        586,
        41,
        40,
        78,
        120,
        12,
        45,
        79,
        51,
        119,
        7,
        0,
        9,
        177,
        55,
        76,
        13,
        11,
        229,
        84,
        16,
        33,
        0,
        26,
        24,
        37,
        56,
        11,
        16,
        18,
        0,
        18,
        0,
        324
      ],
      "intervention_topk": [
        [
          1,
          0.0975609756097561
        ],
        [
          2,
          0.17073170731707318
        ],
        [
          3,
          0.3170731707317073
        ]
      ],
      "intervention_rank_list": [
        81,
        11,
        2,
        12,
        4,
        1,
        9,
        230,
        9,
        5,
        5,
        41,
        2,
        19,
        19,
        3,
        88,
        2,
        0,
        3,
        62,
        15,
        12,
        2,
        1,
        30,
        44,
        2,
        4,
        0,
        8,
        4,
        9,
        10,
        3,
        1,
        4,
        0,
        2,
        0,
        140
      ]
    },
    "centred": {
      "clean_topk": [
        [
          1,
          0.0975609756097561
        ],
        [
          2,
          0.0975609756097561
        ],
        [
          3,
          0.0975609756097561
        ]
      ],
      "clean_rank_list": [
        313,
        35,
        23,
        43,
        17,
        7,
        24,
        586,
        41,
        40,
        78,
        120,
        12,
        45,
        79,
        51,
        119,
        7,
        0,
        9,
        177,
        55,
        76,
        13,
        11,
        229,
        84,
        16,
        33,
        0,
        26,
        24,
        37,
        56,
        11,
        16,
        18,
        0,
        18,
        0,
        324
      ],
      "intervention_topk": [
        [
          1,
          0.0975609756097561
        ],
        [
          2,
          0.17073170731707318
        ],
        [
          3,
          0.4146341463414634
        ]
      ],
      "intervention_rank_list": [
        82,
        11,
        2,
        13,
        1,
        2,
        5,
        166,
        14,
        14,
        12,
        23,
        2,
        18,
        24,
        2,
        151,
        2,
        0,
        2,
        65,
        7,
        21,
        2,
        1,
        44,
        19,
        1,
        4,
        0,
        10,
        3,
        12,
        29,
        4,
        2,
        2,
        0,
        2,
        0,
        185
      ]
    }
  },
  "10": {
    "original": {
      "clean_topk": [
        [
          1,
          0.0975609756097561
        ],
        [
          2,
          0.0975609756097561
        ],
        [
          3,
          0.0975609756097561
        ]
      ],
      "clean_rank_list": [
        313,
        35,
        23,
        43,
        17,
        7,
        24,
        586,
        41,
        40,
        78,
        120,
        12,
        45,
        79,
        51,
        119,
        7,
        0,
        9,
        177,
        55,
        76,
        13,
        11,
        229,
        84,
        16,
        33,
        0,
        26,
        24,
        37,
        56,
        11,
        16,
        18,
        0,
        18,
        0,
        324
      ],
      "intervention_topk": [
        [
          1,
          0.0975609756097561
        ],
        [
          2,
          0.5365853658536586
        ],
        [
          3,
          0.7073170731707317
        ]
      ],
      "intervention_rank_list": [
        17,
        2,
        1,
        4,
        1,
        1,
        2,
        42,
        4,
        2,
        2,
        10,
        1,
        2,
        4,
        1,
        40,
        1,
        0,
        1,
        11,
        3,
        1,
        1,
        1,
        7,
        12,
        1,
        1,
        0,
        2,
        1,
        1,
        2,
        1,
        1,
        1,
        0,
        1,
        0,
        71
      ]
    },
    "centred": {
      "clean_topk": [
        [
          1,
          0.0975609756097561
        ],
        [
          2,
          0.0975609756097561
        ],
        [
          3,
          0.0975609756097561
        ]
      ],
      "clean_rank_list": [
        313,
        35,
        23,
        43,
        17,
        7,
        24,
        586,
        41,
        40,
        78,
        120,
        12,
        45,
        79,
        51,
        119,
        7,
        0,
        9,
        177,
        55,
        76,
        13,
        11,
        229,
        84,
        16,
        33,
        0,
        26,
        24,
        37,
        56,
        11,
        16,
        18,
        0,
        18,
        0,
        324
      ],
      "intervention_topk": [
        [
          1,
          0.0975609756097561
        ],
        [
          2,
          0.6829268292682927
        ],
        [
          3,
          0.8292682926829268
        ]
      ],
      "intervention_rank_list": [
        3,
        1,
        1,
        1,
        1,
        1,
        2,
        110,
        10,
        1,
        2,
        1,
        1,
        2,
        1,
        1,
        77,
        1,
        0,
        1,
        6,
        1,
        2,
        1,
        2,
        1,
        5,
        1,
        1,
        0,
        1,
        1,
        1,
        1,
        2,
        1,
        1,
        0,
        1,
        0,
        32
      ]
    }
  },
  "11": {
    "original": {
      "clean_topk": [
        [
          1,
          0.0975609756097561
        ],
        [
          2,
          0.0975609756097561
        ],
        [
          3,
          0.0975609756097561
        ]
      ],
      "clean_rank_list": [
        313,
        35,
        23,
        43,
        17,
        7,
        24,
        586,
        41,
        40,
        78,
        120,
        12,
        45,
        79,
        51,
        119,
        7,
        0,
        9,
        177,
        55,
        76,
        13,
        11,
        229,
        84,
        16,
        33,
        0,
        26,
        24,
        37,
        56,
        11,
        16,
        18,
        0,
        18,
        0,
        324
      ],
      "intervention_topk": [
        [
          1,
          0.0975609756097561
        ],
        [
          2,
          0.6829268292682927
        ],
        [
          3,
          0.7073170731707317
        ]
      ],
      "intervention_rank_list": [
        9,
        1,
        1,
        3,
        1,
        1,
        1,
        55,
        3,
        3,
        2,
        5,
        1,
        1,
        5,
        1,
        39,
        1,
        0,
        1,
        7,
        1,
        1,
        1,
        1,
        5,
        8,
        1,
        1,
        0,
        1,
        1,
        1,
        1,
        1,
        1,
        1,
        0,
        1,
        0,
        64
      ]
    },
    "centred": {
      "clean_topk": [
        [
          1,
          0.0975609756097561
        ],
        [
          2,
          0.0975609756097561
        ],
        [
          3,
          0.0975609756097561
        ]
      ],