{
  "14": {
    "original": {
      "clean_topk": [
        [
          1,
          0.3963963963963964
        ],
        [
          2,
          0.46846846846846846
        ],
        [
          3,
          0.5345345345345346
        ]
      ],
      "clean_rank_list": [
        0,
        0,
        0,
        52,
        70,
        0,
        20,
        127,
        0,
        4,
        0,
        1051,
        253,
        12,
        0,
        331,
        0,
        13,
        0,
        2,
        41,
        4,
        0,
        2,
        0,
        2,
        3,
        780,
        5,
        7,
        0,
        0,
        6,
        899,
        13,
        26,
        0,
        0,
        0,
        0,
        7,
        3,
        0,
        15,
        0,
        2,
        101,
        0,
        33,
        2,
        0,
        0,
        2,
        5,
        0,
        0,
        0,
        2,
        1,
        9,
        1808,
        488,
        4,
        2,
        2,
        31,
        0,
        0,
        3,
        2,
        0,
        1,
        1,
        3,
        1,
        0,
        49,
        157,
        0,
        45,
        5,
        0,
        0,
        979,
        0,
        0,
        72,
        104,
        12,
        0,
        3,
        0,
        1,
        4,
        615,
        0,
        0,
        0,
        127,
        47,
        212,
        14,
        316,
        0,
        1,
        1,
        12,
        0,
        0,
        0,
        0,
        0,
        10,
        0,
        18,
        0,
        56,
        0,
        67,
        0,
        780,
        6,
        0,
        0,
        0,
        0,
        0,
        1,
        0,
        2,
        0,
        0,
        178,
        0,
        0,
        12,
        0,
        0,
        2,
        6,
        4272,
        10,
        136,
        1,
        13,
        86,
        52,
        5,
        1623,
        215,
        0,
        0,
        0,
        0,
        58,
        0,
        7,
        28,
        0,
        0,
        2,
        188,
        0,
        3,
        6,
        264,
        168,
        0,
        0,
        0,
        1,
        89,
        27,
        0,
        0,
        0,
        6,
        0,
        2,
        16,
        0,
        104,
        0,
        55,
        0,
        35,
        0,
        19,
        0,
        0,
        0,
        0,
        32,
        0,
        0,
        1,
        0,
        505,
        3,
        0,
        4,
        68,
        12,
        0,
        0,
        0,
        5,
        263,
        6,
        966,
        4,
        0,
        0,
        1,
        0,
        0,
        7,
        0,
        1,
        10,
        291,
        2,
        2,
        0,
        106,
        79,
        0,
        13,
        41,
        3,
        2,
        9,
        0,
        18,
        0,
        0,
        8,
        0,
        0,
        1587,
        2,
        0,
        0,
        66,
        0,
        3,
        0,
        6,
        3,
        0,
        0,
        2,
        1914,
        26,
        37,
        0,
        569,
        3,
        1,
        2,
        4,
        451,
        0,
        14,
        0,
        977,
        0,
        49,
        8,
        201,
        57,
        83,
        0,
        20,
        33,
        1,
        0,
        2,
        0,
        9,
        0,
        1,
        26,
        0,
        1,
        0,
        0,
        286,
        35,
        0,
        49,
        110,
        16,
        1,
        0,
        34,
        981,
        69,
        0,
        0,
        1,
        1,
        11,
        29,
        1464,
        1,
        18,
        358,
        8,
        0,
        3,
        24,
        0,
        0,
        0,
        843,
        0,
        0,
        0,
        43,
        585,
        3,
        12,
        675,
        67,
        0,
        74,
        1,
        1,
        5,
        1,
        2,
        9
      ],
      "intervention_topk": [
        [
          1,
          0.6876876876876877
        ],
        [
          2,
          0.8108108108108109
        ],
        [
          3,
          0.8588588588588588
        ]
      ],