{
  "14": {
    "original": {
      "clean_topk": [
        [
          1,
          0.0
        ],
        [
          2,
          0.002976190476190476
        ],
        [
          3,
          0.002976190476190476
        ]
      ],
      "clean_rank_list": [
        109,
        127,
        340,
        586,
        105,
        344,
        240,
        2931,
        182,
        312,
        23,
        345,
        1146,
        9,
        167,
        120,
        358,
        244,
        112,
        130,
        135,
        23,
        1170,
        50,
        80,
        931,
        40,
        22,
        19,
        36,
        32,
        930,
        22,
        33,
        226,
        69,
        307,
        562,
        22,
        149,
        171,
        1132,
        147,
        22,
        55,
        137,
        11,
        81,
        82,
        66,
        351,
        1312,
        159,
        35,
        443,
        7,
        72,
        138,
        6,
        244,
        66,
        458,
        100,
        274,
        20,
        173,
        339,
        41,
        134,
        1418,
        762,
        64,
        758,
        74,
        51,
        2461,
        62,
        245,
        368,
        2310,
        514,
        173,
        181,
        12,
        17,
        12,
        1480,
        459,
        128,
        28,
        15,
        70,
        912,
        351,
        732,
        465,
        247,
        63,
        834,
        30,
        551,
        111,
        169,
        366,
        212,
        54,
        130,
        1839,
        1798,
        49,
        1,
        10,
        929,
        670,
        21,
        2283,
        93,
        34,
        1607,
        675,
        102,
        152,
        59,
        198,
        363,
        89,
        978,
        865,
        396,
        57,
        569,
        449,
        61,
        2598,
        141,
        1144,
        81,
        535,
        1046,
        1683,
        65,
        36,
        422,
        208,
        171,
        5232,
        1130,
        3448,
        147,
        52,
        342,
        17,
        23,
        116,
        806,
        2422,
        162,
        50,
        183,
        4138,
        2126,
        72,
        3027,
        185,
        199,
        298,
        23,
        105,
        491,
        136,
        28,
        4,
        569,
        197,
        46,
        188,
        197,
        99,
        191,
        3422,
        30,
        355,
        77,
        632,
        51,
        2080,
        309,
        200,
        100,
        10,
        568,
        4,
        267,
        220,
        1166,
        216,
        684,
        26,
        150,
        314,
        169,
        83,
        293,
        944,
        202,
        236,
        19,
        138,
        28,
        66,
        104,
        377,
        7032,
        481,
        141,
        435,
        459,
        408,
        713,
        103,
        146,
        25,
        574,
        8,
        107,
        964,
        1980,
        263,
        178,
        9,
        6,
        1077,
        491,
        88,
        498,
        483,
        99,
        690,
        42,
        130,
        42,
        340,
        1776,
        170,
        245,
        351,
        27,
        1916,
        283,
        1316,
        219,
        94,
        30,
        375,
        97,
        99,
        2545,
        25,
        167,
        366,
        569,
        442,
        1297,
        80,
        229,
        137,
        535,
        6,
        637,
        28,
        3,
        269,
        201,
        883,
        1146,
        371,
        48,
        825,
        83,
        186,
        134,
        264,
        35,
        255,
        22,
        6774,
        1800,
        1055,
        189,
        1394,
        60,
        106,
        20,
        27,
        96,
        1804,
        412,
        24,
        7,
        26,
        99,
        95,
        804,
        20,
        310,
        68,
        214,
        30,
        2532,
        26,
        191,
        45,
        297,
        89,
        98,
        885,
        435,
        10,
        109,
        426,
        2516,
        1321,
        2010,
        1563,
        929,
        94,
        13,
        1038,
        1127,
        84,
        144,
        4567,
        72,
        2990,
        25,
        118
      ],
      "intervention_topk": [
        [
          1,
          0.35119047619047616
        ],
        [
          2,
          0.6220238095238095
        ],
        [
          3,
          0.6934523809523809
        ]
      ],