{
  "14": {
    "original": {
      "clean_topk": [
        [
          1,
          0.3871951219512195
        ],
        [
          2,
          0.4969512195121951
        ],
        [
          3,
          0.5304878048780488
        ]
      ],
      "clean_rank_list": [
        8,
        1,
        1,
        0,
        2,
        0,
        0,
        0,
        5,
        18,
        0,
        0,
        784,
        19,
        5,
        0,
        0,
        0,
        368,
        612,
        7,
        2,
        1,
        0,
        19,
        0,
        23,
        0,
        1,
        21,
        44,
        71,
        0,
        21,
        0,
        1,
        0,
        13,
        1,
        0,
        1,
        1626,
        4,
        0,
        1,
        2,
        0,
        0,
        14,
        0,
        311,
        63,
        68,
        0,
        0,
        42,
        0,
        50,
        26,
        254,
        0,
        6,
        0,
        11,
        3,
        13,
        10,
        6,
        20,
        0,
        4,
        0,
        0,
        4,
        100,
        114,
        0,
        400,
        0,
        1416,
        0,
        17,
        0,
        59,
        0,
        4,
        1,
        26,
        2,
        3565,
        5,
        1,
        4135,
        0,
        0,
        12,
        0,
        2,
        0,
        0,
        0,
        0,
        17,
        0,
        0,
        135,
        142,
        0,
        0,
        2,
        24,
        0,
        0,
        0,
        0,
        0,
        3,
        3,
        1,
        0,
        0,
        9,
        164,
        0,
        0,
        0,
        1,
        79,
        1,
        13,
        11,
        0,
        0,
        1,
        1,
        565,
        2,
        9,
        1,
        0,
        0,
        0,
        0,
        229,
        0,
        43,
        0,
        0,
        0,
        1,
        0,
        47,
        223,
        0,
        122,
        109,
        547,
        17,
        4,
        50,
        3,
        255,
        18,
        0,
        71,
        530,
        51,
        905,
        0,
        0,
        0,
        1,
        0,
        182,
        0,
        7,
        90,
        0,
        1,
        527,
        1,
        0,
        186,
        0,
        36,
        1,
        0,
        0,
        368,
        41,
        0,
        266,
        0,
        0,
        0,
        3,
        17,
        43,
        0,
        67,
        0,
        0,
        0,
        0,
        0,
        0,
        1,
        4,
        0,
        21,
        1,
        78,
        206,
        6,
        0,
        2,
        4,
        0,
        0,
        170,
        0,
        242,
        562,
        70,
        18,
        0,
        40,
        9,
        0,
        0,
        0,
        18,
        15,
        0,
        3,
        24,
        11,
        0,
        200,
        1,
        213,
        6,
        5,
        0,
        50,
        1356,
        0,
        435,
        1,
        1802,
        0,
        0,
        4,
        1,
        41,
        0,
        45,
        255,
        1,
        1,
        174,
        1,
        8,
        4,
        1,
        0,
        650,
        112,
        4,
        2,
        51,
        0,
        53,
        43,
        39,
        1,
        0,
        0,
        2,
        699,
        15,
        1,
        160,
        0,
        1,
        79,
        91,
        31,
        446,
        577,
        0,
        95,
        0,
        0,
        0,
        25,
        5,
        6,
        0,
        441,
        0,
        0,
        451,
        26,
        0,
        0,
        1,
        900,
        0,
        20,
        139,
        17,
        37,
        0,
        0,
        0,
        0,
        20,
        2,
        0,
        138,
        0,
        0,
        32,
        1,
        1,
        20,
        0
      ],
      "intervention_topk": [
        [
          1,
          0.7042682926829268
        ],
        [
          2,
          0.8445121951219512
        ],
        [
          3,
          0.8780487804878049
        ]
      ],
      "intervention_rank_list": [
        0,
        0,
        0,
        0,
        0,
        0,
        0,
        0,
        3,
        0,
        0,
        0,
        9,
        4,
        0,
        0,
        0,
        0,
        2,
        11,
        0,
        0,
        1,
        0,
        1,
        0,
        0,
        0,
        0,
        6,
        2,
        1,
        0,
        0,
        0,
        0,
        0,
        1,
        0,
        0,
        1,
        106,
        1,
        0,
        1,
        0,
        0,
        0,
        0,
        0,
        2,
        0,
        8,
        0,
        0,
        0,
        0,
        0,
        0,
        0,
        0,
        0,
        0,
        0,
        0,
        0,
        0,
        0,
        0,
        1,
        0,
        0,
        0,
        0,
        4,
        1,
        0,
        0,
        0,
        174,
        0,
        0,
        0,
        0,
        0,
        0,
        0,
        6,
        1,
        37,
        0,
        0,
        76,
        0,
        0,
        0,
        0,
        0,
        0,
        0,
        0,
        0,
        1,
        0,
        0,
        7,
        2,
        0,
        0,
        1,
        1,
        0,
        0,
        0,
        0,
        0,
        0,
        3,
        0,
        0,
        0,
        0,
        0,
        0,
        0,
        1,
        0,
        8,
        1,
        0,
        0,
        0,
        0,
        2,
        1,
        1,
        0,
        1,
        0,
        0,
        0,
        0,
        0,
        16,
        0,
        0,
        0,
        0,
        0,
        0,
        0,
        0,
        4,
        0,
        0,
        0,
        100,
        1,
        1,
        1,
        1,
        39,
        0,
        1,
        0,
        1,
        7,
        127,
        0,
        0,
        0,
        0,
        0,
        3,
        0,
        4,
        0,
        0,
        0,
        59,
        0,
        0,
        3,
        0,
        0,
        0,
        0,
        0,
        4,
        0,
        0,
        3,
        0,
        0,
        0,
        0,
        0,
        0,
        0,
        0,
        0,
        0,
        0,
        0,
        0,
        0,
        1,
        0,
        0,
        0,
        1,
        0,
        2,
        1,
        0,
        0,
        1,
        0,
        0,
        18,
        0,
        0,
        1,
        0,
        0,
        0,
        0,
        0,
        0,
        0,
        0,
        2,
        4,
        0,
        0,
        1,
        0,
        0,
        1,
        0,
        1,
        0,
        0,
        0,
        0,
        12,
        0,
        0,
        0,
        8,
        0,
        0,
        1,
        0,
        0,
        0,
        1,
        24,
        1,
        0,
        0,
        0,
        0,
        0,
        0,
        0,
        3,
        1,
        1,
        0,
        0,
        0,
        0,
        5,
        1,
        0,
        0,
        0,
        0,
        1,
        0,
        0,
        2,
        0,
        1,
        6,
        0,
        0,
        20,
        42,
        0,
        0,
        0,
        0,
        0,
        0,
        0,
        1,
        0,
        4,
        0,
        0,
        2,
        0,
        0,
        0,
        0,
        100,
        0,
        0,
        1,
        3,
        1,
        1,
        0,
        0,
        0,
        2,
        0,
        0,
        0,
        0,
        0,
        2,
        0,
        1,
        1,
        0
      ]
    },