{
  "14": {
    "original": {
      "clean_topk": [
        [
          1,
          0.4166666666666667
        ],
        [
          2,
          0.4851190476190476
        ],
        [
          3,
          0.5029761904761905
        ]
      ],
      "clean_rank_list": [
        151,
        19,
        34,
        0,
        1,
        2633,
        0,
        250,
        0,
        0,
        0,
        0,
        4,
        0,
        0,
        0,
        0,
        0,
        2,
        0,
        6,
        1,
        0,
        5,
        0,
        24,
        0,
        9,
        0,
        1,
        24,
        7,
        37,
        0,
        20,
        5,
        26,
        0,
        0,
        40,
        19,
        51,
        0,
        10,
        0,
        50,
        0,
        0,
        0,
        0,
        1,
        0,
        54,
        6,
        0,
        993,
        0,
        32,
        19,
        0,
        140,
        80,
        0,
        15,
        0,
        0,
        13,
        0,
        76,
        34,
        0,
        0,
        5,
        0,
        0,
        1566,
        1,
        446,
        89,
        78,
        0,
        24,
        145,
        14,
        0,
        0,
        133,
        3,
        0,
        0,
        3,
        0,
        1,
        0,
        10,
        41,
        61,
        0,
        23,
        0,
        1,
        1,
        5,
        0,
        21,
        0,
        3,
        25,
        3,
        1290,
        888,
        4,
        0,
        940,
        0,
        56,
        5,
        1,
        1636,
        123,
        1,
        1,
        6,
        0,
        1,
        561,
        12,
        2,
        0,
        0,
        55,
        118,
        7,
        563,
        9,
        1659,
        0,
        13,
        19,
        4,
        0,
        19,
        840,
        174,
        0,
        162,
        31,
        33,
        0,
        0,
        0,
        0,
        6,
        73,
        104,
        6,
        269,
        0,
        19,
        1236,
        5,
        0,
        17,
        0,
        2,
        0,
        21,
        0,
        0,
        107,
        0,
        0,
        0,
        0,
        118,
        247,
        68,
        6,
        0,
        1305,
        0,
        159,
        0,
        14,
        0,
        4,
        1,
        1,
        0,
        0,
        0,
        2,
        4,
        253,
        112,
        157,
        365,
        0,
        0,
        2,
        232,
        0,
        3,
        6,
        106,
        113,
        0,
        0,
        0,
        0,
        0,
        88,
        406,
        3,
        1,
        59,
        0,
        3,
        0,
        44,
        1,
        0,
        0,
        0,
        3,
        952,
        0,
        0,
        0,
        0,
        2,
        0,
        68,
        4,
        150,
        5,
        0,
        0,
        3,
        0,
        0,
        5,
        0,
        0,
        50,
        0,
        0,
        35,
        15,
        209,
        166,
        0,
        4,
        0,
        0,
        0,
        0,
        0,
        1,
        1,
        596,
        72,
        15,
        0,
        7,
        12,
        1099,
        431,
        278,
        0,
        66,
        0,
        0,
        450,
        214,
        4,
        17,
        15,
        88,
        13,
        0,
        342,
        0,
        1,
        0,
        0,
        0,
        41,
        0,
        0,
        1,
        0,
        0,
        0,
        100,
        0,
        3,
        0,
        6,
        0,
        0,
        4,
        0,
        0,
        5,
        0,
        24,
        3,
        167,
        0,
        0,
        0,
        0,
        17,
        0,
        51,
        137,
        0,
        4,
        1,
        16,
        1,
        683,
        102,
        19,
        55,
        0,
        3406,
        26,
        761,
        0,
        17,
        0,
        0,
        3,
        1
      ],
      "intervention_topk": [
        [
          1,
          0.7321428571428571
        ],
        [
          2,
          0.8244047619047619
        ],
        [
          3,
          0.8452380952380952
        ]
      ],