{
  "14": {
    "original": {
      "clean_topk": [
        [
          1,
          0.0
        ],
        [
          2,
          0.003048780487804878
        ],
        [
          3,
          0.003048780487804878
        ]
      ],
      "clean_rank_list": [
        96,
        48,
        3027,
        22,
        17,
        29,
        216,
        363,
        826,
        39,
        37,
        491,
        658,
        100,
        195,
        3,
        26,
        98,
        2955,
        3877,
        245,
        128,
        99,
        120,
        1463,
        4163,
        212,
        59,
        125,
        368,
        1256,
        146,
        263,
        291,
        157,
        222,
        541,
        540,
        52,
        586,
        352,
        670,
        449,
        1278,
        282,
        92,
        15,
        28,
        66,
        26,
        1007,
        290,
        566,
        675,
        24,
        2001,
        208,
        255,
        63,
        3798,
        28,
        32,
        1967,
        171,
        182,
        126,
        27,
        16,
        566,
        131,
        442,
        1563,
        5,
        51,
        1314,
        4567,
        241,
        59,
        342,
        1324,
        78,
        173,
        17,
        7,
        15,
        891,
        85,
        270,
        498,
        1316,
        47,
        2577,
        3967,
        46,
        71,
        795,
        928,
        1316,
        71,
        6,
        31,
        883,
        284,
        4,
        354,
        994,
        125,
        1484,
        46,
        1213,
        247,
        69,
        81,
        38,
        81,
        170,
        1598,
        116,
        192,
        60,
        53,
        430,
        23,
        41,
        159,
        57,
        105,
        2283,
        141,
        124,
        2431,
        202,
        49,
        117,
        1176,
        223,
        202,
        111,
        308,
        78,
        211,
        48,
        187,
        2182,
        19,
        157,
        366,
        57,
        51,
        4220,
        441,
        487,
        389,
        16,
        931,
        9,
        800,
        118,
        955,
        177,
        103,
        35,
        1274,
        395,
        347,
        296,
        906,
        974,
        286,
        76,
        353,
        151,
        50,
        2109,
        620,
        17,
        292,
        39,
        912,
        268,
        2516,
        366,
        428,
        32,
        618,
        1123,
        27,
        22,
        25,
        702,
        3654,
        50,
        66,
        191,
        69,
        370,
        159,
        270,
        2301,
        118,
        1,
        50,
        63,
        46,
        92,
        197,
        2598,
        188,
        312,
        269,
        229,
        96,
        41,
        1821,
        174,
        72,
        307,
        18,
        622,
        548,
        38,
        167,
        218,
        94,
        26,
        1653,
        135,
        70,
        66,
        111,
        1146,
        1848,
        935,
        36,
        1123,
        468,
        109,
        77,
        3434,
        119,
        455,
        427,
        40,
        70,
        558,
        381,
        594,
        737,
        19,
        69,
        67,
        194,
        168,
        74,
        37,
        106,
        84,
        1721,
        1135,
        373,
        26,
        439,
        213,
        651,
        55,
        16,
        960,
        543,
        1184,
        283,
        143,
        216,
        191,
        1807,
        1709,
        322,
        210,
        111,
        360,
        130,
        30,
        196,
        366,
        97,
        4,
        313,
        282,
        151,
        846,
        289,
        43,
        939,
        33,
        112,
        76,
        1798,
        128,
        311,
        22,
        210,
        84,
        29,
        72,
        834,
        77,
        24,
        64,
        746,
        22,
        170,
        291,
        805,
        1745,
        1871,
        220,
        149,
        25,
        683,
        32,
        87,
        19,
        127,
        71,
        1284,
        231,
        4464,
        119,
        67
      ],
      "intervention_topk": [
        [
          1,
          0.3475609756097561
        ],
        [
          2,
          0.573170731707317
        ],
        [
          3,
          0.6585365853658537
        ]
      ],