{
  "14": {
    "original": {
      "clean_topk": [
        [
          1,
          0.0
        ],
        [
          2,
          0.003003003003003003
        ],
        [
          3,
          0.009009009009009009
        ]
      ],
      "clean_rank_list": [
        36,
        17,
        55,
        487,
        194,
        51,
        58,
        194,
        15,
        244,
        94,
        1687,
        634,
        1653,
        96,
        43,
        924,
        67,
        157,
        28,
        148,
        827,
        30,
        47,
        100,
        208,
        941,
        781,
        329,
        661,
        186,
        94,
        38,
        1252,
        86,
        312,
        163,
        175,
        114,
        22,
        399,
        2001,
        35,
        257,
        770,
        55,
        2618,
        5,
        51,
        132,
        708,
        981,
        3,
        257,
        19,
        308,
        1678,
        128,
        63,
        281,
        483,
        16,
        2577,
        55,
        28,
        591,
        108,
        87,
        122,
        50,
        1480,
        2,
        141,
        49,
        14,
        1171,
        1910,
        503,
        586,
        77,
        226,
        335,
        171,
        1007,
        31,
        13,
        410,
        67,
        20,
        368,
        12,
        14,
        1046,
        848,
        1789,
        42,
        189,
        430,
        6,
        389,
        7,
        25,
        467,
        285,
        350,
        4138,
        210,
        65,
        2114,
        363,
        375,
        600,
        71,
        181,
        61,
        364,
        65,
        33,
        624,
        42,
        4155,
        4220,
        19,
        1,
        35,
        566,
        41,
        231,
        113,
        81,
        173,
        49,
        468,
        182,
        20,
        110,
        440,
        35,
        130,
        1170,
        83,
        350,
        287,
        52,
        17,
        412,
        191,
        142,
        558,
        2080,
        74,
        77,
        11,
        103,
        1516,
        454,
        942,
        103,
        297,
        226,
        279,
        519,
        127,
        17,
        78,
        57,
        1563,
        269,
        1505,
        195,
        1745,
        192,
        1784,
        60,
        70,
        17,
        1144,
        38,
        7,
        2772,
        98,
        1783,
        2301,
        2545,
        1798,
        36,
        72,
        3628,
        96,
        25,
        128,
        112,
        1314,
        228,
        24,
        40,
        281,
        339,
        3798,
        620,
        803,
        31,
        131,
        19,
        49,
        5,
        110,
        165,
        1278,
        243,
        1146,
        216,
        2942,
        41,
        15,
        71,
        490,
        159,
        1055,
        196,
        286,
        145,
        208,
        59,
        548,
        181,
        83,
        23,
        147,
        37,
        307,
        1551,
        138,
        295,
        1263,
        74,
        740,
        4,
        104,
        1653,
        931,
        4771,
        526,
        311,
        2883,
        289,
        1123,
        21,
        105,
        136,
        1095,
        569,
        2159,
        6118,
        190,
        22,
        675,
        162,
        31,
        2532,
        172,
        3242,
        144,
        81,
        187,
        163,
        81,
        55,
        69,
        164,
        2461,
        111,
        1352,
        28,
        1231,
        637,
        36,
        362,
        23,
        561,
        48,
        27,
        242,
        125,
        229,
        314,
        23,
        491,
        612,
        2,
        883,
        1545,
        118,
        1009,
        50,
        189,
        291,
        237,
        1430,
        399,
        45,
        20,
        33,
        124,
        102,
        1488,
        51,
        210,
        11,
        422,
        60,
        246,
        217,
        204,
        676,
        125,
        171,
        223,
        26,
        2725,
        3336,
        271,
        272,
        581,
        3199,
        9,
        3,
        393,
        43,
        47,
        134,
        2376,
        895
      ],
      "intervention_topk": [
        [
          1,
          0.3213213213213213
        ],
        [
          2,
          0.5645645645645646
        ],
        [
          3,
          0.6216216216216216
        ]
      ],