{
  "17": {
    "original": {
      "clean_topk": [
        [
          1,
          0.034482758620689655
        ],
        [
          2,
          0.034482758620689655
        ],
        [
          3,
          0.034482758620689655
        ]
      ],
      "clean_rank_list": [
        114,
        620,
        232,
        182,
        88,
        285,
        52,
        207,
        134,
        9,
        59,
        309,
        80,
        48,
        108,
        219,
        133,
        51,
        0,
        481,
        169,
        16,
        169,
        0,
        81,
        3,
        90,
        347,
        131,
        73,
        35,
        274,
        74,
        44,
        50,
        8401,
        143,
        524,
        100,
        71,
        137,
        113,
        10,
        53,
        58,
        30,
        134,
        122,
        25,
        44,
        3963,
        18,
        2670,
        15,
        406,
        271,
        346,
        99
      ],
      "intervention_topk": [
        [
          1,
          0.15517241379310345
        ],
        [
          2,
          0.8793103448275862
        ],
        [
          3,
          0.9310344827586207
        ]
      ],
      "intervention_rank_list": [
        1,
        1,
        1,
        1,
        1,
        1,
        1,
        1,
        1,
        1,
        0,
        1,
        1,
        1,
        1,
        1,
        1,
        1,
        0,
        1,
        1,
        1,
        2,
        0,
        1,
        0,
        2,
        3,
        1,
        1,
        1,
        1,
        1,
        1,
        1,
        474,
        1,
        2,
        1,
        1,
        1,
        1,
        1,
        0,
        1,
        1,
        1,
        1,
        1,
        0,
        59,
        0,
        3,
        0,
        1,
        1,
        1,
        0
      ]
    },
    "centred": {
      "clean_topk": [
        [
          1,
          0.034482758620689655
        ],
        [
          2,
          0.034482758620689655
        ],
        [
          3,
          0.034482758620689655
        ]
      ],
      "clean_rank_list": [
        114,
        620,
        232,
        182,
        88,
        285,
        52,
        207,
        134,
        9,
        59,
        309,
        80,
        48,
        108,
        219,
        133,
        51,
        0,
        481,
        169,
        16,
        169,
        0,
        81,
        3,
        90,
        347,
        131,
        73,
        35,
        274,
        74,
        44,
        50,
        8401,
        143,
        524,
        100,
        71,
        137,
        113,
        10,
        53,
        58,
        30,
        134,
        122,
        25,
        44,
        3963,
        18,
        2670,
        15,
        406,
        271,
        346,
        99
      ],
      "intervention_topk": [
        [
          1,
          0.29310344827586204
        ],
        [
          2,
          0.9137931034482759
        ],
        [
          3,
          0.9482758620689655
        ]
      ],
      "intervention_rank_list": [
        0,
        1,
        1,
        0,
        1,
        0,
        1,
        1,
        1,
        1,
        0,
        1,
        1,
        1,
        1,
        1,
        1,
        1,
        0,
        1,
        1,
        1,
        1,
        0,
        0,
        0,
        1,
        1,
        1,
        1,
        1,
        2,
        1,
        1,
        1,
        98,
        1,
        2,
        0,
        1,
        1,
        0,
        1,
        0,
        1,
        1,
        1,
        0,
        1,
        0,
        35,
        0,
        3,
        0,
        1,
        0,
        1,
        0
      ]
    }
  },
  "18": {
    "original": {
      "clean_topk": [
        [
          1,
          0.034482758620689655
        ],
        [
          2,
          0.034482758620689655
        ],
        [
          3,
          0.034482758620689655
        ]
      ],
      "clean_rank_list": [
        114,
        620,
        232,
        182,
        88,
        285,
        52,
        207,
        134,
        9,
        59,
        309,
        80,
        48,
        108,
        219,
        133,
        51,
        0,
        481,
        169,
        16,
        169,
        0,
        81,
        3,
        90,
        347,
        131,
        73,
        35,
        274,
        74,
        44,
        50,
        8401,
        143,
        524,
        100,
        71,
        137,
        113,
        10,
        53,
        58,
        30,
        134,
        122,
        25,
        44,
        3963,
        18,
        2670,
        15,
        406,
        271,
        346,
        99
      ],
      "intervention_topk": [
        [
          1,
          0.22413793103448276
        ],
        [
          2,
          0.8620689655172413
        ],
        [
          3,
          0.9310344827586207
        ]
      ],
      "intervention_rank_list": [
        1,
        1,
        1,
        1,
        1,
        1,
        1,
        1,
        1,
        1,
        0,
        1,
        1,
        1,
        1,
        1,
        1,
        1,
        0,
        1,
        1,
        0,
        1,
        0,
        0,
        0,
        2,
        2,
        1,
        1,
        2,
        3,
        1,
        1,
        1,
        267,
        1,
        2,
        1,
        1,
        1,
        1,
        1,
        0,
        1,
        1,
        1,
        1,
        0,
        0,
        31,
        0,
        3,
        0,
        1,
        0,
        1,
        0
      ]
    },
    "centred": {
      "clean_topk": [
        [
          1,
          0.034482758620689655
        ],
        [
          2,
          0.034482758620689655
        ],
        [
          3,
          0.034482758620689655
        ]
      ],
      "clean_rank_list": [
        114,
        620,
        232,
        182,
        88,
        285,
        52,
        207,
        134,
        9,
        59,
        309,
        80,
        48,
        108,
        219,
        133,
        51,
        0,
        481,
        169,
        16,
        169,
        0,
        81,
        3,
        90,
        347,
        131,
        73,
        35,
        274,
        74,
        44,
        50,
        8401,
        143,
        524,
        100,
        71,
        137,
        113,
        10,
        53,
        58,
        30,
        134,
        122,
        25,
        44,
        3963,
        18,
        2670,
        15,
        406,
        271,
        346,
        99
      ],
      "intervention_topk": [
        [
          1,
          0.27586206896551724
        ],
        [
          2,
          0.9137931034482759
        ],
        [
          3,
          0.9310344827586207
        ]
      ],
      "intervention_rank_list": [
        1,
        1,
        1,
        0,
        1,
        1,
        1,
        1,
        1,
        0,
        0,
        1,
        1,
        1,
        1,
        1,
        1,
        1,
        0,
        1,
        1,
        0,
        0,
        0,
        0,
        0,
        1,
        1,
        1,
        1,
        1,
        4,
        1,
        1,
        1,
        157,
        1,
        2,
        0,
        1,
        1,
        1,
        1,
        0,
        1,
        1,
        1,
        0,
        1,
        0,
        40,
        0,
        5,
        0,
        1,
        0,
        1,
        1
      ]
    }
  }
}