{
  "17": {
    "original": {
      "clean_topk": [
        [
          1,
          0.03508771929824561
        ],
        [
          2,
          0.03508771929824561
        ],
        [
          3,
          0.03508771929824561
        ]
      ],
      "clean_rank_list": [
        628,
        45,
        207,
        131,
        111,
        113,
        59,
        181,
        36,
        52,
        1192,
        67,
        5159,
        235,
        151,
        246,
        14,
        66,
        120,
        129,
        68,
        632,
        27,
        20,
        1261,
        165,
        34,
        0,
        0,
        114,
        275,
        549,
        2645,
        85,
        120,
        32,
        82,
        2954,
        428,
        40,
        51,
        209,
        21,
        22,
        45,
        108,
        13,
        28,
        88,
        30,
        309,
        134,
        242,
        299,
        7,
        60,
        586
      ],
      "intervention_topk": [
        [
          1,
          0.14035087719298245
        ],
        [
          2,
          0.8596491228070176
        ],
        [
          3,
          0.8947368421052632
        ]
      ],
      "intervention_rank_list": [
        1,
        1,
        1,
        1,
        1,
        1,
        1,
        0,
        0,
        1,
        2,
        1,
        24,
        1,
        1,
        1,
        1,
        1,
        1,
        2,
        1,
        1,
        1,
        0,
        23,
        1,
        0,
        0,
        0,
        1,
        1,
        15,
        15,
        1,
        1,
        0,
        1,
        74,
        1,
        1,
        1,
        1,
        1,
        1,
        1,
        1,
        1,
        0,
        1,
        1,
        1,
        1,
        1,
        1,
        1,
        3,
        1
      ]
    },
    "centred": {
      "clean_topk": [
        [
          1,
          0.03508771929824561
        ],
        [
          2,
          0.03508771929824561
        ],
        [
          3,
          0.03508771929824561
        ]
      ],
      "clean_rank_list": [
        628,
        45,
        207,
        131,
        111,
        113,
        59,
        181,
        36,
        52,
        1192,
        67,
        5159,
        235,
        151,
        246,
        14,
        66,
        120,
        129,
        68,
        632,
        27,
        20,
        1261,
        165,
        34,
        0,
        0,
        114,
        275,
        549,
        2645,
        85,
        120,
        32,
        82,
        2954,
        428,
        40,
        51,
        209,
        21,
        22,
        45,
        108,
        13,
        28,
        88,
        30,
        309,
        134,
        242,
        299,
        7,
        60,
        586
      ],
      "intervention_topk": [
        [
          1,
          0.19298245614035087
        ],
        [
          2,
          0.8947368421052632
        ],
        [
          3,
          0.9122807017543859
        ]
      ],
      "intervention_rank_list": [
        1,
        1,
        1,
        1,
        0,
        1,
        1,
        0,
        1,
        1,
        1,
        1,
        16,
        1,
        1,
        1,
        0,
        1,
        1,
        2,
        1,
        1,
        0,
        0,
        13,
        1,
        0,
        0,
        0,
        1,
        1,
        4,
        6,
        1,
        1,
        0,
        1,
        52,
        1,
        1,
        1,
        1,
        1,
        0,
        1,
        1,
        1,
        0,
        1,
        1,
        1,
        1,
        1,
        1,
        1,
        1,
        1
      ]
    }
  },
  "18": {
    "original": {
      "clean_topk": [
        [
          1,
          0.03508771929824561
        ],
        [
          2,
          0.03508771929824561
        ],
        [
          3,
          0.03508771929824561
        ]
      ],
      "clean_rank_list": [
        628,
        45,
        207,
        131,
        111,
        113,
        59,
        181,
        36,
        52,
        1192,
        67,
        5159,
        235,
        151,
        246,
        14,
        66,
        120,
        129,
        68,
        632,
        27,
        20,
        1261,
        165,
        34,
        0,
        0,
        114,
        275,
        549,
        2645,
        85,
        120,
        32,
        82,
        2954,
        428,
        40,
        51,
        209,
        21,
        22,
        45,
        108,
        13,
        28,
        88,
        30,
        309,
        134,
        242,
        299,
        7,
        60,
        586
      ],
      "intervention_topk": [
        [
          1,
          0.21052631578947367
        ],
        [
          2,
          0.8421052631578947
        ],
        [
          3,
          0.8947368421052632
        ]
      ],
      "intervention_rank_list": [
        1,
        1,
        1,
        1,
        0,
        1,
        1,
        0,
        0,
        1,
        1,
        1,
        23,
        1,
        1,
        1,
        1,
        1,
        1,
        1,
        1,
        2,
        0,
        0,
        42,
        1,
        0,
        0,
        0,
        1,
        4,
        16,
        20,
        1,
        1,
        0,
        1,
        78,
        2,
        1,
        1,
        1,
        1,
        0,
        1,
        1,
        1,
        0,
        1,
        1,
        1,
        1,
        1,
        1,
        0,
        2,
        1
      ]
    },
    "centred": {
      "clean_topk": [
        [
          1,
          0.03508771929824561
        ],
        [
          2,
          0.03508771929824561
        ],
        [
          3,
          0.03508771929824561
        ]
      ],
      "clean_rank_list": [
        628,
        45,
        207,
        131,
        111,
        113,
        59,
        181,
        36,
        52,
        1192,
        67,
        5159,
        235,
        151,
        246,
        14,
        66,
        120,
        129,
        68,
        632,
        27,
        20,
        1261,
        165,
        34,
        0,
        0,
        114,
        275,
        549,
        2645,
        85,
        120,
        32,
        82,
        2954,
        428,
        40,
        51,
        209,
        21,
        22,
        45,
        108,
        13,
        28,
        88,
        30,
        309,
        134,
        242,
        299,
        7,
        60,
        586
      ],
      "intervention_topk": [
        [
          1,
          0.2807017543859649
        ],
        [
          2,
          0.8947368421052632
        ],
        [
          3,
          0.8947368421052632
        ]
      ],
      "intervention_rank_list": [
        1,
        1,
        1,
        1,
        0,
        1,
        0,
        0,
        0,
        1,
        5,
        1,
        37,
        1,
        1,
        1,
        0,
        1,
        1,
        1,
        1,
        1,
        0,
        0,
        24,
        1,
        0,
        0,
        0,
        1,
        1,
        7,
        14,
        1,
        1,
        0,
        1,
        74,
        1,
        1,
        1,
        1,
        1,
        0,
        1,
        1,
        0,
        0,
        1,
        1,
        1,
        1,
        1,
        1,
        0,
        0,
        1
      ]
    }
  }
}