{
  "17": {
    "original": {
      "clean_topk": [
        [
          1,
          0.01694915254237288
        ],
        [
          2,
          0.01694915254237288
        ],
        [
          3,
          0.01694915254237288
        ]
      ],
      "clean_rank_list": [
        61,
        7,
        59,
        490,
        52,
        131,
        9,
        80,
        247,
        24,
        64,
        69,
        15,
        143,
        1261,
        206,
        34,
        53,
        89,
        225,
        19,
        106,
        132,
        925,
        80,
        169,
        46,
        177,
        113,
        227,
        81,
        60,
        347,
        271,
        5,
        59,
        299,
        2224,
        92,
        549,
        32,
        13,
        88,
        913,
        67,
        3488,
        59,
        94,
        3421,
        0,
        61,
        8,
        33,
        100,
        12,
        245,
        274,
        133,
        45
      ],
      "intervention_topk": [
        [
          1,
          0.15254237288135594
        ],
        [
          2,
          0.7966101694915254
        ],
        [
          3,
          0.847457627118644
        ]
      ],
      "intervention_rank_list": [
        1,
        0,
        1,
        2,
        1,
        1,
        1,
        1,
        1,
        0,
        1,
        1,
        1,
        1,
        21,
        2,
        1,
        1,
        0,
        1,
        1,
        1,
        1,
        4,
        1,
        2,
        1,
        1,
        1,
        0,
        1,
        3,
        3,
        1,
        0,
        1,
        1,
        7,
        1,
        11,
        1,
        1,
        1,
        25,
        1,
        13,
        0,
        1,
        19,
        0,
        1,
        0,
        1,
        1,
        0,
        1,
        1,
        1,
        1
      ]
    },
    "centred": {
      "clean_topk": [
        [
          1,
          0.01694915254237288
        ],
        [
          2,
          0.01694915254237288
        ],
        [
          3,
          0.01694915254237288
        ]
      ],
      "clean_rank_list": [
        61,
        7,
        59,
        490,
        52,
        131,
        9,
        80,
        247,
        24,
        64,
        69,
        15,
        143,
        1261,
        206,
        34,
        53,
        89,
        225,
        19,
        106,
        132,
        925,
        80,
        169,
        46,
        177,
        113,
        227,
        81,
        60,
        347,
        271,
        5,
        59,
        299,
        2224,
        92,
        549,
        32,
        13,
        88,
        913,
        67,
        3488,
        59,
        94,
        3421,
        0,
        61,
        8,
        33,
        100,
        12,
        245,
        274,
        133,
        45
      ],
      "intervention_topk": [
        [
          1,
          0.3050847457627119
        ],
        [
          2,
          0.8305084745762712
        ],
        [
          3,
          0.9152542372881356
        ]
      ],
      "intervention_rank_list": [
        1,
        0,
        0,
        2,
        1,
        1,
        1,
        1,
        1,
        0,
        1,
        1,
        1,
        1,
        12,
        2,
        1,
        1,
        0,
        1,
        1,
        1,
        0,
        2,
        1,
        1,
        1,
        0,
        0,
        0,
        0,
        0,
        1,
        0,
        0,
        1,
        1,
        9,
        0,
        2,
        1,
        1,
        1,
        8,
        1,
        17,
        0,
        1,
        19,
        0,
        1,
        0,
        1,
        0,
        0,
        1,
        2,
        1,
        1
      ]
    }
  },
  "18": {
    "original": {
      "clean_topk": [
        [
          1,
          0.01694915254237288
        ],
        [
          2,
          0.01694915254237288
        ],
        [
          3,
          0.01694915254237288
        ]
      ],
      "clean_rank_list": [
        61,
        7,
        59,
        490,
        52,
        131,
        9,
        80,
        247,
        24,
        64,
        69,
        15,
        143,
        1261,
        206,
        34,
        53,
        89,
        225,
        19,
        106,
        132,
        925,
        80,
        169,
        46,
        177,
        113,
        227,
        81,
        60,
        347,
        271,
        5,
        59,
        299,
        2224,
        92,
        549,
        32,
        13,
        88,
        913,
        67,
        3488,
        59,
        94,
        3421,
        0,
        61,
        8,
        33,
        100,
        12,
        245,
        274,
        133,
        45
      ],
      "intervention_topk": [
        [
          1,
          0.1864406779661017
        ],
        [
          2,
          0.7966101694915254
        ],
        [
          3,
          0.8813559322033898
        ]
      ],
      "intervention_rank_list": [
        1,
        0,
        0,
        2,
        1,
        1,
        1,
        1,
        1,
        0,
        1,
        1,
        1,
        1,
        36,
        2,
        1,
        1,
        0,
        2,
        1,
        1,
        0,
        4,
        1,
        2,
        1,
        0,
        1,
        1,
        1,
        1,
        2,
        1,
        0,
        1,
        1,
        15,
        1,
        13,
        1,
        1,
        1,
        30,
        1,
        12,
        0,
        1,
        29,
        0,
        1,
        0,
        1,
        1,
        0,
        1,
        1,
        1,
        1
      ]
    },
    "centred": {
      "clean_topk": [
        [
          1,
          0.01694915254237288
        ],
        [
          2,
          0.01694915254237288
        ],
        [
          3,
          0.01694915254237288
        ]
      ],
      "clean_rank_list": [
        61,
        7,
        59,
        490,
        52,
        131,
        9,
        80,
        247,
        24,
        64,
        69,
        15,
        143,
        1261,
        206,
        34,
        53,
        89,
        225,
        19,
        106,
        132,
        925,
        80,
        169,
        46,
        177,
        113,
        227,
        81,
        60,
        347,
        271,
        5,
        59,
        299,
        2224,
        92,
        549,
        32,
        13,
        88,
        913,
        67,
        3488,
        59,
        94,
        3421,
        0,
        61,
        8,
        33,
        100,
        12,
        245,
        274,
        133,
        45
      ],
      "intervention_topk": [
        [
          1,
          0.3220338983050847
        ],
        [
          2,
          0.8135593220338984
        ],
        [
          3,
          0.864406779661017
        ]
      ],
      "intervention_rank_list": [
        1,
        0,
        0,
        2,
        1,
        1,
        1,
        1,
        1,
        0,
        1,
        1,
        1,
        1,
        17,
        2,
        1,
        1,
        0,
        3,
        1,
        1,
        0,
        3,
        1,
        1,
        1,
        0,
        1,
        0,
        0,
        0,
        1,
        0,
        0,
        1,
        1,
        21,
        0,
        5,
        0,
        0,
        1,
        17,
        1,
        18,
        0,
        1,
        37,
        0,
        1,
        0,
        1,
        0,
        0,
        1,
        2,
        1,
        1
      ]
    }
  }
}