{
  "17": {
    "original": {
      "clean_topk": [
        [
          1,
          0.05084745762711865
        ],
        [
          2,
          0.05084745762711865
        ],
        [
          3,
          0.06779661016949153
        ]
      ],
      "clean_rank_list": [
        549,
        2224,
        73,
        108,
        120,
        10884,
        24,
        149,
        230,
        139,
        134,
        10,
        314,
        39,
        100,
        0,
        25,
        40,
        44,
        54,
        169,
        68,
        620,
        147,
        287,
        207,
        339,
        406,
        505,
        114,
        28,
        129,
        35,
        5159,
        14,
        94,
        53,
        230,
        0,
        0,
        134,
        348,
        428,
        8,
        211,
        235,
        394,
        75,
        36,
        6,
        3421,
        245,
        34,
        178,
        51,
        133,
        347,
        2,
        28
      ],
      "intervention_topk": [
        [
          1,
          0.2033898305084746
        ],
        [
          2,
          0.7966101694915254
        ],
        [
          3,
          0.864406779661017
        ]
      ],
      "intervention_rank_list": [
        12,
        7,
        1,
        1,
        1,
        97,
        0,
        1,
        1,
        1,
        1,
        1,
        1,
        1,
        1,
        0,
        1,
        2,
        1,
        0,
        1,
        1,
        1,
        1,
        1,
        1,
        2,
        1,
        10,
        1,
        1,
        3,
        1,
        22,
        0,
        1,
        1,
        2,
        0,
        0,
        1,
        1,
        1,
        1,
        1,
        1,
        0,
        1,
        0,
        0,
        14,
        1,
        1,
        2,
        0,
        1,
        3,
        0,
        0
      ]
    },
    "centred": {
      "clean_topk": [
        [
          1,
          0.05084745762711865
        ],
        [
          2,
          0.05084745762711865
        ],
        [
          3,
          0.06779661016949153
        ]
      ],
      "clean_rank_list": [
        549,
        2224,
        73,
        108,
        120,
        10884,
        24,
        149,
        230,
        139,
        134,
        10,
        314,
        39,
        100,
        0,
        25,
        40,
        44,
        54,
        169,
        68,
        620,
        147,
        287,
        207,
        339,
        406,
        505,
        114,
        28,
        129,
        35,
        5159,
        14,
        94,
        53,
        230,
        0,
        0,
        134,
        348,
        428,
        8,
        211,
        235,
        394,
        75,
        36,
        6,
        3421,
        245,
        34,
        178,
        51,
        133,
        347,
        2,
        28
      ],
      "intervention_topk": [
        [
          1,
          0.288135593220339
        ],
        [
          2,
          0.8813559322033898
        ],
        [
          3,
          0.8983050847457628
        ]
      ],
      "intervention_rank_list": [
        3,
        6,
        1,
        1,
        1,
        108,
        0,
        1,
        1,
        1,
        1,
        1,
        1,
        0,
        0,
        0,
        1,
        1,
        1,
        0,
        1,
        1,
        1,
        0,
        1,
        1,
        1,
        1,
        4,
        1,
        1,
        1,
        0,
        12,
        0,
        1,
        1,
        2,
        0,
        0,
        1,
        1,
        1,
        0,
        1,
        1,
        0,
        0,
        0,
        1,
        5,
        1,
        1,
        1,
        0,
        1,
        1,
        0,
        0
      ]
    }
  },
  "18": {
    "original": {
      "clean_topk": [
        [
          1,
          0.05084745762711865
        ],
        [
          2,
          0.05084745762711865
        ],
        [
          3,
          0.06779661016949153
        ]
      ],
      "clean_rank_list": [
        549,
        2224,
        73,
        108,
        120,
        10884,
        24,
        149,
        230,
        139,
        134,
        10,
        314,
        39,
        100,
        0,
        25,
        40,
        44,
        54,
        169,
        68,
        620,
        147,
        287,
        207,
        339,
        406,
        505,
        114,
        28,
        129,
        35,
        5159,
        14,
        94,
        53,
        230,
        0,
        0,
        134,
        348,
        428,
        8,
        211,
        235,
        394,
        75,
        36,
        6,
        3421,
        245,
        34,
        178,
        51,
        133,
        347,
        2,
        28
      ],
      "intervention_topk": [
        [
          1,
          0.288135593220339
        ],
        [
          2,
          0.8305084745762712
        ],
        [
          3,
          0.8983050847457628
        ]
      ],
      "intervention_rank_list": [
        12,
        14,
        1,
        1,
        1,
        78,
        0,
        1,
        1,
        1,
        1,
        1,
        1,
        1,
        1,
        0,
        0,
        2,
        1,
        0,
        1,
        1,
        1,
        0,
        1,
        1,
        2,
        1,
        13,
        1,
        1,
        1,
        1,
        19,
        0,
        1,
        1,
        2,
        0,
        0,
        1,
        1,
        1,
        0,
        1,
        1,
        0,
        0,
        0,
        0,
        10,
        1,
        0,
        1,
        0,
        1,
        2,
        0,
        0
      ]
    },
    "centred": {
      "clean_topk": [
        [
          1,
          0.05084745762711865
        ],
        [
          2,
          0.05084745762711865
        ],
        [
          3,
          0.06779661016949153
        ]
      ],
      "clean_rank_list": [
        549,
        2224,
        73,
        108,
        120,
        10884,
        24,
        149,
        230,
        139,
        134,
        10,
        314,
        39,
        100,
        0,
        25,
        40,
        44,
        54,
        169,
        68,
        620,
        147,
        287,
        207,
        339,
        406,
        505,
        114,
        28,
        129,
        35,
        5159,
        14,
        94,
        53,
        230,
        0,
        0,
        134,
        348,
        428,
        8,
        211,
        235,
        394,
        75,
        36,
        6,
        3421,
        245,
        34,
        178,
        51,
        133,
        347,
        2,
        28
      ],
      "intervention_topk": [
        [
          1,
          0.288135593220339
        ],
        [
          2,
          0.8305084745762712
        ],
        [
          3,
          0.8813559322033898
        ]
      ],
      "intervention_rank_list": [
        4,
        20,
        1,
        1,
        1,
        148,
        0,
        1,
        1,
        1,
        1,
        1,
        1,
        0,
        0,
        0,
        1,
        2,
        1,
        0,
        1,
        1,
        1,
        0,
        1,
        1,
        2,
        1,
        4,
        1,
        1,
        2,
        1,
        25,
        0,
        1,
        1,
        3,
        0,
        0,
        1,
        1,
        1,
        0,
        1,
        1,
        0,
        0,
        0,
        1,
        9,
        1,
        0,
        1,
        0,
        1,
        1,
        0,
        0
      ]
    }
  }
}