{
  "12": {
    "original": {
      "clean_topk": [
        [
          1,
          0.03278688524590164
        ],
        [
          2,
          0.03278688524590164
        ],
        [
          3,
          0.03278688524590164
        ]
      ],
      "clean_rank_list": [
        44,
        241,
        11,
        178,
        492,
        346,
        492,
        925,
        66,
        19,
        147,
        586,
        24,
        406,
        134,
        10,
        40,
        58,
        50,
        490,
        206,
        425,
        179,
        82,
        70,
        347,
        30,
        4082,
        238,
        913,
        51,
        22,
        230,
        58,
        74,
        15,
        242,
        0,
        632,
        7,
        60,
        8,
        10884,
        58,
        34,
        628,
        94,
        55,
        2670,
        69,
        49,
        18,
        35,
        212,
        0,
        100,
        209,
        49,
        132,
        269,
        100
      ],
      "intervention_topk": [
        [
          1,
          0.5081967213114754
        ],
        [
          2,
          0.6229508196721312
        ],
        [
          3,
          0.7213114754098361
        ]
      ],
      "intervention_rank_list": [
        1,
        0,
        0,
        5,
        3,
        0,
        1,
        19,
        1,
        0,
        2,
        1,
        0,
        0,
        36,
        0,
        4,
        1,
        0,
        1,
        2,
        0,
        0,
        17,
        0,
        2,
        0,
        15,
        2,
        83,
        5,
        0,
        4,
        0,
        8,
        0,
        0,
        0,
        17,
        0,
        7,
        0,
        42,
        0,
        0,
        9,
        0,
        22,
        2,
        0,
        0,
        0,
        22,
        0,
        0,
        0,
        1,
        0,
        0,
        2,
        0
      ]
    },
    "centred": {
      "clean_topk": [
        [
          1,
          0.03278688524590164
        ],
        [
          2,
          0.03278688524590164
        ],
        [
          3,
          0.03278688524590164
        ]
      ],
      "clean_rank_list": [
        44,
        241,
        11,
        178,
        492,
        346,
        492,
        925,
        66,
        19,
        147,
        586,
        24,
        406,
        134,
        10,
        40,
        58,
        50,
        490,
        206,
        425,
        179,
        82,
        70,
        347,
        30,
        4082,
        238,
        913,
        51,
        22,
        230,
        58,
        74,
        15,
        242,
        0,
        632,
        7,
        60,
        8,
        10884,
        58,
        34,
        628,
        94,
        55,
        2670,
        69,
        49,
        18,
        35,
        212,
        0,
        100,
        209,
        49,
        132,
        269,
        100
      ],
      "intervention_topk": [
        [
          1,
          0.18032786885245902
        ],
        [
          2,
          0.5573770491803278
        ],
        [
          3,
          0.6557377049180327
        ]
      ],
      "intervention_rank_list": [
        5,
        5,
        0,
        17,
        11,
        1,
        2,
        2,
        1,
        0,
        2,
        2,
        0,
        1,
        4,
        1,
        28,
        3,
        1,
        1,
        6,
        1,
        1,
        1,
        1,
        1,
        0,
        23,
        10,
        55,
        1,
        0,
        2,
        1,
        17,
        0,
        1,
        1,
        21,
        1,
        8,
        10,
        111,
        1,
        1,
        4,
        2,
        16,
        1,
        1,
        0,
        1,
        14,
        0,
        1,
        0,
        3,
        0,
        0,
        3,
        1
      ]
    }
  }
}