{
  "12": {
    "original": {
      "clean_topk": [
        [
          1,
          0.0
        ],
        [
          2,
          0.0
        ],
        [
          3,
          0.0
        ]
      ],
      "clean_rank_list": [
        83,
        114,
        387,
        12,
        48,
        34,
        92,
        181,
        225,
        235,
        32,
        26,
        131,
        322,
        5982,
        160,
        24,
        82,
        7,
        31,
        394,
        279,
        149,
        7,
        32,
        76,
        8,
        45,
        44,
        25,
        481,
        18,
        134,
        108,
        246,
        27,
        74,
        179,
        16,
        137,
        492,
        209,
        309,
        70,
        99,
        6,
        71,
        347,
        69,
        563,
        8,
        111,
        187,
        135,
        9,
        81,
        208,
        465,
        90
      ],
      "intervention_topk": [
        [
          1,
          0.576271186440678
        ],
        [
          2,
          0.7457627118644068
        ],
        [
          3,
          0.7796610169491526
        ]
      ],
      "intervention_rank_list": [
        102,
        16,
        2,
        0,
        0,
        0,
        0,
        0,
        0,
        0,
        0,
        0,
        1,
        0,
        753,
        165,
        0,
        12,
        0,
        0,
        8,
        1,
        1,
        3,
        0,
        37,
        0,
        1,
        0,
        0,
        0,
        0,
        0,
        1,
        1,
        0,
        10,
        0,
        1,
        61,
        1,
        1,
        1,
        0,
        0,
        2,
        0,
        3,
        0,
        19,
        0,
        0,
        0,
        0,
        0,
        28,
        0,
        0,
        0
      ]
    },
    "centred": {
      "clean_topk": [
        [
          1,
          0.0
        ],
        [
          2,
          0.0
        ],
        [
          3,
          0.0
        ]
      ],
      "clean_rank_list": [
        83,
        114,
        387,
        12,
        48,
        34,
        92,
        181,
        225,
        235,
        32,
        26,
        131,
        322,
        5982,
        160,
        24,
        82,
        7,
        31,
        394,
        279,
        149,
        7,
        32,
        76,
        8,
        45,
        44,
        25,
        481,
        18,
        134,
        108,
        246,
        27,
        74,
        179,
        16,
        137,
        492,
        209,
        309,
        70,
        99,
        6,
        71,
        347,
        69,
        563,
        8,
        111,
        187,
        135,
        9,
        81,
        208,
        465,
        90
      ],
      "intervention_topk": [
        [
          1,
          0.3559322033898305
        ],
        [
          2,
          0.711864406779661
        ],
        [
          3,
          0.7966101694915254
        ]
      ],
      "intervention_rank_list": [
        29,
        28,
        2,
        0,
        0,
        0,
        1,
        0,
        1,
        0,
        1,
        1,
        2,
        2,
        272,
        170,
        0,
        1,
        0,
        1,
        4,
        0,
        1,
        1,
        0,
        20,
        0,
        1,
        0,
        0,
        0,
        0,
        0,
        0,
        3,
        0,
        14,
        1,
        1,
        37,
        2,
        1,
        1,
        1,
        1,
        0,
        0,
        1,
        1,
        23,
        7,
        1,
        1,
        1,
        0,
        21,
        2,
        0,
        1
      ]
    }
  }
}