{
  "12": {
    "original": {
      "clean_topk": [
        [
          1,
          0.1864406779661017
        ],
        [
          2,
          0.22033898305084745
        ],
        [
          3,
          0.2542372881355932
        ]
      ],
      "clean_rank_list": [
        1,
        9,
        2,
        148,
        8,
        11,
        3,
        16,
        17,
        6,
        23,
        23,
        0,
        12,
        26,
        0,
        0,
        12,
        7,
        25,
        0,
        57,
        0,
        19,
        6,
        22,
        41,
        24,
        0,
        0,
        8,
        0,
        19,
        4,
        27,
        8,
        3,
        2,
        14,
        0,
        9,
        23,
        3,
        3,
        94,
        17,
        5,
        0,
        8,
        0,
        22,
        6,
        8,
        114,
        13,
        1,
        6,
        7,
        5
      ],
      "intervention_topk": [
        [
          1,
          0.847457627118644
        ],
        [
          2,
          0.9152542372881356
        ],
        [
          3,
          0.9830508474576272
        ]
      ],
      "intervention_rank_list": [
        0,
        0,
        1,
        0,
        0,
        0,
        0,
        0,
        0,
        0,
        0,
        0,
        0,
        0,
        2,
        0,
        0,
        0,
        0,
        0,
        0,
        0,
        0,
        0,
        0,
        2,
        4,
        0,
        1,
        0,
        0,
        0,
        1,
        0,
        0,
        0,
        0,
        0,
        2,
        0,
        0,
        0,
        0,
        0,
        0,
        0,
        1,
        0,
        0,
        0,
        2,
        0,
        0,
        0,
        0,
        0,
        0,
        0,
        0
      ]
    },
    "centred": {
      "clean_topk": [
        [
          1,
          0.13559322033898305
        ],
        [
          2,
          0.2542372881355932
        ],
        [
          3,
          0.3389830508474576
        ]
      ],
      "clean_rank_list": [
        2,
        6,
        6,
        166,
        17,
        11,
        1,
        18,
        3,
        3,
        3,
        3,
        133,
        15,
        34,
        1,
        0,
        2,
        9,
        0,
        0,
        2,
        1,
        2,
        11,
        71,
        3,
        1,
        1,
        0,
        6,
        17,
        1,
        5,
        7,
        0,
        20,
        13,
        25,
        3,
        7,
        7,
        31,
        13,
        2,
        9,
        25,
        13,
        14,
        1,
        8,
        5,
        0,
        33,
        14,
        8,
        0,
        0,
        15
      ],
      "intervention_topk": [
        [
          1,
          0.7966101694915254
        ],
        [
          2,
          0.9661016949152542
        ],
        [
          3,
          0.9661016949152542
        ]
      ],
      "intervention_rank_list": [
        1,
        0,
        4,
        0,
        0,
        0,
        0,
        0,
        0,
        0,
        0,
        1,
        0,
        0,
        1,
        0,
        1,
        0,
        0,
        0,
        0,
        0,
        0,
        0,
        0,
        1,
        1,
        0,
        0,
        0,
        0,
        0,
        0,
        0,
        0,
        0,
        0,
        0,
        0,
        0,
        0,
        0,
        1,
        0,
        0,
        1,
        3,
        1,
        0,
        0,
        0,
        0,
        0,
        1,
        0,
        0,
        0,
        0,
        0
      ]
    }
  }
}