{
  "12": {
    "original": {
      "clean_topk": [
        [
          1,
          0.1724137931034483
        ],
        [
          2,
          0.20689655172413793
        ],
        [
          3,
          0.29310344827586204
        ]
      ],
      "clean_rank_list": [
        21,
        6,
        9,
        2,
        7,
        42,
        10,
        0,
        11,
        2,
        17,
        11,
        1,
        6,
        42,
        5,
        0,
        21,
        69,
        0,
        18,
        0,
        2,
        10,
        20,
        0,
        11,
        6,
        6,
        11,
        82,
        4,
        17,
        14,
        15,
        19,
        0,
        15,
        12,
        14,
        0,
        3,
        13,
        0,
        5,
        2,
        0,
        68,
        22,
        7,
        4,
        3,
        0,
        1,
        31,
        2,
        13,
        6
      ],
      "intervention_topk": [
        [
          1,
          0.7931034482758621
        ],
        [
          2,
          0.8793103448275862
        ],
        [
          3,
          0.9137931034482759
        ]
      ],
      "intervention_rank_list": [
        61,
        0,
        0,
        5,
        3,
        1,
        0,
        0,
        0,
        1,
        0,
        0,
        117,
        0,
        0,
        0,
        0,
        0,
        0,
        0,
        0,
        0,
        0,
        0,
        0,
        0,
        0,
        0,
        0,
        0,
        2,
        0,
        6,
        0,
        0,
        0,
        0,
        0,
        2,
        1,
        0,
        0,
        1,
        0,
        0,
        0,
        0,
        0,
        0,
        0,
        0,
        0,
        0,
        0,
        0,
        1,
        0,
        0
      ]
    },
    "centred": {
      "clean_topk": [
        [
          1,
          0.20689655172413793
        ],
        [
          2,
          0.3103448275862069
        ],
        [
          3,
          0.3620689655172414
        ]
      ],
      "clean_rank_list": [
        0,
        47,
        11,
        8,
        11,
        8,
        19,
        5,
        5,
        12,
        6,
        9,
        14,
        0,
        0,
        7,
        0,
        1,
        1,
        0,
        8,
        0,
        5,
        3,
        7,
        6,
        8,
        2,
        1,
        26,
        11,
        3,
        7,
        22,
        0,
        16,
        0,
        0,
        4,
        1,
        3,
        0,
        222,
        1,
        15,
        6,
        0,
        15,
        10,
        5,
        3,
        27,
        5,
        16,
        2,
        0,
        2,
        1
      ],
      "intervention_topk": [
        [
          1,
          0.8275862068965517
        ],
        [
          2,
          0.9137931034482759
        ],
        [
          3,
          0.9310344827586207
        ]
      ],
      "intervention_rank_list": [
        1,
        0,
        0,
        14,
        0,
        0,
        0,
        1,
        0,
        1,
        0,
        0,
        61,
        0,
        0,
        0,
        0,
        0,
        0,
        0,
        0,
        0,
        0,
        0,
        0,
        0,
        0,
        0,
        0,
        0,
        0,
        0,
        4,
        1,
        0,
        0,
        0,
        0,
        0,
        1,
        0,
        0,
        0,
        2,
        0,
        0,
        0,
        0,
        0,
        0,
        0,
        0,
        0,
        0,
        0,
        0,
        0,
        3
      ]
    }
  }
}