{
  "12": {
    "original": {
      "clean_topk": [
        [
          1,
          0.1864406779661017
        ],
        [
          2,
          0.2542372881355932
        ],
        [
          3,
          0.3389830508474576
        ]
      ],
      "clean_rank_list": [
        8,
        10,
        41,
        7,
        34,
        0,
        0,
        12,
        6,
        8,
        9,
        5,
        10,
        4,
        1,
        6,
        2,
        7,
        6,
        2,
        0,
        6,
        12,
        5,
        10,
        0,
        0,
        0,
        2,
        6,
        24,
        0,
        9,
        5,
        2,
        1,
        1,
        0,
        153,
        6,
        0,
        12,
        9,
        14,
        8,
        0,
        9,
        16,
        12,
        27,
        22,
        14,
        12,
        4,
        0,
        2,
        14,
        15,
        1
      ],
      "intervention_topk": [
        [
          1,
          0.864406779661017
        ],
        [
          2,
          0.9152542372881356
        ],
        [
          3,
          0.9491525423728814
        ]
      ],
      "intervention_rank_list": [
        0,
        0,
        0,
        0,
        0,
        0,
        0,
        0,
        0,
        0,
        0,
        0,
        1,
        0,
        4,
        23,
        0,
        0,
        0,
        0,
        0,
        0,
        0,
        18,
        0,
        2,
        0,
        0,
        0,
        0,
        0,
        0,
        0,
        0,
        0,
        0,
        1,
        0,
        0,
        2,
        0,
        0,
        0,
        0,
        0,
        0,
        0,
        0,
        0,
        1,
        0,
        0,
        0,
        0,
        0,
        0,
        0,
        0,
        0
      ]
    },
    "centred": {
      "clean_topk": [
        [
          1,
          0.1694915254237288
        ],
        [
          2,
          0.3050847457627119
        ],
        [
          3,
          0.3559322033898305
        ]
      ],
      "clean_rank_list": [
        12,
        3,
        129,
        13,
        8,
        2,
        11,
        9,
        1,
        2,
        0,
        13,
        4,
        0,
        62,
        8,
        19,
        0,
        5,
        13,
        1,
        8,
        1,
        14,
        4,
        6,
        0,
        4,
        14,
        1,
        5,
        2,
        10,
        19,
        17,
        4,
        0,
        1,
        6,
        0,
        0,
        1,
        19,
        4,
        19,
        7,
        0,
        6,
        33,
        4,
        1,
        8,
        3,
        4,
        0,
        1,
        23,
        11,
        0
      ],
      "intervention_topk": [
        [
          1,
          0.8813559322033898
        ],
        [
          2,
          0.9830508474576272
        ],
        [
          3,
          1.0
        ]
      ],
      "intervention_rank_list": [
        0,
        2,
        1,
        0,
        0,
        0,
        0,
        0,
        0,
        0,
        0,
        0,
        1,
        0,
        1,
        0,
        0,
        0,
        0,
        0,
        0,
        0,
        0,
        0,
        0,
        1,
        0,
        0,
        0,
        0,
        0,
        0,
        0,
        0,
        0,
        0,
        0,
        0,
        0,
        0,
        1,
        0,
        1,
        0,
        0,
        0,
        0,
        0,
        0,
        0,
        0,
        0,
        0,
        0,
        0,
        0,
        0,
        0,
        0
      ]
    }
  }
}