{
  "12": {
    "original": {
      "clean_topk": [
        [
          1,
          0.13793103448275862
        ],
        [
          2,
          0.1896551724137931
        ],
        [
          3,
          0.27586206896551724
        ]
      ],
      "clean_rank_list": [
        21,
        3,
        5,
        5,
        0,
        7,
        8,
        4,
        53,
        9,
        6,
        5,
        8,
        53,
        0,
        0,
        9,
        13,
        11,
        22,
        8,
        53,
        24,
        0,
        1,
        7,
        2,
        8,
        10,
        2,
        12,
        25,
        1,
        5,
        18,
        3,
        11,
        0,
        17,
        2,
        14,
        0,
        19,
        11,
        5,
        1,
        2,
        0,
        10,
        8,
        31,
        2,
        0,
        3,
        10,
        5,
        12,
        44
      ],
      "intervention_topk": [
        [
          1,
          0.8275862068965517
        ],
        [
          2,
          0.896551724137931
        ],
        [
          3,
          0.9482758620689655
        ]
      ],
      "intervention_rank_list": [
        0,
        0,
        0,
        0,
        0,
        0,
        0,
        0,
        0,
        0,
        0,
        0,
        0,
        0,
        0,
        0,
        2,
        3,
        1,
        0,
        0,
        2,
        0,
        0,
        0,
        0,
        0,
        0,
        0,
        0,
        1,
        6,
        0,
        0,
        0,
        0,
        0,
        0,
        0,
        1,
        2,
        0,
        0,
        0,
        0,
        0,
        0,
        0,
        1,
        0,
        0,
        0,
        0,
        0,
        0,
        3,
        0,
        0
      ]
    },
    "centred": {
      "clean_topk": [
        [
          1,
          0.10344827586206896
        ],
        [
          2,
          0.15517241379310345
        ],
        [
          3,
          0.22413793103448276
        ]
      ],
      "clean_rank_list": [
        4,
        12,
        29,
        4,
        4,
        46,
        16,
        3,
        47,
        12,
        8,
        0,
        12,
        9,
        0,
        0,
        24,
        136,
        2,
        8,
        4,
        22,
        9,
        23,
        5,
        16,
        11,
        16,
        20,
        2,
        87,
        15,
        4,
        1,
        16,
        5,
        4,
        5,
        4,
        6,
        2,
        57,
        4,
        4,
        9,
        1,
        16,
        14,
        0,
        9,
        4,
        0,
        2,
        11,
        1,
        3,
        0,
        12
      ],
      "intervention_topk": [
        [
          1,
          0.8103448275862069
        ],
        [
          2,
          0.896551724137931
        ],
        [
          3,
          0.9310344827586207
        ]
      ],
      "intervention_rank_list": [
        0,
        0,
        0,
        0,
        1,
        0,
        3,
        0,
        0,
        0,
        0,
        0,
        0,
        0,
        0,
        0,
        2,
        0,
        0,
        0,
        0,
        3,
        0,
        0,
        1,
        0,
        7,
        0,
        0,
        0,
        0,
        0,
        2,
        1,
        0,
        0,
        0,
        0,
        0,
        0,
        0,
        0,
        0,
        0,
        0,
        1,
        0,
        0,
        1,
        0,
        0,
        0,
        0,
        0,
        0,
        4,
        0,
        0
      ]
    }
  }
}