{
  "12": {
    "original": {
      "clean_topk": [
        [
          1,
          0.06779661016949153
        ],
        [
          2,
          0.06779661016949153
        ],
        [
          3,
          0.06779661016949153
        ]
      ],
      "clean_rank_list": [
        182,
        490,
        0,
        0,
        0,
        3421,
        120,
        481,
        46,
        69,
        1000,
        2645,
        2670,
        442,
        55,
        49,
        35,
        13,
        5159,
        85,
        75,
        384,
        143,
        34,
        70,
        9,
        0,
        8,
        81,
        563,
        7,
        2224,
        123,
        241,
        8,
        24,
        66,
        44,
        428,
        8,
        48,
        20,
        309,
        169,
        16,
        149,
        134,
        207,
        238,
        33,
        27,
        59,
        195,
        131,
        73,
        322,
        13,
        51,
        71
      ],
      "intervention_topk": [
        [
          1,
          0.5084745762711864
        ],
        [
          2,
          0.6271186440677966
        ],
        [
          3,
          0.6949152542372882
        ]
      ],
      "intervention_rank_list": [
        1,
        1,
        14,
        5,
        0,
        43,
        1,
        0,
        0,
        0,
        54,
        9,
        2,
        92,
        21,
        0,
        2,
        2,
        1,
        0,
        0,
        0,
        0,
        0,
        0,
        9,
        18,
        0,
        28,
        12,
        0,
        12,
        1,
        0,
        0,
        0,
        1,
        0,
        11,
        0,
        0,
        12,
        1,
        0,
        0,
        0,
        12,
        6,
        3,
        0,
        0,
        0,
        0,
        0,
        2,
        0,
        0,
        3,
        0
      ]
    },
    "centred": {
      "clean_topk": [
        [
          1,
          0.06779661016949153
        ],
        [
          2,
          0.06779661016949153
        ],
        [
          3,
          0.06779661016949153
        ]
      ],
      "clean_rank_list": [
        182,
        490,
        0,
        0,
        0,
        3421,
        120,
        481,
        46,
        69,
        1000,
        2645,
        2670,
        442,
        55,
        49,
        35,
        13,
        5159,
        85,
        75,
        384,
        143,
        34,
        70,
        9,
        0,
        8,
        81,
        563,
        7,
        2224,
        123,
        241,
        8,
        24,
        66,
        44,
        428,
        8,
        48,
        20,
        309,
        169,
        16,
        149,
        134,
        207,
        238,
        33,
        27,
        59,
        195,
        131,
        73,
        322,
        13,
        51,
        71
      ],
      "intervention_topk": [
        [
          1,
          0.2711864406779661
        ],
        [
          2,
          0.559322033898305
        ],
        [
          3,
          0.6610169491525424
        ]
      ],
      "intervention_rank_list": [
        1,
        1,
        28,
        1,
        1,
        57,
        1,
        0,
        0,
        1,
        26,
        5,
        1,
        77,
        14,
        0,
        4,
        1,
        1,
        0,
        2,
        1,
        0,
        0,
        1,
        8,
        11,
        0,
        26,
        13,
        1,
        33,
        4,
        4,
        11,
        0,
        1,
        0,
        2,
        0,
        0,
        11,
        2,
        0,
        1,
        2,
        14,
        4,
        11,
        0,
        1,
        0,
        2,
        1,
        2,
        1,
        0,
        8,
        0
      ]
    }
  }
}