{
  "12": {
    "original": {
      "clean_topk": [
        [
          1,
          0.19672131147540983
        ],
        [
          2,
          0.3114754098360656
        ],
        [
          3,
          0.3442622950819672
        ]
      ],
      "clean_rank_list": [
        1,
        8,
        1,
        0,
        4,
        6,
        32,
        8,
        3,
        0,
        15,
        10,
        2,
        18,
        8,
        10,
        4,
        1,
        57,
        0,
        64,
        0,
        10,
        14,
        19,
        6,
        1,
        651,
        40,
        1,
        17,
        2,
        6,
        5,
        4,
        3,
        3,
        54,
        19,
        0,
        18,
        5,
        125,
        0,
        4,
        0,
        4,
        6,
        22,
        7,
        0,
        0,
        0,
        9,
        1,
        0,
        1,
        28,
        15,
        23,
        0
      ],
      "intervention_topk": [
        [
          1,
          0.8688524590163934
        ],
        [
          2,
          0.9344262295081968
        ],
        [
          3,
          0.9836065573770492
        ]
      ],
      "intervention_rank_list": [
        0,
        0,
        0,
        0,
        2,
        0,
        0,
        0,
        0,
        0,
        13,
        0,
        0,
        0,
        0,
        0,
        0,
        1,
        0,
        0,
        0,
        0,
        0,
        2,
        0,
        0,
        0,
        0,
        0,
        1,
        0,
        0,
        0,
        0,
        0,
        0,
        0,
        0,
        0,
        0,
        1,
        0,
        0,
        0,
        0,
        0,
        0,
        2,
        0,
        0,
        0,
        0,
        0,
        0,
        0,
        0,
        0,
        0,
        0,
        1,
        0
      ]
    },
    "centred": {
      "clean_topk": [
        [
          1,
          0.18032786885245902
        ],
        [
          2,
          0.29508196721311475
        ],
        [
          3,
          0.32786885245901637
        ]
      ],
      "clean_rank_list": [
        8,
        20,
        13,
        0,
        57,
        13,
        18,
        0,
        0,
        2,
        0,
        1,
        8,
        1,
        4,
        20,
        4,
        42,
        0,
        0,
        11,
        14,
        7,
        21,
        1,
        0,
        5,
        10,
        0,
        5,
        5,
        1,
        16,
        21,
        11,
        11,
        0,
        9,
        10,
        5,
        7,
        52,
        20,
        10,
        3,
        5,
        0,
        18,
        0,
        11,
        6,
        6,
        14,
        4,
        8,
        1,
        39,
        1,
        2,
        1,
        14
      ],
      "intervention_topk": [
        [
          1,
          0.8524590163934426
        ],
        [
          2,
          0.9508196721311475
        ],
        [
          3,
          0.9836065573770492
        ]
      ],
      "intervention_rank_list": [
        0,
        0,
        0,
        0,
        0,
        0,
        0,
        0,
        0,
        0,
        0,
        0,
        0,
        0,
        0,
        1,
        0,
        1,
        0,
        0,
        1,
        0,
        0,
        0,
        0,
        0,
        0,
        0,
        0,
        1,
        0,
        0,
        1,
        0,
        0,
        0,
        0,
        0,
        2,
        0,
        2,
        0,
        1,
        0,
        0,
        3,
        0,
        0,
        0,
        0,
        0,
        0,
        0,
        0,
        0,
        0,
        0,
        0,
        0,
        0,
        0
      ]
    }
  }
}