{
  "12": {
    "original": {
      "clean_topk": [
        [
          1,
          0.034482758620689655
        ],
        [
          2,
          0.034482758620689655
        ],
        [
          3,
          0.034482758620689655
        ]
      ],
      "clean_rank_list": [
        81,
        32,
        8,
        0,
        207,
        235,
        3421,
        10,
        3421,
        61,
        212,
        206,
        34,
        481,
        100,
        43,
        41,
        25,
        442,
        26,
        18,
        3963,
        114,
        182,
        238,
        133,
        114,
        12,
        59,
        9,
        14,
        339,
        238,
        75,
        100,
        44,
        55,
        5159,
        220,
        26,
        247,
        50,
        18,
        314,
        45,
        227,
        34,
        165,
        151,
        22,
        64,
        19,
        14,
        241,
        0,
        7,
        39,
        66
      ],
      "intervention_topk": [
        [
          1,
          0.5517241379310345
        ],
        [
          2,
          0.6551724137931034
        ],
        [
          3,
          0.7068965517241379
        ]
      ],
      "intervention_rank_list": [
        0,
        0,
        0,
        0,
        11,
        0,
        33,
        0,
        74,
        0,
        0,
        0,
        0,
        0,
        0,
        1,
        2,
        8,
        79,
        0,
        2,
        407,
        0,
        1,
        3,
        1,
        13,
        0,
        0,
        0,
        2,
        138,
        221,
        0,
        0,
        3,
        0,
        1,
        16,
        62,
        15,
        0,
        0,
        0,
        0,
        11,
        0,
        0,
        8,
        0,
        0,
        0,
        0,
        0,
        1,
        4,
        0,
        1
      ]
    },
    "centred": {
      "clean_topk": [
        [
          1,
          0.034482758620689655
        ],
        [
          2,
          0.034482758620689655
        ],
        [
          3,
          0.034482758620689655
        ]
      ],
      "clean_rank_list": [
        81,
        32,
        8,
        0,
        207,
        235,
        3421,
        10,
        3421,
        61,
        212,
        206,
        34,
        481,
        100,
        43,
        41,
        25,
        442,
        26,
        18,
        3963,
        114,
        182,
        238,
        133,
        114,
        12,
        59,
        9,
        14,
        339,
        238,
        75,
        100,
        44,
        55,
        5159,
        220,
        26,
        247,
        50,
        18,
        314,
        45,
        227,
        34,
        165,
        151,
        22,
        64,
        19,
        14,
        241,
        0,
        7,
        39,
        66
      ],
      "intervention_topk": [
        [
          1,
          0.3103448275862069
        ],
        [
          2,
          0.6896551724137931
        ],
        [
          3,
          0.7068965517241379
        ]
      ],
      "intervention_rank_list": [
        1,
        1,
        0,
        1,
        10,
        0,
        37,
        1,
        25,
        0,
        0,
        0,
        0,
        0,
        0,
        1,
        3,
        0,
        48,
        1,
        1,
        511,
        0,
        1,
        6,
        1,
        27,
        0,
        1,
        1,
        3,
        238,
        21,
        2,
        1,
        1,
        1,
        1,
        7,
        30,
        3,
        1,
        0,
        0,
        1,
        1,
        0,
        0,
        53,
        0,
        1,
        0,
        0,
        3,
        3,
        1,
        1,
        1
      ]
    }
  }
}