{
  "12": {
    "original": {
      "clean_topk": [
        [
          1,
          0.0
        ],
        [
          2,
          0.0
        ],
        [
          3,
          0.017241379310344827
        ]
      ],
      "clean_rank_list": [
        238,
        913,
        53,
        30,
        9,
        35,
        83,
        6,
        35,
        129,
        2224,
        44,
        160,
        18,
        384,
        169,
        53,
        122,
        176,
        394,
        134,
        348,
        314,
        81,
        66,
        22,
        113,
        3,
        43,
        492,
        428,
        225,
        147,
        3421,
        33,
        8,
        245,
        271,
        123,
        227,
        235,
        14,
        14,
        7,
        10,
        15,
        2,
        7,
        133,
        24,
        76,
        49,
        242,
        54,
        586,
        212,
        22,
        114
      ],
      "intervention_topk": [
        [
          1,
          0.46551724137931033
        ],
        [
          2,
          0.603448275862069
        ],
        [
          3,
          0.6896551724137931
        ]
      ],
      "intervention_rank_list": [
        228,
        89,
        0,
        2,
        10,
        24,
        123,
        1,
        2,
        26,
        14,
        0,
        192,
        1,
        0,
        0,
        1,
        0,
        0,
        13,
        0,
        1,
        0,
        0,
        0,
        0,
        0,
        5,
        1,
        1,
        16,
        0,
        2,
        40,
        0,
        0,
        0,
        0,
        1,
        9,
        0,
        0,
        2,
        3,
        0,
        10,
        0,
        0,
        1,
        0,
        45,
        0,
        0,
        0,
        2,
        26,
        0,
        23
      ]
    },
    "centred": {
      "clean_topk": [
        [
          1,
          0.0
        ],
        [
          2,
          0.0
        ],
        [
          3,
          0.017241379310344827
        ]
      ],
      "clean_rank_list": [
        238,
        913,
        53,
        30,
        9,
        35,
        83,
        6,
        35,
        129,
        2224,
        44,
        160,
        18,
        384,
        169,
        53,
        122,
        176,
        394,
        134,
        348,
        314,
        81,
        66,
        22,
        113,
        3,
        43,
        492,
        428,
        225,
        147,
        3421,
        33,
        8,
        245,
        271,
        123,
        227,
        235,
        14,
        14,
        7,
        10,
        15,
        2,
        7,
        133,
        24,
        76,
        49,
        242,
        54,
        586,
        212,
        22,
        114
      ],
      "intervention_topk": [
        [
          1,
          0.1896551724137931
        ],
        [
          2,
          0.5517241379310345
        ],
        [
          3,
          0.6724137931034483
        ]
      ],
      "intervention_rank_list": [
        30,
        85,
        1,
        3,
        11,
        20,
        47,
        1,
        4,
        66,
        37,
        0,
        261,
        1,
        1,
        0,
        1,
        1,
        0,
        18,
        1,
        1,
        1,
        1,
        2,
        0,
        1,
        3,
        2,
        2,
        5,
        1,
        2,
        59,
        0,
        0,
        1,
        0,
        12,
        1,
        0,
        1,
        2,
        2,
        1,
        7,
        1,
        1,
        1,
        0,
        28,
        0,
        1,
        1,
        2,
        42,
        0,
        45
      ]
    }
  }
}