{
  "12": {
    "original": {
      "clean_topk": [
        [
          1,
          0.2542372881355932
        ],
        [
          2,
          0.4067796610169492
        ],
        [
          3,
          0.4745762711864407
        ]
      ],
      "clean_rank_list": [
        46,
        13,
        2,
        1,
        7,
        5,
        10,
        0,
        9,
        0,
        0,
        1,
        10,
        2,
        8,
        1,
        8,
        20,
        7,
        2,
        0,
        32,
        2,
        8,
        0,
        15,
        0,
        29,
        5,
        3,
        6,
        0,
        9,
        5,
        1,
        0,
        0,
        1,
        1,
        3,
        0,
        27,
        3,
        0,
        0,
        1,
        1,
        16,
        0,
        5,
        32,
        29,
        18,
        0,
        13,
        0,
        8,
        5,
        1
      ],
      "intervention_topk": [
        [
          1,
          0.9661016949152542
        ],
        [
          2,
          1.0
        ],
        [
          3,
          1.0
        ]
      ],
      "intervention_rank_list": [
        0,
        0,
        0,
        0,
        0,
        0,
        0,
        0,
        0,
        0,
        0,
        0,
        0,
        0,
        0,
        0,
        0,
        0,
        0,
        0,
        0,
        0,
        0,
        0,
        0,
        0,
        0,
        0,
        0,
        0,
        0,
        0,
        0,
        0,
        0,
        0,
        0,
        0,
        0,
        0,
        0,
        1,
        0,
        0,
        0,
        0,
        0,
        0,
        0,
        0,
        0,
        0,
        0,
        0,
        1,
        0,
        0,
        0,
        0
      ]
    },
    "centred": {
      "clean_topk": [
        [
          1,
          0.22033898305084745
        ],
        [
          2,
          0.23728813559322035
        ],
        [
          3,
          0.3389830508474576
        ]
      ],
      "clean_rank_list": [
        32,
        2,
        10,
        18,
        6,
        3,
        12,
        0,
        2,
        10,
        0,
        14,
        2,
        3,
        11,
        8,
        22,
        5,
        2,
        13,
        13,
        0,
        1,
        0,
        4,
        4,
        7,
        7,
        9,
        0,
        0,
        9,
        0,
        8,
        0,
        13,
        0,
        7,
        6,
        11,
        11,
        9,
        2,
        2,
        4,
        0,
        0,
        5,
        15,
        9,
        10,
        45,
        7,
        4,
        22,
        0,
        0,
        13,
        25
      ],
      "intervention_topk": [
        [
          1,
          0.9491525423728814
        ],
        [
          2,
          1.0
        ],
        [
          3,
          1.0
        ]
      ],
      "intervention_rank_list": [
        0,
        0,
        0,
        0,
        0,
        0,
        0,
        0,
        0,
        0,
        0,
        0,
        0,
        0,
        0,
        0,
        0,
        0,
        0,
        0,
        0,
        0,
        0,
        0,
        0,
        0,
        0,
        0,
        0,
        0,
        0,
        0,
        0,
        0,
        0,
        0,
        0,
        0,
        0,
        0,
        0,
        1,
        0,
        0,
        0,
        0,
        0,
        0,
        0,
        0,
        0,
        1,
        0,
        0,
        1,
        0,
        0,
        0,
        0
      ]
    }
  }
}