{
  "12": {
    "original": {
      "clean_topk": [
        [
          1,
          0.21666666666666667
        ],
        [
          2,
          0.35
        ],
        [
          3,
          0.45
        ]
      ],
      "clean_rank_list": [
        18,
        30,
        8,
        1,
        0,
        27,
        4,
        0,
        13,
        7,
        0,
        2,
        34,
        31,
        10,
        0,
        9,
        12,
        1,
        0,
        10,
        31,
        5,
        10,
        2,
        2,
        0,
        0,
        5,
        5,
        1,
        7,
        11,
        58,
        0,
        2,
        758,
        2,
        0,
        0,
        8,
        0,
        41,
        8,
        0,
        3,
        1,
        1,
        372,
        21,
        1,
        9,
        6,
        3,
        3,
        1,
        2,
        29,
        1,
        0
      ],
      "intervention_topk": [
        [
          1,
          0.9833333333333333
        ],
        [
          2,
          1.0
        ],
        [
          3,
          1.0
        ]
      ],
      "intervention_rank_list": [
        0,
        0,
        0,
        0,
        0,
        0,
        0,
        0,
        0,
        0,
        0,
        0,
        0,
        0,
        0,
        0,
        0,
        0,
        0,
        0,
        0,
        0,
        0,
        0,
        0,
        0,
        0,
        0,
        0,
        0,
        0,
        0,
        0,
        0,
        0,
        0,
        0,
        0,
        0,
        0,
        0,
        0,
        0,
        0,
        0,
        0,
        0,
        0,
        1,
        0,
        0,
        0,
        0,
        0,
        0,
        0,
        0,
        0,
        0,
        0
      ]
    },
    "centred": {
      "clean_topk": [
        [
          1,
          0.16666666666666666
        ],
        [
          2,
          0.2
        ],
        [
          3,
          0.3
        ]
      ],
      "clean_rank_list": [
        9,
        24,
        0,
        0,
        10,
        3,
        19,
        3,
        16,
        25,
        0,
        5,
        0,
        19,
        0,
        2,
        9,
        13,
        7,
        2,
        6,
        12,
        7,
        2,
        1,
        5,
        0,
        0,
        25,
        6,
        3,
        2,
        20,
        3,
        7,
        12,
        91,
        4,
        7,
        6,
        3,
        18,
        94,
        2,
        23,
        2,
        11,
        25,
        25,
        17,
        31,
        0,
        17,
        3,
        13,
        0,
        0,
        6,
        6,
        1
      ],
      "intervention_topk": [
        [
          1,
          0.9666666666666667
        ],
        [
          2,
          0.9833333333333333
        ],
        [
          3,
          1.0
        ]
      ],
      "intervention_rank_list": [
        0,
        0,
        0,
        0,
        0,
        0,
        2,
        0,
        0,
        0,
        0,
        0,
        0,
        0,
        0,
        0,
        0,
        0,
        0,
        0,
        0,
        0,
        0,
        0,
        0,
        0,
        0,
        0,
        0,
        0,
        0,
        0,
        0,
        0,
        0,
        0,
        0,
        0,
        0,
        0,
        0,
        0,
        0,
        1,
        0,
        0,
        0,
        0,
        0,
        0,
        0,
        0,
        0,
        0,
        0,
        0,
        0,
        0,
        0,
        0
      ]
    }
  }
}