{
  "12": {
    "original": {
      "clean_topk": [
        [
          1,
          0.01694915254237288
        ],
        [
          2,
          0.01694915254237288
        ],
        [
          3,
          0.03389830508474576
        ]
      ],
      "clean_rank_list": [
        75,
        89,
        245,
        563,
        16,
        58,
        630,
        394,
        32,
        120,
        208,
        31,
        27,
        226,
        232,
        925,
        3421,
        585,
        85,
        314,
        133,
        61,
        322,
        53,
        177,
        347,
        44,
        26,
        13,
        245,
        48,
        115,
        48,
        95,
        0,
        108,
        10,
        211,
        46,
        66,
        134,
        58,
        9,
        52,
        59,
        12,
        221,
        178,
        275,
        143,
        628,
        8401,
        2,
        27,
        448,
        25,
        723,
        108,
        5159
      ],
      "intervention_topk": [
        [
          1,
          0.1864406779661017
        ],
        [
          2,
          0.9491525423728814
        ],
        [
          3,
          0.9830508474576272
        ]
      ],
      "intervention_rank_list": [
        0,
        0,
        1,
        0,
        1,
        1,
        1,
        0,
        0,
        1,
        1,
        1,
        1,
        0,
        1,
        1,
        2,
        1,
        0,
        1,
        1,
        1,
        1,
        1,
        1,
        1,
        1,
        1,
        1,
        1,
        0,
        0,
        1,
        1,
        0,
        1,
        1,
        1,
        1,
        1,
        1,
        2,
        1,
        1,
        1,
        1,
        1,
        1,
        1,
        1,
        1,
        13,
        0,
        1,
        1,
        1,
        1,
        1,
        1
      ]
    },
    "centred": {
      "clean_topk": [
        [
          1,
          0.01694915254237288
        ],
        [
          2,
          0.01694915254237288
        ],
        [
          3,
          0.03389830508474576
        ]
      ],
      "clean_rank_list": [
        75,
        89,
        245,
        563,
        16,
        58,
        630,
        394,
        32,
        120,
        208,
        31,
        27,
        226,
        232,
        925,
        3421,
        585,
        85,
        314,
        133,
        61,
        322,
        53,
        177,
        347,
        44,
        26,
        13,
        245,
        48,
        115,
        48,
        95,
        0,
        108,
        10,
        211,
        46,
        66,
        134,
        58,
        9,
        52,
        59,
        12,
        221,
        178,
        275,
        143,
        628,
        8401,
        2,
        27,
        448,
        25,
        723,
        108,
        5159
      ],
      "intervention_topk": [
        [
          1,
          0.15254237288135594
        ],
        [
          2,
          0.9322033898305084
        ],
        [
          3,
          0.9491525423728814
        ]
      ],
      "intervention_rank_list": [
        1,
        0,
        1,
        0,
        0,
        1,
        1,
        1,
        0,
        1,
        1,
        1,
        1,
        0,
        1,
        1,
        3,
        1,
        1,
        1,
        1,
        1,
        1,
        1,
        0,
        1,
        1,
        1,
        1,
        1,
        0,
        1,
        1,
        1,
        0,
        1,
        1,
        1,
        1,
        1,
        1,
        1,
        1,
        1,
        1,
        1,
        1,
        1,
        1,
        1,
        1,
        17,
        1,
        1,
        5,
        1,
        0,
        1,
        2
      ]
    }
  }
}