{
  "12": {
    "original": {
      "clean_topk": [
        [
          1,
          0.016666666666666666
        ],
        [
          2,
          0.016666666666666666
        ],
        [
          3,
          0.016666666666666666
        ]
      ],
      "clean_rank_list": [
        632,
        134,
        18,
        285,
        0,
        3963,
        230,
        92,
        201,
        132,
        120,
        14,
        5,
        2224,
        28,
        322,
        428,
        492,
        40,
        67,
        74,
        9,
        346,
        299,
        66,
        73,
        160,
        52,
        630,
        12,
        178,
        22,
        49,
        18,
        44,
        137,
        25,
        227,
        208,
        53,
        465,
        82,
        59,
        26,
        246,
        95,
        16,
        60,
        7,
        80,
        81,
        245,
        129,
        54,
        232,
        28,
        21,
        59,
        177,
        129
      ],
      "intervention_topk": [
        [
          1,
          0.11666666666666667
        ],
        [
          2,
          0.95
        ],
        [
          3,
          0.9833333333333333
        ]
      ],
      "intervention_rank_list": [
        1,
        1,
        1,
        1,
        0,
        17,
        2,
        1,
        1,
        0,
        1,
        1,
        0,
        1,
        1,
        1,
        1,
        2,
        1,
        1,
        1,
        1,
        1,
        1,
        1,
        1,
        1,
        1,
        1,
        1,
        1,
        1,
        0,
        1,
        1,
        1,
        1,
        1,
        1,
        0,
        1,
        1,
        0,
        1,
        1,
        1,
        1,
        1,
        1,
        1,
        1,
        1,
        1,
        0,
        1,
        1,
        1,
        1,
        1,
        1
      ]
    },
    "centred": {
      "clean_topk": [
        [
          1,
          0.016666666666666666
        ],
        [
          2,
          0.016666666666666666
        ],
        [
          3,
          0.016666666666666666
        ]
      ],
      "clean_rank_list": [
        632,
        134,
        18,
        285,
        0,
        3963,
        230,
        92,
        201,
        132,
        120,
        14,
        5,
        2224,
        28,
        322,
        428,
        492,
        40,
        67,
        74,
        9,
        346,
        299,
        66,
        73,
        160,
        52,
        630,
        12,
        178,
        22,
        49,
        18,
        44,
        137,
        25,
        227,
        208,
        53,
        465,
        82,
        59,
        26,
        246,
        95,
        16,
        60,
        7,
        80,
        81,
        245,
        129,
        54,
        232,
        28,
        21,
        59,
        177,
        129
      ],
      "intervention_topk": [
        [
          1,
          0.13333333333333333
        ],
        [
          2,
          0.95
        ],
        [
          3,
          0.9833333333333333
        ]
      ],
      "intervention_rank_list": [
        1,
        1,
        1,
        0,
        0,
        15,
        2,
        1,
        1,
        0,
        1,
        1,
        1,
        1,
        1,
        1,
        1,
        2,
        1,
        1,
        1,
        1,
        1,
        1,
        1,
        1,
        1,
        1,
        1,
        1,
        1,
        1,
        0,
        1,
        1,
        1,
        1,
        1,
        1,
        0,
        1,
        1,
        1,
        1,
        1,
        1,
        1,
        1,
        1,
        1,
        0,
        1,
        1,
        0,
        1,
        1,
        1,
        1,
        0,
        1
      ]
    }
  }
}