{
  "8": {
    "original": {
      "clean_topk": [
        [
          1,
          0.034482758620689655
        ],
        [
          2,
          0.034482758620689655
        ],
        [
          3,
          0.05172413793103448
        ]
      ],
      "clean_rank_list": [
        274,
        3,
        55,
        69,
        89,
        21,
        16,
        48,
        31,
        593,
        394,
        299,
        51,
        32,
        0,
        207,
        59,
        52,
        9,
        3421,
        44,
        4,
        83,
        100,
        143,
        20,
        33,
        241,
        100,
        0,
        5,
        206,
        94,
        71,
        246,
        348,
        82,
        2,
        232,
        585,
        26,
        271,
        25,
        25,
        620,
        49,
        481,
        225,
        206,
        309,
        58,
        226,
        187,
        913,
        10,
        628,
        66,
        16
      ],
      "intervention_topk": [
        [
          1,
          0.05172413793103448
        ],
        [
          2,
          0.10344827586206896
        ],
        [
          3,
          0.15517241379310345
        ]
      ],
      "intervention_rank_list": [
        69,
        1,
        10,
        14,
        6,
        3,
        3,
        3,
        9,
        88,
        114,
        56,
        18,
        16,
        0,
        24,
        3,
        6,
        2,
        932,
        8,
        2,
        16,
        7,
        7,
        13,
        4,
        39,
        5,
        0,
        1,
        84,
        23,
        10,
        37,
        38,
        10,
        0,
        35,
        38,
        3,
        34,
        4,
        1,
        70,
        19,
        75,
        47,
        45,
        28,
        5,
        27,
        17,
        232,
        2,
        97,
        11,
        6
      ]
    },
    "centred": {
      "clean_topk": [
        [
          1,
          0.034482758620689655
        ],
        [
          2,
          0.034482758620689655
        ],
        [
          3,
          0.05172413793103448
        ]
      ],
      "clean_rank_list": [
        274,
        3,
        55,
        69,
        89,
        21,
        16,
        48,
        31,
        593,
        394,
        299,
        51,
        32,
        0,
        207,
        59,
        52,
        9,
        3421,
        44,
        4,
        83,
        100,
        143,
        20,
        33,
        241,
        100,
        0,
        5,
        206,
        94,
        71,
        246,
        348,
        82,
        2,
        232,
        585,
        26,
        271,
        25,
        25,
        620,
        49,
        481,
        225,
        206,
        309,
        58,
        226,
        187,
        913,
        10,
        628,
        66,
        16
      ],
      "intervention_topk": [
        [
          1,
          0.034482758620689655
        ],
        [
          2,
          0.08620689655172414
        ],
        [
          3,
          0.13793103448275862
        ]
      ],
      "intervention_rank_list": [
        227,
        1,
        24,
        14,
        19,
        6,
        5,
        2,
        10,
        243,
        262,
        74,
        17,
        13,
        0,
        41,
        4,
        17,
        2,
        1439,
        9,
        4,
        29,
        13,
        22,
        16,
        10,
        41,
        6,
        0,
        1,
        202,
        40,
        11,
        41,
        98,
        20,
        2,
        76,
        186,
        4,
        83,
        6,
        1,
        252,
        39,
        140,
        110,
        115,
        83,
        6,
        17,
        41,
        476,
        3,
        132,
        24,
        10
      ]
    }
  },
  "10": {
    "original": {
      "clean_topk": [
        [
          1,
          0.034482758620689655
        ],
        [
          2,
          0.034482758620689655
        ],
        [
          3,
          0.05172413793103448
        ]
      ],
      "clean_rank_list": [
        274,
        3,
        55,
        69,
        89,
        21,
        16,
        48,
        31,
        593,
        394,
        299,
        51,
        32,
        0,
        207,
        59,
        52,
        9,
        3421,
        44,
        4,
        83,
        100,
        143,
        20,
        33,
        241,
        100,
        0,
        5,
        206,
        94,
        71,
        246,
        348,
        82,
        2,
        232,
        585,
        26,
        271,
        25,
        25,
        620,
        49,
        481,
        225,
        206,
        309,
        58,
        226,
        187,
        913,
        10,
        628,
        66,
        16
      ],
      "intervention_topk": [
        [
          1,
          0.05172413793103448
        ],
        [
          2,
          0.15517241379310345
        ],
        [
          3,
          0.3448275862068966
        ]
      ],
      "intervention_rank_list": [
        21,
        1,
        6,
        4,
        2,
        2,
        1,
        2,
        6,
        33,
        33,
        17,
        3,
        5,
        0,
        12,
        3,
        1,
        2,
        580,
        2,
        2,
        9,
        1,
        4,
        2,
        3,
        20,
        2,
        0,
        1,
        19,
        6,
        4,
        13,
        15,
        4,
        0,
        12,
        18,
        3,
        14,
        2,
        1,
        36,
        8,
        13,
        12,
        16,
        11,
        2,
        6,
        10,
        103,
        2,
        23,
        3,
        3
      ]
    },
    "centred": {
      "clean_topk": [
        [
          1,
          0.034482758620689655
        ],
        [
          2,
          0.034482758620689655
        ],
        [
          3,
          0.05172413793103448
        ]
      ],
      "clean_rank_list": [
        274,
        3,
        55,
        69,
        89,
        21,
        16,
        48,
        31,
        593,
        394,
        299,
        51,
        32,
        0,
        207,
        59,
        52,
        9,
        3421,
        44,
        4,
        83,
        100,
        143,
        20,
        33,
        241,
        100,
        0,
        5,
        206,
        94,
        71,
        246,
        348,
        82,
        2,
        232,
        585,
        26,
        271,
        25,
        25,
        620,
        49,
        481,
        225,
        206,
        309,
        58,
        226,
        187,
        913,
        10,
        628,
        66,
        16
      ],
      "intervention_topk": [
        [
          1,
          0.034482758620689655
        ],
        [
          2,
          0.1206896551724138
        ],
        [
          3,
          0.20689655172413793
        ]
      ],
      "intervention_rank_list": [
        95,
        1,
        11,
        11,
        6,
        3,
        1,
        3,
        12,
        71,
        161,
        36,
        5,
        3,
        0,
        24,
        2,
        9,
        2,
        711,
        6,
        2,
        6,
        8,
        7,
        1,
        4,
        19,
        3,
        0,
        1,
        45,
        19,
        5,
        25,
        24,
        7,
        2,
        33,
        32,
        4,
        76,
        3,
        1,
        39,
        19,
        31,
        30,
        61,
        22,
        3,
        12,
        14,
        250,
        2,
        51,
        7,
        4
      ]
    }
  },