{
  "10": {
    "original": {
      "clean_topk": [
        [
          1,
          0.0
        ],
        [
          2,
          0.003067484662576687
        ],
        [
          3,
          0.006134969325153374
        ]
      ],
      "clean_rank_list": [
        57,
        431,
        32,
        382,
        184,
        15,
        160,
        20,
        31,
        1238,
        69,
        72,
        218,
        23,
        734,
        175,
        342,
        180,
        454,
        30,
        588,
        1676,
        602,
        43,
        19,
        180,
        375,
        24,
        720,
        2225,
        501,
        519,
        197,
        356,
        367,
        193,
        840,
        99,
        790,
        39,
        622,
        5,
        55,
        3319,
        332,
        61,
        35,
        135,
        1817,
        88,
        2176,
        3777,
        257,
        24,
        25,
        136,
        2338,
        57,
        2116,
        328,
        73,
        43,
        106,
        17,
        4520,
        4,
        131,
        20,
        110,
        181,
        271,
        289,
        19,
        33,
        117,
        79,
        364,
        33,
        38,
        2780,
        3141,
        10,
        2,
        126,
        102,
        92,
        1025,
        306,
        1785,
        15,
        188,
        28,
        2292,
        63,
        285,
        801,
        73,
        669,
        1051,
        32,
        2512,
        540,
        309,
        699,
        1127,
        51,
        1718,
        342,
        576,
        213,
        2686,
        19,
        352,
        60,
        134,
        843,
        620,
        590,
        4014,
        4,
        244,
        356,
        25,
        1192,
        183,
        732,
        885,
        205,
        7476,
        1369,
        3686,
        1604,
        299,
        133,
        947,
        727,
        266,
        39,
        510,
        2142,
        102,
        4412,
        40,
        248,
        84,
        34,
        1006,
        283,
        15,
        66,
        107,
        1235,
        398,
        89,
        34,
        23,
        472,
        14,
        391,
        227,
        72,
        52,
        119,
        279,
        2278,
        356,
        3034,
        41,
        508,
        985,
        168,
        183,
        1387,
        16,
        58,
        64,
        4342,
        5,
        4618,
        206,
        674,
        77,
        257,
        1214,
        59,
        236,
        212,
        230,
        19,
        984,
        77,
        1,
        838,
        108,
        94,
        324,
        26,
        58,
        921,
        2213,
        162,
        44,
        343,
        253,
        117,
        55,
        432,
        69,
        30,
        40,
        25,
        1604,
        553,
        90,
        641,
        42,
        126,
        41,
        118,
        41,
        28,
        579,
        735,
        106,
        174,
        72,
        832,
        42,
        15,
        17,
        2877,
        309,
        408,
        25,
        59,
        167,
        384,
        8,
        40,
        641,
        57,
        2035,
        89,
        498,
        150,
        113,
        228,
        1046,
        191,
        379,
        50,
        48,
        147,
        132,
        49,
        1477,
        28,
        428,
        253,
        132,
        351,
        23,
        20,
        84,
        347,
        24,
        386,
        21,
        41,
        16,
        95,
        308,
        53,
        130,
        313,
        168,
        19,
        272,
        117,
        653,
        731,
        766,
        34,
        34,
        259,
        1077,
        25,
        3316,
        303,
        335,
        3,
        208,
        701,
        84,
        55,
        644,
        5095,
        1870,
        4570,
        425,
        5860,
        176,
        326,
        116,
        97,
        25,
        302,
        85,
        302,
        2686,
        43,
        277,
        360,
        39,
        48,
        673,
        860,
        77,
        33,
        757,
        137,
        18,
        111,
        138,
        226,
        47
      ],
      "intervention_topk": [
        [
          1,
          0.03374233128834356
        ],
        [
          2,
          0.10122699386503067
        ],
        [
          3,
          0.15030674846625766
        ]
      ],