{
  "10": {
    "original": {
      "clean_topk": [
        [
          1,
          0.0
        ],
        [
          2,
          0.005970149253731343
        ],
        [
          3,
          0.014925373134328358
        ]
      ],
      "clean_rank_list": [
        906,
        55,
        106,
        459,
        214,
        1477,
        1994,
        2940,
        148,
        274,
        132,
        43,
        139,
        175,
        119,
        520,
        214,
        2454,
        81,
        659,
        2026,
        22,
        24,
        570,
        138,
        38,
        50,
        159,
        243,
        2238,
        24,
        273,
        641,
        249,
        38,
        606,
        279,
        125,
        323,
        64,
        261,
        20,
        231,
        19,
        78,
        3142,
        221,
        342,
        312,
        2335,
        459,
        335,
        44,
        36,
        132,
        164,
        5,
        25,
        1192,
        40,
        93,
        77,
        93,
        368,
        101,
        706,
        259,
        48,
        49,
        8,
        300,
        405,
        1527,
        267,
        739,
        234,
        150,
        9,
        283,
        665,
        50,
        90,
        484,
        510,
        42,
        47,
        39,
        1365,
        3,
        692,
        230,
        6149,
        88,
        10,
        608,
        88,
        149,
        2313,
        154,
        291,
        345,
        33,
        56,
        52,
        257,
        16,
        243,
        154,
        66,
        445,
        2407,
        84,
        109,
        2522,
        56,
        414,
        553,
        2766,
        53,
        342,
        184,
        1070,
        435,
        54,
        122,
        137,
        42,
        40,
        82,
        61,
        59,
        14,
        605,
        891,
        283,
        158,
        714,
        76,
        253,
        194,
        23,
        1086,
        36,
        424,
        606,
        3436,
        16,
        18,
        58,
        249,
        110,
        35,
        208,
        176,
        309,
        1368,
        58,
        176,
        150,
        2,
        153,
        102,
        171,
        94,
        632,
        1300,
        23,
        1096,
        278,
        892,
        1419,
        758,
        124,
        49,
        4190,
        715,
        100,
        174,
        589,
        539,
        8,
        87,
        410,
        35,
        2543,
        122,
        307,
        38,
        22,
        430,
        58,
        60,
        607,
        53,
        67,
        54,
        2389,
        118,
        23,
        306,
        194,
        89,
        18,
        112,
        170,
        78,
        781,
        377,
        825,
        10,
        1071,
        56,
        258,
        27,
        6,
        24,
        26,
        51,
        258,
        21,
        172,
        374,
        22,
        57,
        40,
        24,
        112,
        844,
        19,
        319,
        106,
        30,
        33,
        59,
        15,
        21,
        385,
        283,
        4618,
        1,
        669,
        33,
        545,
        22,
        2278,
        1676,
        215,
        30,
        337,
        493,
        249,
        47,
        180,
        19,
        579,
        3517,
        1038,
        937,
        1332,
        732,
        168,
        120,
        205,
        55,
        355,
        62,
        302,
        719,
        3098,
        375,
        24,
        78,
        1,
        30,
        128,
        410,
        133,
        1857,
        1107,
        164,
        2689,
        21,
        1181,
        136,
        7,
        103,
        117,
        226,
        3007,
        840,
        41,
        86,
        152,
        11,
        147,
        191,
        162,
        15,
        100,
        191,
        47,
        931,
        16,
        462,
        26,
        34,
        701,
        313,
        843,
        2,
        674,
        431,
        507,
        866,
        130,
        218,
        2,
        1683,
        33,
        27,
        2215,
        501,
        47,
        57,
        81,
        350,
        518,
        23,
        122,
        29,
        38,
        12,
        1138,
        42,
        227
      ],
      "intervention_topk": [
        [
          1,
          0.050746268656716415
        ],
        [
          2,
          0.12238805970149254
        ],
        [
          3,
          0.14626865671641792
        ]
      ],