{
  "7": {
    "original": {
      "clean_topk": [
        [
          1,
          0.0975609756097561
        ],
        [
          2,
          0.0975609756097561
        ],
        [
          3,
          0.0975609756097561
        ]
      ],
      "clean_rank_list": [
        371,
        9,
        15,
        8,
        19,
        91,
        24,
        27,
        101,
        8,
        0,
        116,
        67,
        16,
        31,
        6,
        141,
        0,
        1274,
        14,
        14,
        63,
        17,
        21,
        9,
        7,
        60,
        0,
        18,
        129,
        62,
        58,
        197,
        4,
        23,
        13,
        14,
        44,
        11,
        20,
        0
      ],
      "intervention_topk": [
        [
          1,
          0.0975609756097561
        ],
        [
          2,
          0.0975609756097561
        ],
        [
          3,
          0.0975609756097561
        ]
      ],
      "intervention_rank_list": [
        168,
        11,
        14,
        6,
        17,
        92,
        20,
        21,
        71,
        7,
        0,
        75,
        45,
        19,
        27,
        4,
        93,
        0,
        701,
        14,
        12,
        62,
        16,
        19,
        10,
        7,
        26,
        0,
        16,
        91,
        53,
        44,
        176,
        5,
        16,
        11,
        13,
        32,
        12,
        18,
        0
      ]
    },
    "centred": {
      "clean_topk": [
        [
          1,
          0.0975609756097561
        ],
        [
          2,
          0.0975609756097561
        ],
        [
          3,
          0.0975609756097561
        ]
      ],
      "clean_rank_list": [
        371,
        9,
        15,
        8,
        19,
        91,
        24,
        27,
        101,
        8,
        0,
        116,
        67,
        16,
        31,
        6,
        141,
        0,
        1274,
        14,
        14,
        63,
        17,
        21,
        9,
        7,
        60,
        0,
        18,
        129,
        62,
        58,
        197,
        4,
        23,
        13,
        14,
        44,
        11,
        20,
        0
      ],
      "intervention_topk": [
        [
          1,
          0.0975609756097561
        ],
        [
          2,
          0.0975609756097561
        ],
        [
          3,
          0.0975609756097561
        ]
      ],
      "intervention_rank_list": [
        217,
        11,
        39,
        4,
        28,
        57,
        30,
        56,
        164,
        12,
        0,
        52,
        63,
        11,
        41,
        4,
        148,
        0,
        720,
        8,
        11,
        42,
        23,
        24,
        12,
        12,
        27,
        0,
        8,
        83,
        44,
        23,
        137,
        3,
        22,
        24,
        16,
        146,
        16,
        16,
        0
      ]
    }
  },
  "8": {
    "original": {
      "clean_topk": [
        [
          1,
          0.0975609756097561
        ],
        [
          2,
          0.0975609756097561
        ],
        [
          3,
          0.0975609756097561
        ]
      ],
      "clean_rank_list": [
        371,
        9,
        15,
        8,
        19,
        91,
        24,
        27,
        101,
        8,
        0,
        116,
        67,
        16,
        31,
        6,
        141,
        0,
        1274,
        14,
        14,
        63,
        17,
        21,
        9,
        7,
        60,
        0,
        18,
        129,
        62,
        58,
        197,
        4,
        23,
        13,
        14,
        44,
        11,
        20,
        0
      ],
      "intervention_topk": [
        [
          1,
          0.0975609756097561
        ],
        [
          2,
          0.0975609756097561
        ],
        [
          3,
          0.0975609756097561
        ]
      ],
      "intervention_rank_list": [
        56,
        10,
        8,
        4,
        10,
        33,
        12,
        11,
        51,
        5,
        0,
        31,
        29,
        12,
        14,
        3,
        46,
        0,
        423,
        7,
        6,
        34,
        11,
        11,
        5,
        5,
        11,
        0,
        10,
        45,
        26,
        30,
        146,
        4,
        7,
        7,
        10,
        13,
        8,
        11,
        0
      ]
    },
    "centred": {
      "clean_topk": [
        [
          1,
          0.0975609756097561
        ],
        [
          2,
          0.0975609756097561
        ],
        [
          3,
          0.0975609756097561
        ]
      ],
      "clean_rank_list": [
        371,
        9,
        15,
        8,
        19,
        91,
        24,
        27,
        101,
        8,
        0,
        116,
        67,
        16,
        31,
        6,
        141,
        0,
        1274,
        14,
        14,
        63,
        17,
        21,
        9,
        7,
        60,
        0,
        18,
        129,
        62,
        58,
        197,
        4,
        23,
        13,
        14,
        44,
        11,
        20,
        0
      ],
      "intervention_topk": [
        [
          1,
          0.0975609756097561
        ],
        [
          2,
          0.0975609756097561
        ],
        [
          3,
          0.12195121951219512
        ]
      ],
      "intervention_rank_list": [
        109,
        9,
        28,
        2,
        14,
        85,
        46,
        38,
        113,
        7,
        0,
        38,
        62,
        14,
        22,
        4,
        123,
        0,
        681,
        7,
        9,
        40,
        40,
        15,
        9,
        14,
        16,
        0,
        7,
        82,
        40,
        21,
        145,
        3,
        5,
        20,
        14,
        59,
        13,
        13,
        0
      ]
    }
  },
  "9": {
    "original": {
      "clean_topk": [
        [
          1,
          0.0975609756097561
        ],
        [
          2,
          0.0975609756097561
        ],
        [
          3,
          0.0975609756097561
        ]
      ],
      "clean_rank_list": [
        371,
        9,
        15,
        8,
        19,
        91,
        24,
        27,
        101,
        8,
        0,
        116,
        67,
        16,
        31,
        6,
        141,
        0,
        1274,
        14,
        14,
        63,
        17,
        21,
        9,
        7,
        60,
        0,
        18,
        129,
        62,
        58,
        197,
        4,
        23,
        13,
        14,
        44,
        11,
        20,
        0
      ],
      "intervention_topk": [
        [
          1,
          0.0975609756097561
        ],
        [
          2,
          0.1951219512195122
        ],
        [
          3,
          0.21951219512195122
        ]
      ],
      "intervention_rank_list": [
        12,
        4,
        4,
        1,
        3,
        7,
        4,
        4,
        25,
        3,
        0,
        9,
        9,
        4,
        5,
        1,
        9,
        0,
        172,
        3,
        3,
        13,
        3,
        3,
        1,
        1,
        5,
        0,
        4,
        11,
        12,
        18,
        88,
        2,
        4,
        3,
        5,
        5,
        3,
        4,
        0
      ]
    },
    "centred": {
      "clean_topk": [
        [
          1,
          0.0975609756097561
        ],
        [
          2,
          0.0975609756097561
        ],
        [
          3,
          0.0975609756097561
        ]
      ],