{
  "7": {
    "original": {
      "clean_topk": [
        [
          1,
          0.09523809523809523
        ],
        [
          2,
          0.09523809523809523
        ],
        [
          3,
          0.11904761904761904
        ]
      ],
      "clean_rank_list": [
        9,
        408,
        30,
        25,
        14,
        0,
        7,
        141,
        9,
        8,
        0,
        44,
        12,
        874,
        15,
        45,
        2,
        105,
        16,
        20,
        0,
        257,
        83,
        22,
        23,
        11,
        63,
        38,
        23,
        31,
        212,
        38,
        111,
        0,
        49,
        116,
        48,
        85,
        14,
        12,
        80,
        27
      ],
      "intervention_topk": [
        [
          1,
          0.09523809523809523
        ],
        [
          2,
          0.09523809523809523
        ],
        [
          3,
          0.09523809523809523
        ]
      ],
      "intervention_rank_list": [
        11,
        297,
        18,
        17,
        21,
        0,
        8,
        95,
        11,
        7,
        0,
        32,
        12,
        494,
        13,
        34,
        4,
        96,
        15,
        17,
        0,
        262,
        62,
        22,
        16,
        13,
        45,
        33,
        24,
        27,
        184,
        29,
        92,
        0,
        52,
        78,
        40,
        83,
        13,
        12,
        79,
        21
      ]
    },
    "centred": {
      "clean_topk": [
        [
          1,
          0.09523809523809523
        ],
        [
          2,
          0.09523809523809523
        ],
        [
          3,
          0.11904761904761904
        ]
      ],
      "clean_rank_list": [
        9,
        408,
        30,
        25,
        14,
        0,
        7,
        141,
        9,
        8,
        0,
        44,
        12,
        874,
        15,
        45,
        2,
        105,
        16,
        20,
        0,
        257,
        83,
        22,
        23,
        11,
        63,
        38,
        23,
        31,
        212,
        38,
        111,
        0,
        49,
        116,
        48,
        85,
        14,
        12,
        80,
        27
      ],
      "intervention_topk": [
        [
          1,
          0.09523809523809523
        ],
        [
          2,
          0.09523809523809523
        ],
        [
          3,
          0.09523809523809523
        ]
      ],
      "intervention_rank_list": [
        11,
        422,
        29,
        18,
        33,
        0,
        9,
        145,
        16,
        11,
        0,
        147,
        9,
        988,
        10,
        76,
        6,
        75,
        37,
        10,
        0,
        175,
        56,
        46,
        9,
        15,
        44,
        33,
        39,
        41,
        102,
        55,
        116,
        0,
        113,
        53,
        27,
        45,
        13,
        11,
        114,
        57
      ]
    }
  },
  "8": {
    "original": {
      "clean_topk": [
        [
          1,
          0.09523809523809523
        ],
        [
          2,
          0.09523809523809523
        ],
        [
          3,
          0.11904761904761904
        ]
      ],
      "clean_rank_list": [
        9,
        408,
        30,
        25,
        14,
        0,
        7,
        141,
        9,
        8,
        0,
        44,
        12,
        874,
        15,
        45,
        2,
        105,
        16,
        20,
        0,
        257,
        83,
        22,
        23,
        11,
        63,
        38,
        23,
        31,
        212,
        38,
        111,
        0,
        49,
        116,
        48,
        85,
        14,
        12,
        80,
        27
      ],
      "intervention_topk": [
        [
          1,
          0.09523809523809523
        ],
        [
          2,
          0.09523809523809523
        ],
        [
          3,
          0.09523809523809523
        ]
      ],
      "intervention_rank_list": [
        10,
        131,
        8,
        11,
        15,
        0,
        6,
        47,
        5,
        5,
        0,
        13,
        6,
        227,
        7,
        28,
        3,
        59,
        10,
        11,
        0,
        149,
        20,
        11,
        10,
        12,
        20,
        26,
        13,
        14,
        82,
        17,
        46,
        0,
        17,
        32,
        37,
        64,
        9,
        10,
        30,
        11
      ]
    },
    "centred": {
      "clean_topk": [
        [
          1,
          0.09523809523809523
        ],
        [
          2,
          0.09523809523809523
        ],
        [
          3,
          0.11904761904761904
        ]
      ],
      "clean_rank_list": [
        9,
        408,
        30,
        25,
        14,
        0,
        7,
        141,
        9,
        8,
        0,
        44,
        12,
        874,
        15,
        45,
        2,
        105,
        16,
        20,
        0,
        257,
        83,
        22,
        23,
        11,
        63,
        38,
        23,
        31,
        212,
        38,
        111,
        0,
        49,
        116,
        48,
        85,
        14,
        12,
        80,
        27
      ],
      "intervention_topk": [
        [
          1,
          0.09523809523809523
        ],
        [
          2,
          0.09523809523809523
        ],
        [
          3,
          0.09523809523809523
        ]
      ],
      "intervention_rank_list": [
        11,
        339,
        29,
        21,
        55,
        0,
        12,
        124,
        16,
        8,
        0,
        59,
        8,
        638,
        9,
        55,
        6,
        79,
        30,
        9,
        0,
        189,
        41,
        37,
        8,
        13,
        35,
        31,
        40,
        22,
        88,
        55,
        101,
        0,
        77,
        38,
        27,
        44,
        12,
        9,
        77,
        39
      ]
    }
  },
  "9": {
    "original": {
      "clean_topk": [
        [
          1,
          0.09523809523809523
        ],
        [
          2,
          0.09523809523809523
        ],
        [
          3,
          0.11904761904761904
        ]
      ],
      "clean_rank_list": [
        9,
        408,
        30,
        25,
        14,
        0,
        7,
        141,
        9,
        8,
        0,
        44,
        12,
        874,
        15,
        45,
        2,
        105,
        16,
        20,
        0,
        257,
        83,
        22,
        23,
        11,
        63,
        38,
        23,
        31,
        212,
        38,
        111,
        0,
        49,
        116,
        48,
        85,
        14,
        12,
        80,
        27
      ],
      "intervention_topk": [
        [
          1,
          0.09523809523809523
        ],
        [
          2,
          0.14285714285714285
        ],
        [
          3,
          0.19047619047619047
        ]
      ],
      "intervention_rank_list": [
        4,
        47,
        3,
        8,
        6,
        0,
        1,
        9,
        2,
        2,
        0,
        5,
        3,
        83,
        4,
        10,
        1,
        16,
        4,
        4,
        0,
        52,
        7,
        4,
        3,
        5,
        10,
        11,
        5,
        5,
        12,
        9,
        19,
        0,
        5,
        9,
        30,
        22,
        3,
        3,
        7,
        4
      ]
    },