{
  "7": {
    "original": {
      "clean_topk": [
        [
          1,
          0.13157894736842105
        ],
        [
          2,
          0.13157894736842105
        ],
        [
          3,
          0.13157894736842105
        ]
      ],
      "clean_rank_list": [
        10,
        74,
        44,
        12,
        199,
        8,
        48,
        27,
        80,
        22,
        17,
        52,
        15,
        0,
        182,
        20,
        57,
        40,
        22,
        11,
        0,
        31,
        371,
        24,
        159,
        0,
        85,
        298,
        0,
        12,
        0,
        91,
        114,
        13,
        41,
        63,
        110,
        60
      ],
      "intervention_topk": [
        [
          1,
          0.13157894736842105
        ],
        [
          2,
          0.13157894736842105
        ],
        [
          3,
          0.13157894736842105
        ]
      ],
      "intervention_rank_list": [
        11,
        50,
        32,
        12,
        140,
        7,
        38,
        18,
        77,
        22,
        22,
        72,
        14,
        0,
        148,
        18,
        41,
        42,
        17,
        12,
        0,
        24,
        171,
        20,
        119,
        0,
        80,
        223,
        0,
        13,
        0,
        93,
        63,
        17,
        34,
        45,
        83,
        26
      ]
    },
    "centred": {
      "clean_topk": [
        [
          1,
          0.13157894736842105
        ],
        [
          2,
          0.13157894736842105
        ],
        [
          3,
          0.13157894736842105
        ]
      ],
      "clean_rank_list": [
        10,
        74,
        44,
        12,
        199,
        8,
        48,
        27,
        80,
        22,
        17,
        52,
        15,
        0,
        182,
        20,
        57,
        40,
        22,
        11,
        0,
        31,
        371,
        24,
        159,
        0,
        85,
        298,
        0,
        12,
        0,
        91,
        114,
        13,
        41,
        63,
        110,
        60
      ],
      "intervention_topk": [
        [
          1,
          0.13157894736842105
        ],
        [
          2,
          0.13157894736842105
        ],
        [
          3,
          0.13157894736842105
        ]
      ],
      "intervention_rank_list": [
        20,
        31,
        146,
        11,
        149,
        11,
        26,
        72,
        111,
        45,
        35,
        73,
        45,
        0,
        169,
        20,
        43,
        46,
        12,
        9,
        0,
        61,
        214,
        30,
        89,
        0,
        45,
        250,
        0,
        33,
        0,
        57,
        18,
        27,
        71,
        44,
        31,
        27
      ]
    }
  },
  "8": {
    "original": {
      "clean_topk": [
        [
          1,
          0.13157894736842105
        ],
        [
          2,
          0.13157894736842105
        ],
        [
          3,
          0.13157894736842105
        ]
      ],
      "clean_rank_list": [
        10,
        74,
        44,
        12,
        199,
        8,
        48,
        27,
        80,
        22,
        17,
        52,
        15,
        0,
        182,
        20,
        57,
        40,
        22,
        11,
        0,
        31,
        371,
        24,
        159,
        0,
        85,
        298,
        0,
        12,
        0,
        91,
        114,
        13,
        41,
        63,
        110,
        60
      ],
      "intervention_topk": [
        [
          1,
          0.13157894736842105
        ],
        [
          2,
          0.13157894736842105
        ],
        [
          3,
          0.13157894736842105
        ]
      ],
      "intervention_rank_list": [
        5,
        41,
        13,
        10,
        62,
        5,
        17,
        10,
        30,
        11,
        16,
        40,
        9,
        0,
        76,
        12,
        26,
        25,
        9,
        7,
        0,
        12,
        57,
        12,
        59,
        0,
        65,
        113,
        0,
        7,
        0,
        33,
        43,
        11,
        18,
        20,
        41,
        11
      ]
    },
    "centred": {
      "clean_topk": [
        [
          1,
          0.13157894736842105
        ],
        [
          2,
          0.13157894736842105
        ],
        [
          3,
          0.13157894736842105
        ]
      ],
      "clean_rank_list": [
        10,
        74,
        44,
        12,
        199,
        8,
        48,
        27,
        80,
        22,
        17,
        52,
        15,
        0,
        182,
        20,
        57,
        40,
        22,
        11,
        0,
        31,
        371,
        24,
        159,
        0,
        85,
        298,
        0,
        12,
        0,
        91,
        114,
        13,
        41,
        63,
        110,
        60
      ],
      "intervention_topk": [
        [
          1,
          0.13157894736842105
        ],
        [
          2,
          0.13157894736842105
        ],
        [
          3,
          0.13157894736842105
        ]
      ],
      "intervention_rank_list": [
        12,
        32,
        60,
        9,
        106,
        7,
        19,
        27,
        78,
        37,
        27,
        113,
        29,
        0,
        81,
        20,
        42,
        38,
        7,
        8,
        0,
        46,
        110,
        46,
        93,
        0,
        44,
        178,
        0,
        23,
        0,
        88,
        21,
        45,
        63,
        35,
        40,
        16
      ]
    }
  },
  "9": {
    "original": {
      "clean_topk": [
        [
          1,
          0.13157894736842105
        ],
        [
          2,
          0.13157894736842105
        ],
        [
          3,
          0.13157894736842105
        ]
      ],
      "clean_rank_list": [
        10,
        74,
        44,
        12,
        199,
        8,
        48,
        27,
        80,
        22,
        17,
        52,
        15,
        0,
        182,
        20,
        57,
        40,
        22,
        11,
        0,
        31,
        371,
        24,
        159,
        0,
        85,
        298,
        0,
        12,
        0,
        91,
        114,
        13,
        41,
        63,
        110,
        60
      ],
      "intervention_topk": [
        [
          1,
          0.13157894736842105
        ],
        [
          2,
          0.13157894736842105
        ],
        [
          3,
          0.18421052631578946
        ]
      ],
      "intervention_rank_list": [
        2,
        39,
        5,
        3,
        16,
        2,
        6,
        6,
        7,
        4,
        5,
        7,
        3,
        0,
        14,
        4,
        10,
        8,
        5,
        4,
        0,
        4,
        12,
        4,
        12,
        0,
        23,
        37,
        0,
        3,
        0,
        9,
        20,
        3,
        5,
        10,
        21,
        5
      ]
    },
    "centred": {
      "clean_topk": [
        [
          1,
          0.13157894736842105
        ],
        [
          2,
          0.13157894736842105
        ],
        [
          3,
          0.13157894736842105
        ]
      ],