{
  "7": {
    "original": {
      "clean_topk": [
        [
          1,
          0.07317073170731707
        ],
        [
          2,
          0.07317073170731707
        ],
        [
          3,
          0.07317073170731707
        ]
      ],
      "clean_rank_list": [
        13,
        0,
        31,
        17,
        54,
        56,
        11,
        129,
        45,
        17,
        69,
        23,
        244,
        14,
        16,
        21,
        27,
        19,
        6,
        90,
        19,
        91,
        111,
        0,
        43,
        0,
        16,
        44,
        105,
        80,
        18,
        12,
        14,
        62,
        16,
        30,
        59,
        19,
        97,
        94,
        30
      ],
      "intervention_topk": [
        [
          1,
          0.07317073170731707
        ],
        [
          2,
          0.07317073170731707
        ],
        [
          3,
          0.07317073170731707
        ]
      ],
      "intervention_rank_list": [
        11,
        0,
        27,
        13,
        33,
        36,
        11,
        95,
        39,
        17,
        38,
        15,
        214,
        13,
        13,
        16,
        21,
        20,
        4,
        76,
        17,
        92,
        93,
        0,
        44,
        0,
        19,
        30,
        96,
        79,
        15,
        11,
        14,
        54,
        15,
        18,
        53,
        15,
        65,
        70,
        19
      ]
    },
    "centred": {
      "clean_topk": [
        [
          1,
          0.07317073170731707
        ],
        [
          2,
          0.07317073170731707
        ],
        [
          3,
          0.07317073170731707
        ]
      ],
      "clean_rank_list": [
        13,
        0,
        31,
        17,
        54,
        56,
        11,
        129,
        45,
        17,
        69,
        23,
        244,
        14,
        16,
        21,
        27,
        19,
        6,
        90,
        19,
        91,
        111,
        0,
        43,
        0,
        16,
        44,
        105,
        80,
        18,
        12,
        14,
        62,
        16,
        30,
        59,
        19,
        97,
        94,
        30
      ],
      "intervention_topk": [
        [
          1,
          0.07317073170731707
        ],
        [
          2,
          0.07317073170731707
        ],
        [
          3,
          0.07317073170731707
        ]
      ],
      "intervention_rank_list": [
        24,
        0,
        41,
        7,
        32,
        92,
        13,
        83,
        41,
        23,
        31,
        9,
        72,
        11,
        16,
        36,
        57,
        29,
        4,
        56,
        28,
        57,
        117,
        0,
        17,
        0,
        11,
        28,
        75,
        114,
        12,
        18,
        8,
        45,
        37,
        30,
        34,
        14,
        60,
        62,
        30
      ]
    }
  },
  "8": {
    "original": {
      "clean_topk": [
        [
          1,
          0.07317073170731707
        ],
        [
          2,
          0.07317073170731707
        ],
        [
          3,
          0.07317073170731707
        ]
      ],
      "clean_rank_list": [
        13,
        0,
        31,
        17,
        54,
        56,
        11,
        129,
        45,
        17,
        69,
        23,
        244,
        14,
        16,
        21,
        27,
        19,
        6,
        90,
        19,
        91,
        111,
        0,
        43,
        0,
        16,
        44,
        105,
        80,
        18,
        12,
        14,
        62,
        16,
        30,
        59,
        19,
        97,
        94,
        30
      ],
      "intervention_topk": [
        [
          1,
          0.07317073170731707
        ],
        [
          2,
          0.07317073170731707
        ],
        [
          3,
          0.07317073170731707
        ]
      ],
      "intervention_rank_list": [
        7,
        0,
        14,
        7,
        12,
        19,
        7,
        45,
        22,
        13,
        12,
        11,
        118,
        6,
        7,
        10,
        11,
        12,
        3,
        26,
        10,
        33,
        46,
        0,
        20,
        0,
        12,
        15,
        58,
        30,
        11,
        5,
        9,
        27,
        10,
        8,
        36,
        10,
        17,
        34,
        12
      ]
    },
    "centred": {
      "clean_topk": [
        [
          1,
          0.07317073170731707
        ],
        [
          2,
          0.07317073170731707
        ],
        [
          3,
          0.07317073170731707
        ]
      ],
      "clean_rank_list": [
        13,
        0,
        31,
        17,
        54,
        56,
        11,
        129,
        45,
        17,
        69,
        23,
        244,
        14,
        16,
        21,
        27,
        19,
        6,
        90,
        19,
        91,
        111,
        0,
        43,
        0,
        16,
        44,
        105,
        80,
        18,
        12,
        14,
        62,
        16,
        30,
        59,
        19,
        97,
        94,
        30
      ],
      "intervention_topk": [
        [
          1,
          0.07317073170731707
        ],
        [
          2,
          0.07317073170731707
        ],
        [
          3,
          0.07317073170731707
        ]
      ],
      "intervention_rank_list": [
        20,
        0,
        21,
        7,
        23,
        61,
        14,
        81,
        39,
        19,
        16,
        7,
        76,
        9,
        14,
        21,
        38,
        24,
        4,
        40,
        14,
        86,
        101,
        0,
        14,
        0,
        14,
        16,
        78,
        77,
        7,
        15,
        7,
        40,
        30,
        30,
        31,
        11,
        58,
        48,
        25
      ]
    }
  },
  "9": {
    "original": {
      "clean_topk": [
        [
          1,
          0.07317073170731707
        ],
        [
          2,
          0.07317073170731707
        ],
        [
          3,
          0.07317073170731707
        ]
      ],
      "clean_rank_list": [
        13,
        0,
        31,
        17,
        54,
        56,
        11,
        129,
        45,
        17,
        69,
        23,
        244,
        14,
        16,
        21,
        27,
        19,
        6,
        90,
        19,
        91,
        111,
        0,
        43,
        0,
        16,
        44,
        105,
        80,
        18,
        12,
        14,
        62,
        16,
        30,
        59,
        19,
        97,
        94,
        30
      ],
      "intervention_topk": [
        [
          1,
          0.07317073170731707
        ],
        [
          2,
          0.0975609756097561
        ],
        [
          3,
          0.14634146341463414
        ]
      ],
      "intervention_rank_list": [
        3,
        0,
        5,
        4,
        4,
        8,
        2,
        10,
        13,
        5,
        5,
        4,
        52,
        3,
        3,
        4,
        4,
        4,
        1,
        7,
        3,
        8,
        19,
        0,
        7,
        0,
        4,
        7,
        16,
        7,
        6,
        4,
        3,
        12,
        4,
        3,
        15,
        5,
        5,
        10,
        2
      ]
    },
    "centred": {
      "clean_topk": [
        [
          1,
          0.07317073170731707
        ],
        [
          2,
          0.07317073170731707
        ],
        [
          3,
          0.07317073170731707
        ]
      ],