{
  "9": {
    "original": {
      "clean_topk": [
        [
          1,
          0.07317073170731707
        ],
        [
          2,
          0.07317073170731707
        ],
        [
          3,
          0.07317073170731707
        ]
      ],
      "clean_rank_list": [
        21,
        11,
        21,
        13,
        11,
        34,
        11,
        36,
        168,
        0,
        34,
        19,
        12,
        177,
        40,
        18,
        25,
        43,
        88,
        0,
        61,
        9,
        15,
        64,
        19,
        8,
        32,
        0,
        23,
        33,
        24,
        6,
        23,
        782,
        21,
        9,
        12,
        54,
        61,
        36,
        70
      ],
      "intervention_topk": [
        [
          1,
          0.12195121951219512
        ],
        [
          2,
          0.6097560975609756
        ],
        [
          3,
          0.7560975609756098
        ]
      ],
      "intervention_rank_list": [
        1,
        1,
        2,
        1,
        1,
        2,
        1,
        1,
        9,
        0,
        1,
        2,
        1,
        10,
        1,
        1,
        3,
        3,
        7,
        0,
        1,
        0,
        1,
        9,
        1,
        1,
        2,
        0,
        2,
        1,
        1,
        0,
        1,
        5,
        1,
        1,
        1,
        2,
        9,
        11,
        3
      ]
    },
    "centred": {
      "clean_topk": [
        [
          1,
          0.07317073170731707
        ],
        [
          2,
          0.07317073170731707
        ],
        [
          3,
          0.07317073170731707
        ]
      ],
      "clean_rank_list": [
        21,
        11,
        21,
        13,
        11,
        34,
        11,
        36,
        168,
        0,
        34,
        19,
        12,
        177,
        40,
        18,
        25,
        43,
        88,
        0,
        61,
        9,
        15,
        64,
        19,
        8,
        32,
        0,
        23,
        33,
        24,
        6,
        23,
        782,
        21,
        9,
        12,
        54,
        61,
        36,
        70
      ],
      "intervention_topk": [
        [
          1,
          0.0975609756097561
        ],
        [
          2,
          0.24390243902439024
        ],
        [
          3,
          0.4146341463414634
        ]
      ],
      "intervention_rank_list": [
        5,
        3,
        2,
        1,
        1,
        3,
        2,
        2,
        31,
        0,
        4,
        3,
        1,
        25,
        11,
        6,
        6,
        3,
        8,
        0,
        5,
        0,
        2,
        12,
        2,
        5,
        3,
        0,
        4,
        13,
        1,
        1,
        2,
        10,
        6,
        2,
        1,
        4,
        10,
        27,
        7
      ]
    }
  }
}