{
  "7": {
    "original": {
      "clean_topk": [
        [
          1,
          0.0
        ],
        [
          2,
          0.023255813953488372
        ],
        [
          3,
          0.09302325581395349
        ]
      ],
      "clean_rank_list": [
        4,
        53,
        36,
        17,
        13,
        4,
        21,
        14,
        32,
        56,
        10,
        4,
        48,
        41,
        100,
        40,
        48,
        329,
        17,
        4,
        7,
        28,
        233,
        156,
        20,
        61,
        3,
        63,
        37,
        2,
        57,
        20,
        108,
        19,
        13,
        2,
        3,
        64,
        13,
        106,
        20,
        2,
        1
      ],
      "intervention_topk": [
        [
          1,
          0.4883720930232558
        ],
        [
          2,
          0.5348837209302325
        ],
        [
          3,
          0.5348837209302325
        ]
      ],
      "intervention_rank_list": [
        0,
        14,
        34,
        0,
        0,
        0,
        0,
        0,
        1,
        34,
        0,
        0,
        21,
        31,
        56,
        8,
        21,
        173,
        0,
        0,
        0,
        16,
        81,
        72,
        0,
        19,
        0,
        34,
        25,
        0,
        20,
        1,
        48,
        14,
        0,
        0,
        0,
        19,
        0,
        62,
        0,
        0,
        0
      ]
    },
    "centred": {
      "clean_topk": [
        [
          1,
          0.0
        ],
        [
          2,
          0.023255813953488372
        ],
        [
          3,
          0.09302325581395349
        ]
      ],
      "clean_rank_list": [
        4,
        53,
        36,
        17,
        13,
        4,
        21,
        14,
        32,
        56,
        10,
        4,
        48,
        41,
        100,
        40,
        48,
        329,
        17,
        4,
        7,
        28,
        233,
        156,
        20,
        61,
        3,
        63,
        37,
        2,
        57,
        20,
        108,
        19,
        13,
        2,
        3,
        64,
        13,
        106,
        20,
        2,
        1
      ],
      "intervention_topk": [
        [
          1,
          0.5348837209302325
        ],
        [
          2,
          0.5348837209302325
        ],
        [
          3,
          0.5348837209302325
        ]
      ],
      "intervention_rank_list": [
        0,
        4,
        99,
        0,
        0,
        0,
        0,
        0,
        0,
        27,
        0,
        0,
        18,
        87,
        39,
        4,
        19,
        109,
        0,
        0,
        0,
        8,
        23,
        26,
        0,
        7,
        0,
        51,
        19,
        0,
        14,
        0,
        119,
        58,
        0,
        0,
        0,
        5,
        0,
        24,
        0,
        0,
        0
      ]
    }
  },
  "8": {
    "original": {
      "clean_topk": [
        [
          1,
          0.0
        ],
        [
          2,
          0.023255813953488372
        ],
        [
          3,
          0.09302325581395349
        ]
      ],
      "clean_rank_list": [
        4,
        53,
        36,
        17,
        13,
        4,
        21,
        14,
        32,
        56,
        10,
        4,
        48,
        41,
        100,
        40,
        48,
        329,
        17,
        4,
        7,
        28,
        233,
        156,
        20,
        61,
        3,
        63,
        37,
        2,
        57,
        20,
        108,
        19,
        13,
        2,
        3,
        64,
        13,
        106,
        20,
        2,
        1
      ],
      "intervention_topk": [
        [
          1,
          0.5348837209302325
        ],
        [
          2,
          0.5348837209302325
        ],
        [
          3,
          0.5348837209302325
        ]
      ],
      "intervention_rank_list": [
        0,
        8,
        27,
        0,
        0,
        0,
        0,
        0,
        0,
        28,
        0,
        0,
        15,
        19,
        40,
        4,
        16,
        128,
        0,
        0,
        0,
        9,
        65,
        43,
        0,
        8,
        0,
        26,
        15,
        0,
        17,
        0,
        39,
        10,
        0,
        0,
        0,
        12,
        0,
        29,
        0,
        0,
        0
      ]
    },
    "centred": {
      "clean_topk": [
        [
          1,
          0.0
        ],
        [
          2,
          0.023255813953488372
        ],
        [
          3,
          0.09302325581395349
        ]
      ],
      "clean_rank_list": [
        4,
        53,
        36,
        17,
        13,
        4,
        21,
        14,
        32,
        56,
        10,
        4,
        48,
        41,
        100,
        40,
        48,
        329,
        17,
        4,
        7,
        28,
        233,
        156,
        20,
        61,
        3,
        63,
        37,
        2,
        57,
        20,
        108,
        19,
        13,
        2,
        3,
        64,
        13,
        106,
        20,
        2,
        1
      ],
      "intervention_topk": [
        [
          1,
          0.5348837209302325
        ],
        [
          2,
          0.5348837209302325
        ],
        [
          3,
          0.5348837209302325
        ]
      ],
      "intervention_rank_list": [
        0,
        3,
        44,
        0,
        0,
        0,
        0,
        0,
        0,
        18,
        0,
        0,
        12,
        37,
        39,
        3,
        14,
        93,
        0,
        0,
        0,
        7,
        22,
        22,
        0,
        6,
        0,
        43,
        12,
        0,
        11,
        0,
        97,
        46,
        0,
        0,
        0,
        4,
        0,
        19,
        0,
        0,
        0
      ]
    }
  },
  "9": {
    "original": {
      "clean_topk": [
        [
          1,
          0.0
        ],
        [
          2,
          0.023255813953488372
        ],
        [
          3,
          0.09302325581395349
        ]
      ],
      "clean_rank_list": [
        4,
        53,
        36,
        17,
        13,
        4,
        21,
        14,
        32,
        56,
        10,
        4,
        48,
        41,
        100,
        40,
        48,
        329,
        17,
        4,
        7,
        28,
        233,
        156,
        20,
        61,
        3,
        63,
        37,
        2,
        57,
        20,
        108,
        19,
        13,
        2,
        3,
        64,
        13,
        106,
        20,
        2,
        1
      ],
      "intervention_topk": [
        [
          1,
          0.5348837209302325
        ],
        [
          2,
          0.5348837209302325
        ],
        [
          3,
          0.5348837209302325
        ]
      ],
      "intervention_rank_list": [
        0,
        7,
        16,
        0,
        0,
        0,
        0,
        0,
        0,
        23,
        0,
        0,
        9,
        13,
        31,
        6,
        9,
        70,
        0,
        0,
        0,
        7,
        56,
        36,
        0,
        8,
        0,
        19,
        12,
        0,
        14,
        0,
        21,
        6,
        0,
        0,
        0,
        8,
        0,
        21,
        0,
        0,
        0
      ]
    },
    "centred": {
      "clean_topk": [
        [
          1,
          0.0
        ],
        [
          2,
          0.023255813953488372
        ],
        [
          3,
          0.09302325581395349
        ]
      ],