{
  "12": {
    "original": {
      "clean_topk": [
        [
          1,
          0.023809523809523808
        ],
        [
          2,
          0.023809523809523808
        ],
        [
          3,
          0.023809523809523808
        ]
      ],
      "clean_rank_list": [
        37,
        11,
        441,
        242,
        120,
        12,
        34,
        36,
        179,
        24,
        64,
        15,
        15,
        54,
        938,
        7,
        84,
        0,
        5,
        7,
        61,
        5,
        59,
        236,
        24,
        7,
        24,
        7,
        111,
        34,
        34,
        9,
        8,
        22,
        34,
        40,
        76,
        19,
        21,
        11,
        44,
        11
      ],
      "intervention_topk": [
        [
          1,
          0.16666666666666666
        ],
        [
          2,
          0.6428571428571429
        ],
        [
          3,
          0.7619047619047619
        ]
      ],
      "intervention_rank_list": [
        1,
        0,
        48,
        3,
        4,
        1,
        1,
        6,
        2,
        1,
        6,
        1,
        0,
        1,
        107,
        1,
        11,
        0,
        0,
        1,
        8,
        0,
        2,
        1,
        1,
        1,
        1,
        1,
        3,
        1,
        2,
        1,
        0,
        2,
        1,
        2,
        1,
        1,
        0,
        1,
        3,
        1
      ]
    },
    "centred": {
      "clean_topk": [
        [
          1,
          0.023809523809523808
        ],
        [
          2,
          0.023809523809523808
        ],
        [
          3,
          0.023809523809523808
        ]
      ],
      "clean_rank_list": [
        37,
        11,
        441,
        242,
        120,
        12,
        34,
        36,
        179,
        24,
        64,
        15,
        15,
        54,
        938,
        7,
        84,
        0,
        5,
        7,
        61,
        5,
        59,
        236,
        24,
        7,
        24,
        7,
        111,
        34,
        34,
        9,
        8,
        22,
        34,
        40,
        76,
        19,
        21,
        11,
        44,
        11
      ],
      "intervention_topk": [
        [
          1,
          0.5238095238095238
        ],
        [
          2,
          0.7857142857142857
        ],
        [
          3,
          0.9047619047619048
        ]
      ],
      "intervention_rank_list": [
        1,
        0,
        14,
        1,
        0,
        1,
        0,
        2,
        2,
        1,
        3,
        0,
        1,
        0,
        32,
        0,
        2,
        0,
        0,
        0,
        2,
        0,
        3,
        1,
        0,
        0,
        1,
        0,
        1,
        0,
        1,
        0,
        0,
        0,
        1,
        2,
        1,
        0,
        0,
        0,
        0,
        0
      ]
    }
  }
}