{
  "12": {
    "original": {
      "clean_topk": [
        [
          1,
          0.07142857142857142
        ],
        [
          2,
          0.07142857142857142
        ],
        [
          3,
          0.07142857142857142
        ]
      ],
      "clean_rank_list": [
        0,
        7,
        61,
        12,
        9,
        53,
        0,
        199,
        15,
        15,
        59,
        56,
        14,
        119,
        10,
        27,
        51,
        0,
        47,
        21,
        6,
        197,
        474,
        54,
        36,
        11,
        16,
        21,
        19,
        12,
        78,
        56,
        18,
        43,
        11,
        79,
        17,
        107,
        5,
        289,
        64,
        6
      ],
      "intervention_topk": [
        [
          1,
          0.23809523809523808
        ],
        [
          2,
          0.6666666666666666
        ],
        [
          3,
          0.7857142857142857
        ]
      ],
      "intervention_rank_list": [
        0,
        1,
        1,
        0,
        1,
        1,
        0,
        7,
        0,
        0,
        2,
        1,
        1,
        28,
        0,
        1,
        1,
        0,
        2,
        0,
        1,
        4,
        8,
        1,
        5,
        1,
        1,
        2,
        2,
        1,
        2,
        1,
        1,
        4,
        1,
        1,
        1,
        8,
        0,
        25,
        6,
        0
      ]
    },
    "centred": {
      "clean_topk": [
        [
          1,
          0.07142857142857142
        ],
        [
          2,
          0.07142857142857142
        ],
        [
          3,
          0.07142857142857142
        ]
      ],
      "clean_rank_list": [
        0,
        7,
        61,
        12,
        9,
        53,
        0,
        199,
        15,
        15,
        59,
        56,
        14,
        119,
        10,
        27,
        51,
        0,
        47,
        21,
        6,
        197,
        474,
        54,
        36,
        11,
        16,
        21,
        19,
        12,
        78,
        56,
        18,
        43,
        11,
        79,
        17,
        107,
        5,
        289,
        64,
        6
      ],
      "intervention_topk": [
        [
          1,
          0.47619047619047616
        ],
        [
          2,
          0.7857142857142857
        ],
        [
          3,
          0.9047619047619048
        ]
      ],
      "intervention_rank_list": [
        0,
        0,
        0,
        0,
        0,
        1,
        0,
        9,
        0,
        1,
        2,
        1,
        0,
        21,
        0,
        0,
        1,
        0,
        0,
        0,
        1,
        3,
        0,
        1,
        2,
        1,
        0,
        1,
        2,
        0,
        1,
        0,
        0,
        1,
        1,
        1,
        1,
        2,
        0,
        2,
        3,
        0
      ]
    }
  }
}