{
  "9": {
    "original": {
      "clean_topk": [
        [
          1,
          0.019867549668874173
        ],
        [
          2,
          0.15562913907284767
        ],
        [
          3,
          0.20198675496688742
        ]
      ],
      "clean_rank_list": [
        1,
        103,
        16,
        1,
        7,
        1400,
        5,
        1,
        27,
        15,
        26,
        10,
        39,
        3315,
        0,
        1,
        2,
        115,
        26,
        49,
        37,
        116,
        1,
        32,
        2084,
        1,
        968,
        376,
        178,
        26,
        11,
        1,
        357,
        1,
        93,
        4489,
        128,
        0,
        62,
        2,
        25,
        288,
        88,
        98,
        15,
        18,
        199,
        23,
        7,
        95,
        67,
        14,
        275,
        0,
        133,
        9,
        108,
        16,
        22,
        44,
        246,
        0,
        32,
        246,
        9,
        31,
        2,
        29,
        8432,
        220,
        46,
        0,
        7,
        317,
        9,
        3,
        40,
        31,
        4,
        11,
        2,
        4,
        2,
        63,
        1,
        7,
        78,
        11,
        392,
        534,
        37,
        452,
        637,
        515,
        1,
        81,
        63,
        26,
        4,
        45,
        253,
        137,
        243,
        144,
        225,
        1,
        8,
        10,
        42,
        5,
        1,
        70,
        9,
        187,
        13,
        87,
        1,
        86,
        6,
        1,
        7,
        15,
        1222,
        137,
        9,
        21,
        1,
        73,
        1,
        4,
        6,
        14,
        9,
        5,
        17,
        41,
        1,
        11,
        27,
        338,
        12,
        1,
        1,
        48,
        1787,
        4,
        10,
        31,
        118,
        21,
        352,
        8,
        23,
        23,
        179,
        41,
        11,
        113,
        1,
        1,
        43,
        26,
        19,
        24,
        57,
        119,
        28,
        24,
        3,
        304,
        7,
        2,
        1,
        6,
        15,
        1,
        175,
        6,
        169,
        52,
        421,
        2,
        2,
        55,
        8,
        1,
        5,
        51,
        22,
        79,
        273,
        25,
        25,
        2596,
        2,
        70,
        95,
        7,
        15,
        198,
        78,
        133,
        27,
        1979,
        4,
        236,
        87,
        94,
        3,
        23,
        8,
        40,
        3,
        260,
        1,
        40,
        6,
        11,
        1,
        13,
        396,
        31,
        24,
        1,
        5,
        712,
        2,
        75,
        36,
        13,
        4,
        15,
        182,
        345,
        315,
        20,
        1,
        896,
        1,
        32,
        28,
        2,
        18,
        178,
        45,
        95,
        35,
        114,
        123,
        1,
        1,
        39,
        1,
        3,
        4,
        244,
        221,
        1,
        62,
        109,
        1,
        12,
        199,
        92,
        1,
        6,
        5,
        3,
        0,
        2,
        1,
        29,
        16,
        1,
        21,
        1,
        1,
        174,
        2,
        44,
        1,
        344,
        52,
        20,
        47,
        1,
        8,
        99,
        103,
        15,
        19,
        4,
        4,
        183,
        284,
        21,
        5248,
        26,
        25,
        332,
        2,
        64
      ],
      "intervention_topk": [
        [
          1,
          0.17218543046357615
        ],
        [
          2,
          0.5529801324503312
        ],
        [
          3,
          0.6754966887417219
        ]
      ],
      "intervention_rank_list": [
        1,
        15,
        6,
        0,
        0,
        115,
        1,
        0,
        1,
        1,
        1,
        1,
        1,
        128,
        0,
        0,
        0,
        2,
        4,
        1,
        1,
        15,
        0,
        2,
        70,
        0,
        31,
        18,
        64,
        1,
        2,
        1,
        0,
        1,
        2,
        351,
        5,
        0,
        1,
        1,
        8,
        9,
        15,
        2,
        1,
        1,
        19,
        1,
        1,
        6,
        2,
        1,
        62,
        0,
        2,
        2,
        7,
        1,
        1,
        2,
        45,
        0,
        3,
        1,
        3,
        3,
        0,
        1,
        1242,
        24,
        2,
        0,
        1,
        16,
        2,
        1,
        2,
        7,
        0,
        1,
        0,
        0,
        0,
        3,
        1,
        2,
        6,
        1,
        229,
        96,
        2,
        7,
        160,
        43,
        0,
        3,
        2,
        1,
        1,
        1,
        44,
        38,
        27,
        15,
        19,
        0,
        1,
        1,
        1,
        1,
        1,
        1,
        1,
        36,
        1,
        13,
        0,
        1,
        1,
        0,
        1,
        1,
        60,
        4,
        1,
        4,
        1,
        2,
        1,
        1,
        1,
        1,
        1,
        1,
        1,
        1,
        1,
        2,
        2,
        69,
        1,
        0,
        1,
        6,
        358,
        1,
        1,
        4,
        1,
        0,
        23,
        6,
        0,
        1,
        20,
        2,
        0,
        19,
        1,
        0,
        1,
        8,
        1,
        1,
        1,
        7,
        1,
        1,
        1,
        6,
        1,
        1,
        1,
        2,
        0,
        0,
        24,
        1,
        28,
        1,
        74,
        1,
        1,
        3,
        2,
        1,
        1,
        1,
        1,
        2,
        12,
        1,
        2,
        393,
        1,
        3,
        1,
        1,
        1,
        20,
        2,
        2,
        1,
        470,
        1,
        7,
        2,
        2,
        2,
        1,
        1,
        1,
        0,
        14,
        0,
        4,
        1,
        1,
        0,
        2,
        13,
        0,
        4,
        0,
        0,
        391,
        0,
        5,
        19,
        2,
        1,
        1,
        2,
        13,
        1,
        1,
        0,
        193,
        0,
        14,
        2,
        0,
        1,
        19,
        3,
        7,
        1,
        11,
        5,
        0,
        1,
        6,
        0,
        1,
        1,
        7,
        38,
        0,
        8,
        2,
        1,
        1,
        1,
        5,
        0,
        0,
        3,
        1,
        0,
        1,
        0,
        4,
        1,
        1,
        3,
        0,
        0,
        18,
        0,
        1,
        0,
        94,
        2,
        1,
        2,
        0,
        1,
        17,
        2,
        1,
        2,
        1,
        0,
        90,
        38,
        4,
        1600,
        1,
        1,
        16,
        1,
        14
      ]
    },
    "centred": {
      "clean_topk": [
        [
          1,
          0.019867549668874173
        ],
        [
          2,
          0.15562913907284767
        ],
        [
          3,
          0.20198675496688742
        ]
      ],