{
  "9": {
    "original": {
      "clean_topk": [
        [
          1,
          0.015432098765432098
        ],
        [
          2,
          0.1388888888888889
        ],
        [
          3,
          0.2006172839506173
        ]
      ],
      "clean_rank_list": [
        397,
        4,
        151,
        2,
        4,
        23,
        1,
        10,
        1030,
        27,
        2,
        757,
        198,
        564,
        251,
        280,
        91,
        1,
        2,
        16,
        1,
        496,
        32,
        110,
        15,
        47,
        23,
        13,
        32,
        1854,
        360,
        25,
        2,
        44,
        12,
        6076,
        12,
        2838,
        126,
        13,
        2,
        4,
        17,
        15,
        167,
        11,
        132,
        1,
        3,
        3,
        21,
        55,
        11,
        37,
        98,
        1,
        45,
        214,
        2,
        6,
        6,
        16,
        44,
        23,
        51,
        1,
        205,
        7,
        118,
        6,
        75,
        482,
        112,
        191,
        257,
        5,
        15,
        1,
        2,
        968,
        2,
        15,
        296,
        694,
        4,
        1,
        65,
        36,
        1,
        18,
        13,
        1,
        32,
        1,
        1,
        0,
        531,
        346,
        579,
        26,
        16,
        18,
        53,
        25,
        52,
        55,
        18,
        1,
        2,
        8,
        637,
        350,
        203,
        11,
        12,
        668,
        22,
        6,
        68,
        4,
        3,
        105,
        10,
        12,
        59,
        1129,
        1,
        7,
        4489,
        244,
        720,
        49,
        17,
        9,
        2,
        2,
        3021,
        4,
        1,
        21,
        48,
        15,
        1,
        286,
        28,
        157,
        28,
        1,
        2,
        15,
        7,
        37,
        4,
        22,
        20,
        369,
        13,
        2,
        14,
        100,
        43,
        59,
        48,
        32,
        3,
        55,
        304,
        23,
        6,
        457,
        19,
        7,
        5,
        219,
        236,
        115,
        199,
        184,
        27,
        172,
        22,
        36,
        22,
        2,
        172,
        5872,
        63,
        22,
        16,
        130,
        1219,
        40,
        225,
        49,
        38,
        29,
        116,
        1,
        404,
        7,
        35,
        17,
        87,
        2,
        53,
        116,
        3,
        16,
        8,
        0,
        1,
        15,
        55,
        54,
        28,
        7,
        1,
        75,
        70,
        39,
        1,
        285,
        1,
        51,
        13,
        1175,
        4,
        1,
        45,
        311,
        23,
        26,
        1,
        56,
        1,
        4,
        16,
        3,
        1,
        64,
        8,
        123,
        16,
        2,
        20,
        49,
        45,
        1,
        8432,
        495,
        37,
        1,
        287,
        50,
        69,
        11,
        1,
        273,
        55,
        1,
        7,
        3,
        30,
        2,
        27,
        0,
        48,
        35,
        125,
        391,
        19,
        1,
        396,
        24,
        1,
        32,
        2,
        73,
        10269,
        547,
        697,
        78,
        493,
        3,
        99,
        5,
        1,
        7,
        48,
        509,
        315,
        1,
        282,
        20,
        0,
        37,
        31,
        7,
        3,
        25,
        2,
        0,
        1,
        592,
        41,
        457,
        1,
        183,
        47,
        70,
        1,
        2,
        3,
        944,
        27,
        3,
        1,
        13,
        28,
        18,
        1,
        113,
        1,
        25
      ],
      "intervention_topk": [
        [
          1,
          0.17592592592592593
        ],
        [
          2,
          0.5277777777777778
        ],
        [
          3,
          0.6481481481481481
        ]
      ],