{
  "12": {
    "original": {
      "clean_topk": [
        [
          1,
          0.0
        ],
        [
          2,
          0.023668639053254437
        ],
        [
          3,
          0.05325443786982249
        ]
      ],
      "clean_rank_list": [
        2,
        3,
        16,
        22,
        3,
        11,
        13,
        86,
        6,
        6,
        1,
        34,
        5,
        3,
        39,
        6,
        4,
        32,
        23,
        52,
        4,
        56,
        5,
        16,
        79,
        196,
        22,
        5,
        96,
        10,
        95,
        20,
        7,
        9,
        13,
        4,
        23,
        15,
        25,
        6,
        6,
        19,
        20,
        53,
        1,
        14,
        11,
        58,
        7,
        39,
        21,
        13,
        13,
        40,
        6,
        10,
        28,
        8,
        10,
        23,
        36,
        5,
        67,
        36,
        3,
        14,
        861,
        12,
        14,
        66,
        57,
        13,
        36,
        19,
        12,
        1,
        3,
        46,
        23,
        19,
        50,
        29,
        10,
        21,
        7,
        7,
        76,
        72,
        10,
        18,
        18,
        10,
        11,
        20,
        22,
        16,
        14,
        6,
        14,
        28,
        5,
        2,
        10,
        9,
        17,
        48,
        31,
        34,
        9,
        12,
        21,
        6,
        50,
        33,
        6,
        7,
        14,
        2,
        27,
        15,
        10,
        8,
        39,
        1,
        23,
        207,
        15,
        14,
        78,
        4,
        56,
        3,
        39,
        21,
        12,
        9,
        5,
        10,
        20,
        4,
        25,
        11,
        2,
        35,
        4,
        7,
        65,
        16,
        6,
        16,
        380,
        41,
        104,
        24,
        14,
        4,
        29,
        31,
        6,
        8,
        27,
        11,
        31,
        24,
        18,
        16,
        11,
        2,
        16
      ],
      "intervention_topk": [
        [
          1,
          0.03550295857988166
        ],
        [
          2,
          0.8520710059171598
        ],
        [
          3,
          0.9349112426035503
        ]
      ],
      "intervention_rank_list": [
        1,
        1,
        1,
        2,
        1,
        1,
        0,
        1,
        1,
        1,
        1,
        7,
        1,
        1,
        4,
        0,
        1,
        1,
        1,
        2,
        1,
        1,
        1,
        1,
        1,
        1,
        2,
        1,
        1,
        1,
        1,
        1,
        1,
        1,
        1,
        1,
        2,
        1,
        2,
        1,
        1,
        1,
        1,
        3,
        1,
        2,
        1,
        1,
        1,
        1,
        1,
        1,
        1,
        1,
        1,
        1,
        1,
        1,
        1,
        1,
        4,
        1,
        4,
        2,
        1,
        1,
        4,
        1,
        1,
        1,
        1,
        1,
        1,
        1,
        1,
        1,
        1,
        1,
        2,
        1,
        1,
        1,
        1,
        1,
        1,
        1,
        4,
        1,
        1,
        1,
        1,
        1,
        1,
        1,
        2,
        1,
        1,
        0,
        1,
        1,
        1,
        0,
        1,
        1,
        1,
        1,
        1,
        1,
        1,
        1,
        1,
        1,
        1,
        1,
        1,
        1,
        1,
        1,
        1,
        1,
        1,
        1,
        7,
        1,
        1,
        2,
        1,
        1,
        1,
        1,
        2,
        0,
        1,
        1,
        2,
        1,
        1,
        1,
        1,
        1,
        1,
        1,
        1,
        2,
        1,
        1,
        1,
        1,
        1,
        1,
        16,
        1,
        3,
        3,
        1,
        1,
        2,
        1,
        1,
        1,
        1,
        0,
        1,
        1,
        1,
        1,
        1,
        1,
        1
      ]
    },
    "centred": {
      "clean_topk": [
        [
          1,
          0.0
        ],
        [
          2,
          0.023668639053254437
        ],
        [
          3,
          0.05325443786982249
        ]
      ],
      "clean_rank_list": [
        2,
        3,
        16,
        22,
        3,
        11,
        13,
        86,
        6,
        6,
        1,
        34,
        5,
        3,
        39,
        6,
        4,
        32,
        23,
        52,
        4,
        56,
        5,
        16,
        79,
        196,
        22,
        5,
        96,
        10,
        95,
        20,
        7,
        9,
        13,
        4,
        23,
        15,
        25,
        6,
        6,
        19,
        20,
        53,
        1,
        14,
        11,
        58,
        7,
        39,
        21,
        13,
        13,
        40,
        6,
        10,
        28,
        8,
        10,
        23,
        36,
        5,
        67,
        36,
        3,
        14,
        861,
        12,
        14,
        66,
        57,
        13,
        36,
        19,
        12,
        1,
        3,
        46,
        23,
        19,
        50,
        29,
        10,
        21,
        7,
        7,
        76,
        72,
        10,
        18,
        18,
        10,
        11,
        20,
        22,
        16,
        14,
        6,
        14,
        28,
        5,
        2,
        10,
        9,
        17,
        48,
        31,
        34,
        9,
        12,
        21,
        6,
        50,
        33,
        6,
        7,
        14,
        2,
        27,
        15,
        10,
        8,
        39,
        1,
        23,
        207,
        15,
        14,
        78,
        4,
        56,
        3,
        39,
        21,
        12,
        9,
        5,
        10,
        20,
        4,
        25,
        11,
        2,
        35,
        4,
        7,
        65,
        16,
        6,
        16,
        380,
        41,
        104,
        24,
        14,
        4,
        29,
        31,
        6,
        8,
        27,
        11,
        31,
        24,
        18,
        16,
        11,
        2,
        16
      ],
      "intervention_topk": [
        [
          1,
          0.0650887573964497
        ],
        [
          2,
          0.7692307692307693
        ],
        [
          3,
          0.8994082840236687
        ]
      ],