{
  "12": {
    "original": {
      "clean_topk": [
        [
          1,
          0.22941176470588234
        ],
        [
          2,
          0.3
        ],
        [
          3,
          0.37058823529411766
        ]
      ],
      "clean_rank_list": [
        4,
        7,
        0,
        0,
        0,
        10,
        1,
        7,
        16,
        0,
        7,
        18,
        4,
        14,
        6,
        0,
        0,
        21,
        5,
        0,
        0,
        10,
        9,
        4,
        14,
        4,
        13,
        238,
        0,
        3,
        352,
        0,
        17,
        6,
        10,
        2,
        8,
        10,
        28,
        13,
        1,
        2,
        2,
        0,
        9,
        7,
        1,
        7,
        5,
        9,
        0,
        2,
        43,
        0,
        1,
        11,
        0,
        0,
        7,
        0,
        11,
        5,
        0,
        2,
        10,
        1,
        9,
        328,
        255,
        0,
        74,
        16,
        7,
        3,
        0,
        4,
        0,
        0,
        0,
        15,
        0,
        0,
        6,
        5,
        2,
        8,
        15,
        33,
        13,
        33,
        7,
        8,
        44,
        4,
        4,
        29,
        0,
        0,
        3,
        2,
        0,
        3,
        73,
        17,
        5,
        11,
        12,
        16,
        0,
        2,
        14,
        0,
        6,
        16,
        11,
        7,
        7,
        7,
        1,
        2,
        11,
        72,
        0,
        13,
        0,
        8,
        0,
        1,
        398,
        1,
        0,
        10,
        4,
        2,
        2,
        238,
        1,
        31,
        8,
        9,
        9,
        0,
        0,
        43,
        37,
        6,
        4,
        1,
        0,
        1,
        27,
        0,
        5,
        13,
        5,
        23,
        9,
        0,
        27,
        1,
        27,
        11,
        2,
        0,
        19,
        15,
        3,
        31,
        6,
        13
      ],
      "intervention_topk": [
        [
          1,
          0.9588235294117647
        ],
        [
          2,
          0.9823529411764705
        ],
        [
          3,
          0.9882352941176471
        ]
      ],
      "intervention_rank_list": [
        0,
        0,
        0,
        0,
        0,
        0,
        0,
        0,
        0,
        0,
        0,
        0,
        0,
        1,
        0,
        0,
        0,
        0,
        0,
        0,
        0,
        0,
        0,
        0,
        0,
        0,
        0,
        8,
        0,
        0,
        0,
        0,
        0,
        0,
        0,
        0,
        0,
        0,
        0,
        0,
        0,
        0,
        0,
        0,
        0,
        0,
        0,
        0,
        0,
        0,
        0,
        0,
        0,
        0,
        0,
        0,
        0,
        0,
        0,
        0,
        0,
        0,
        0,
        0,
        0,
        0,
        0,
        3,
        0,
        0,
        0,
        0,
        0,
        0,
        0,
        0,
        0,
        0,
        0,
        0,
        0,
        0,
        0,
        0,
        0,
        2,
        0,
        0,
        0,
        0,
        0,
        0,
        0,
        0,
        0,
        0,
        0,
        0,
        0,
        0,
        0,
        0,
        0,
        0,
        0,
        0,
        1,
        0,
        0,
        0,
        0,
        0,
        0,
        0,
        0,
        0,
        0,
        0,
        0,
        0,
        0,
        0,
        0,
        0,
        0,
        0,
        0,
        0,
        0,
        0,
        0,
        1,
        0,
        0,
        0,
        0,
        0,
        0,
        0,
        0,
        0,
        0,
        0,
        0,
        0,
        0,
        0,
        0,
        0,
        0,
        0,
        0,
        0,
        1,
        0,
        0,
        0,
        0,
        0,
        0,
        0,
        0,
        0,
        0,
        0,
        0,
        0,
        0,
        0,
        0
      ]
    },
    "centred": {
      "clean_topk": [
        [
          1,
          0.22941176470588234
        ],
        [
          2,
          0.27058823529411763
        ],
        [
          3,
          0.3176470588235294
        ]
      ],
      "clean_rank_list": [
        7,
        9,
        11,
        7,
        0,
        0,
        7,
        12,
        2,
        8,
        0,
        6,
        7,
        14,
        0,
        0,
        18,
        22,
        0,
        0,
        0,
        85,
        3,
        5,
        0,
        7,
        14,
        11,
        6,
        0,
        478,
        14,
        10,
        8,
        19,
        18,
        9,
        2,
        3,
        5,
        0,
        1,
        1,
        33,
        2,
        0,
        0,
        1,
        3,
        11,
        3,
        0,
        0,
        0,
        0,
        10,
        13,
        3,
        0,
        43,
        8,
        26,
        1,
        5,
        30,
        1,
        11,
        25,
        6,
        16,
        9,
        17,
        0,
        3,
        13,
        2,
        4,
        4,
        5,
        0,
        18,
        1,
        3,
        0,
        71,
        16,
        13,
        50,
        3,
        71,
        11,
        2,
        16,
        0,
        3,
        0,
        2,
        0,
        0,
        0,
        0,
        2,
        37,
        10,
        9,
        42,
        15,
        14,
        0,
        6,
        9,
        9,
        6,
        3,
        18,
        14,
        0,
        5,
        0,
        0,
        3,
        143,
        0,
        0,
        7,
        37,
        5,
        0,
        759,
        4,
        10,
        0,
        1,
        14,
        15,
        95,
        3,
        39,
        0,
        71,
        6,
        18,
        94,
        118,
        9,
        211,
        2,
        0,
        21,
        14,
        20,
        7,
        3,
        51,
        0,
        9,
        20,
        15,
        9,
        20,
        18,
        12,
        43,
        6,
        6,
        62,
        0,
        28,
        9,
        60
      ],
      "intervention_topk": [
        [
          1,
          0.9529411764705882
        ],
        [
          2,
          1.0
        ],
        [
          3,
          1.0
        ]
      ],