{
  "12": {
    "original": {
      "clean_topk": [
        [
          1,
          0.0
        ],
        [
          2,
          0.011904761904761904
        ],
        [
          3,
          0.03571428571428571
        ]
      ],
      "clean_rank_list": [
        11,
        243,
        192,
        10,
        17,
        17,
        3,
        31,
        26,
        14,
        14,
        18,
        8,
        4,
        15,
        9,
        27,
        62,
        14,
        380,
        11,
        3,
        22,
        4,
        17,
        139,
        26,
        37,
        30,
        15,
        22,
        57,
        1,
        27,
        11,
        21,
        7,
        8,
        36,
        14,
        14,
        13,
        29,
        92,
        26,
        12,
        39,
        8,
        15,
        9,
        12,
        28,
        4,
        12,
        31,
        23,
        6,
        21,
        23,
        60,
        10,
        52,
        11,
        5,
        141,
        16,
        9,
        16,
        4,
        13,
        6,
        15,
        10,
        33,
        2,
        25,
        27,
        10,
        14,
        35,
        42,
        15,
        24,
        26,
        13,
        123,
        65,
        1,
        40,
        14,
        4,
        6,
        11,
        17,
        7,
        7,
        14,
        20,
        17,
        2,
        9,
        19,
        8,
        17,
        32,
        9,
        7,
        5,
        15,
        15,
        9,
        3,
        178,
        5,
        3,
        60,
        34,
        4,
        22,
        14,
        5,
        5,
        9,
        6,
        56,
        15,
        13,
        16,
        153,
        9,
        15,
        21,
        18,
        26,
        21,
        40,
        202,
        7,
        46,
        22,
        6,
        156,
        11,
        11,
        90,
        7,
        41,
        171,
        31,
        3,
        3,
        3,
        493,
        28,
        2,
        18,
        20,
        23,
        2,
        20,
        3,
        8,
        16,
        25,
        35,
        19,
        50,
        4
      ],
      "intervention_topk": [
        [
          1,
          0.02976190476190476
        ],
        [
          2,
          0.8095238095238095
        ],
        [
          3,
          0.9226190476190477
        ]
      ],
      "intervention_rank_list": [
        2,
        5,
        38,
        1,
        2,
        1,
        1,
        1,
        1,
        2,
        1,
        2,
        1,
        1,
        1,
        0,
        1,
        1,
        1,
        15,
        1,
        1,
        2,
        0,
        1,
        1,
        1,
        1,
        1,
        1,
        1,
        1,
        0,
        1,
        1,
        2,
        1,
        1,
        2,
        1,
        1,
        1,
        1,
        1,
        1,
        1,
        1,
        1,
        1,
        1,
        1,
        1,
        0,
        1,
        1,
        4,
        1,
        1,
        2,
        2,
        2,
        1,
        3,
        1,
        2,
        1,
        1,
        1,
        1,
        1,
        1,
        1,
        1,
        1,
        1,
        1,
        2,
        1,
        1,
        1,
        1,
        1,
        1,
        1,
        1,
        1,
        1,
        1,
        1,
        1,
        1,
        2,
        1,
        1,
        1,
        1,
        1,
        1,
        1,
        1,
        1,
        1,
        1,
        1,
        1,
        1,
        1,
        1,
        1,
        1,
        1,
        1,
        2,
        1,
        1,
        1,
        1,
        1,
        1,
        1,
        1,
        1,
        1,
        1,
        14,
        1,
        1,
        1,
        18,
        1,
        1,
        1,
        1,
        1,
        1,
        2,
        4,
        1,
        1,
        2,
        1,
        3,
        1,
        1,
        4,
        1,
        2,
        5,
        1,
        1,
        1,
        1,
        3,
        1,
        1,
        2,
        1,
        3,
        1,
        1,
        0,
        1,
        2,
        1,
        1,
        1,
        1,
        1
      ]
    },
    "centred": {
      "clean_topk": [
        [
          1,
          0.0
        ],
        [
          2,
          0.011904761904761904
        ],
        [
          3,
          0.03571428571428571
        ]
      ],
      "clean_rank_list": [
        11,
        243,
        192,
        10,
        17,
        17,
        3,
        31,
        26,
        14,
        14,
        18,
        8,
        4,
        15,
        9,
        27,
        62,
        14,
        380,
        11,
        3,
        22,
        4,
        17,
        139,
        26,
        37,
        30,
        15,
        22,
        57,
        1,
        27,
        11,
        21,
        7,
        8,
        36,
        14,
        14,
        13,
        29,
        92,
        26,
        12,
        39,
        8,
        15,
        9,
        12,
        28,
        4,
        12,
        31,
        23,
        6,
        21,
        23,
        60,
        10,
        52,
        11,
        5,
        141,
        16,
        9,
        16,
        4,
        13,
        6,
        15,
        10,
        33,
        2,
        25,
        27,
        10,
        14,
        35,
        42,
        15,
        24,
        26,
        13,
        123,
        65,
        1,
        40,
        14,
        4,
        6,
        11,
        17,
        7,
        7,
        14,
        20,
        17,
        2,
        9,
        19,
        8,
        17,
        32,
        9,
        7,
        5,
        15,
        15,
        9,
        3,
        178,
        5,
        3,
        60,
        34,
        4,
        22,
        14,
        5,
        5,
        9,
        6,
        56,
        15,
        13,
        16,
        153,
        9,
        15,
        21,
        18,
        26,
        21,
        40,
        202,
        7,
        46,
        22,
        6,
        156,
        11,
        11,
        90,
        7,
        41,
        171,
        31,
        3,
        3,
        3,
        493,
        28,
        2,
        18,
        20,
        23,
        2,
        20,
        3,
        8,
        16,
        25,
        35,
        19,
        50,
        4
      ],
      "intervention_topk": [
        [
          1,
          0.05952380952380952
        ],
        [
          2,
          0.75
        ],
        [
          3,
          0.8630952380952381
        ]
      ],