{
  "12": {
    "original": {
      "clean_topk": [
        [
          1,
          0.21893491124260356
        ],
        [
          2,
          0.27218934911242604
        ],
        [
          3,
          0.3727810650887574
        ]
      ],
      "clean_rank_list": [
        2,
        0,
        20,
        0,
        1,
        1,
        22,
        11,
        30,
        67,
        9,
        13,
        4,
        16,
        1,
        9,
        16,
        7,
        11,
        17,
        42,
        8,
        4,
        16,
        2,
        0,
        0,
        8,
        2,
        12,
        16,
        0,
        9,
        0,
        3,
        7,
        0,
        4,
        7,
        18,
        4,
        0,
        6,
        2,
        12,
        0,
        0,
        7,
        17,
        11,
        365,
        22,
        1,
        0,
        10,
        0,
        54,
        16,
        1,
        12,
        7,
        958,
        17,
        16,
        0,
        46,
        7,
        0,
        17,
        2,
        137,
        7,
        10,
        2,
        0,
        0,
        0,
        23,
        0,
        2,
        5,
        1,
        14,
        0,
        35,
        133,
        81,
        4,
        0,
        2,
        4,
        6,
        5,
        9,
        11,
        0,
        3,
        1,
        10,
        8,
        51,
        15,
        19,
        20,
        0,
        12,
        14,
        2,
        30,
        0,
        2,
        10,
        10,
        6,
        0,
        11,
        12,
        0,
        0,
        2,
        0,
        5,
        8,
        73,
        0,
        17,
        2,
        7,
        6,
        9,
        2,
        1,
        91,
        12,
        11,
        0,
        7,
        28,
        5,
        0,
        91,
        0,
        6,
        40,
        0,
        5,
        16,
        7,
        4,
        32,
        187,
        10,
        42,
        10,
        2,
        24,
        0,
        9,
        7,
        10,
        1,
        0,
        0,
        2,
        0,
        34,
        2,
        2,
        0
      ],
      "intervention_topk": [
        [
          1,
          0.9526627218934911
        ],
        [
          2,
          0.9822485207100592
        ],
        [
          3,
          0.9940828402366864
        ]
      ],
      "intervention_rank_list": [
        0,
        0,
        0,
        0,
        0,
        0,
        0,
        0,
        0,
        0,
        0,
        2,
        0,
        0,
        0,
        0,
        0,
        0,
        0,
        0,
        0,
        0,
        0,
        0,
        0,
        0,
        0,
        0,
        0,
        0,
        0,
        0,
        0,
        0,
        0,
        0,
        0,
        0,
        0,
        0,
        0,
        0,
        0,
        0,
        0,
        0,
        0,
        0,
        0,
        0,
        0,
        0,
        0,
        0,
        0,
        0,
        0,
        0,
        0,
        0,
        0,
        0,
        0,
        0,
        0,
        0,
        0,
        0,
        0,
        0,
        0,
        0,
        0,
        0,
        0,
        0,
        0,
        0,
        0,
        0,
        0,
        0,
        0,
        0,
        0,
        0,
        2,
        0,
        0,
        0,
        0,
        0,
        0,
        0,
        0,
        0,
        1,
        0,
        0,
        0,
        0,
        0,
        1,
        0,
        0,
        0,
        0,
        0,
        0,
        0,
        0,
        0,
        0,
        0,
        0,
        0,
        0,
        0,
        0,
        0,
        0,
        0,
        0,
        0,
        0,
        1,
        0,
        0,
        0,
        0,
        1,
        0,
        1,
        0,
        0,
        0,
        0,
        0,
        0,
        0,
        0,
        0,
        0,
        0,
        0,
        0,
        0,
        0,
        0,
        0,
        11,
        0,
        0,
        0,
        0,
        0,
        0,
        0,
        0,
        0,
        0,
        0,
        0,
        0,
        0,
        0,
        0,
        0,
        0
      ]
    },
    "centred": {
      "clean_topk": [
        [
          1,
          0.2603550295857988
        ],
        [
          2,
          0.31952662721893493
        ],
        [
          3,
          0.3905325443786982
        ]
      ],
      "clean_rank_list": [
        0,
        0,
        13,
        8,
        4,
        0,
        109,
        18,
        2,
        8,
        13,
        11,
        1,
        7,
        1,
        0,
        5,
        8,
        13,
        13,
        0,
        9,
        7,
        30,
        0,
        0,
        9,
        6,
        3,
        0,
        0,
        0,
        15,
        29,
        0,
        10,
        13,
        4,
        1,
        17,
        4,
        4,
        2,
        174,
        0,
        0,
        0,
        8,
        9,
        9,
        4,
        6,
        0,
        2,
        0,
        1,
        9,
        9,
        13,
        10,
        6,
        33,
        0,
        4,
        0,
        2,
        10,
        0,
        2,
        0,
        18,
        0,
        22,
        1,
        0,
        11,
        13,
        9,
        39,
        17,
        17,
        0,
        4,
        21,
        15,
        113,
        325,
        8,
        16,
        2,
        0,
        0,
        1,
        0,
        17,
        0,
        8,
        11,
        0,
        10,
        0,
        2,
        29,
        9,
        2,
        0,
        6,
        27,
        22,
        10,
        2,
        0,
        8,
        3,
        10,
        8,
        6,
        0,
        11,
        12,
        3,
        5,
        0,
        12,
        5,
        38,
        1,
        37,
        2,
        10,
        7,
        0,
        5,
        2,
        5,
        0,
        8,
        0,
        0,
        3,
        6,
        0,
        10,
        1,
        5,
        0,
        5,
        4,
        7,
        3,
        142,
        55,
        82,
        1,
        0,
        11,
        2,
        0,
        1,
        72,
        3,
        7,
        9,
        7,
        0,
        0,
        6,
        37,
        0
      ],
      "intervention_topk": [
        [
          1,
          0.9467455621301775
        ],
        [
          2,
          0.9763313609467456
        ],
        [
          3,
          0.9881656804733728
        ]
      ],