{
  "12": {
    "original": {
      "clean_topk": [
        [
          1,
          0.0
        ],
        [
          2,
          0.0
        ],
        [
          3,
          0.03529411764705882
        ]
      ],
      "clean_rank_list": [
        9,
        4,
        8,
        2,
        6,
        33,
        16,
        5,
        11,
        9,
        7,
        8,
        42,
        29,
        26,
        7,
        40,
        94,
        7,
        30,
        8,
        20,
        30,
        34,
        125,
        19,
        13,
        207,
        7,
        14,
        15,
        31,
        53,
        29,
        3,
        31,
        23,
        13,
        9,
        6,
        5,
        17,
        16,
        3,
        3,
        48,
        5,
        40,
        11,
        6,
        9,
        3,
        5,
        17,
        2,
        72,
        13,
        19,
        13,
        15,
        20,
        7,
        19,
        27,
        33,
        30,
        58,
        11,
        15,
        8,
        30,
        8,
        10,
        12,
        31,
        20,
        2,
        13,
        12,
        28,
        23,
        48,
        5,
        28,
        20,
        34,
        13,
        5,
        39,
        21,
        98,
        3,
        16,
        26,
        22,
        3,
        10,
        6,
        46,
        42,
        4,
        3,
        35,
        5,
        22,
        22,
        41,
        5,
        6,
        19,
        19,
        27,
        33,
        9,
        29,
        10,
        15,
        2,
        4,
        29,
        42,
        202,
        9,
        7,
        17,
        39,
        2,
        9,
        9,
        6,
        25,
        10,
        35,
        13,
        8,
        14,
        25,
        178,
        12,
        10,
        15,
        5,
        2,
        5,
        57,
        41,
        20,
        13,
        21,
        6,
        58,
        3,
        103,
        141,
        95,
        11,
        35,
        23,
        23,
        6,
        26,
        8,
        24,
        14,
        38,
        14,
        46,
        26,
        23,
        14
      ],
      "intervention_topk": [
        [
          1,
          0.029411764705882353
        ],
        [
          2,
          0.8529411764705882
        ],
        [
          3,
          0.9529411764705882
        ]
      ],
      "intervention_rank_list": [
        1,
        1,
        1,
        1,
        1,
        1,
        1,
        1,
        1,
        1,
        1,
        1,
        1,
        4,
        1,
        1,
        1,
        1,
        1,
        1,
        1,
        2,
        1,
        3,
        1,
        1,
        2,
        2,
        1,
        1,
        1,
        1,
        3,
        2,
        0,
        1,
        4,
        1,
        1,
        1,
        0,
        1,
        1,
        1,
        1,
        1,
        1,
        3,
        1,
        1,
        1,
        0,
        1,
        1,
        1,
        1,
        1,
        1,
        1,
        1,
        1,
        1,
        1,
        1,
        1,
        1,
        1,
        1,
        1,
        1,
        1,
        1,
        1,
        2,
        1,
        1,
        1,
        1,
        1,
        1,
        1,
        2,
        1,
        1,
        1,
        7,
        1,
        1,
        1,
        1,
        2,
        1,
        1,
        1,
        1,
        1,
        2,
        1,
        1,
        1,
        0,
        1,
        2,
        1,
        1,
        1,
        1,
        1,
        1,
        4,
        1,
        1,
        1,
        1,
        1,
        1,
        1,
        1,
        1,
        1,
        1,
        4,
        1,
        1,
        1,
        2,
        1,
        1,
        0,
        1,
        1,
        2,
        2,
        1,
        1,
        1,
        2,
        2,
        1,
        1,
        1,
        1,
        1,
        1,
        1,
        1,
        1,
        1,
        1,
        2,
        1,
        1,
        2,
        2,
        1,
        1,
        1,
        1,
        1,
        1,
        1,
        1,
        1,
        1,
        1,
        1,
        1,
        1,
        1,
        1
      ]
    },
    "centred": {
      "clean_topk": [
        [
          1,
          0.0
        ],
        [
          2,
          0.0
        ],
        [
          3,
          0.03529411764705882
        ]
      ],
      "clean_rank_list": [
        9,
        4,
        8,
        2,
        6,
        33,
        16,
        5,
        11,
        9,
        7,
        8,
        42,
        29,
        26,
        7,
        40,
        94,
        7,
        30,
        8,
        20,
        30,
        34,
        125,
        19,
        13,
        207,
        7,
        14,
        15,
        31,
        53,
        29,
        3,
        31,
        23,
        13,
        9,
        6,
        5,
        17,
        16,
        3,
        3,
        48,
        5,
        40,
        11,
        6,
        9,
        3,
        5,
        17,
        2,
        72,
        13,
        19,
        13,
        15,
        20,
        7,
        19,
        27,
        33,
        30,
        58,
        11,
        15,
        8,
        30,
        8,
        10,
        12,
        31,
        20,
        2,
        13,
        12,
        28,
        23,
        48,
        5,
        28,
        20,
        34,
        13,
        5,
        39,
        21,
        98,
        3,
        16,
        26,
        22,
        3,
        10,
        6,
        46,
        42,
        4,
        3,
        35,
        5,
        22,
        22,
        41,
        5,
        6,
        19,
        19,
        27,
        33,
        9,
        29,
        10,
        15,
        2,
        4,
        29,
        42,
        202,
        9,
        7,
        17,
        39,
        2,
        9,
        9,
        6,
        25,
        10,
        35,
        13,
        8,
        14,
        25,
        178,
        12,
        10,
        15,
        5,
        2,
        5,
        57,
        41,
        20,
        13,
        21,
        6,
        58,
        3,
        103,
        141,
        95,
        11,
        35,
        23,
        23,
        6,
        26,
        8,
        24,
        14,
        38,
        14,
        46,
        26,
        23,
        14
      ],
      "intervention_topk": [
        [
          1,
          0.052941176470588235
        ],
        [
          2,
          0.7588235294117647
        ],
        [
          3,
          0.9
        ]
      ],