{
  "12": {
    "original": {
      "clean_topk": [
        [
          1,
          0.21428571428571427
        ],
        [
          2,
          0.31547619047619047
        ],
        [
          3,
          0.34523809523809523
        ]
      ],
      "clean_rank_list": [
        28,
        3,
        0,
        1814,
        3,
        7,
        20,
        6,
        2,
        10,
        10,
        0,
        0,
        0,
        0,
        440,
        0,
        8,
        6,
        27,
        8,
        0,
        18,
        2,
        21,
        7,
        11,
        0,
        10,
        9,
        12,
        3,
        1,
        4,
        0,
        12,
        1,
        6,
        12,
        17,
        0,
        3,
        0,
        378,
        12,
        4,
        0,
        0,
        11,
        1,
        10,
        0,
        103,
        17,
        15,
        13,
        0,
        71,
        0,
        17,
        2,
        0,
        4,
        14,
        5,
        0,
        1,
        67,
        7,
        0,
        7,
        9,
        4,
        0,
        9,
        32,
        1,
        17,
        8,
        16,
        0,
        8,
        0,
        11,
        14,
        5,
        1,
        0,
        15,
        3,
        7,
        13,
        7,
        3,
        1,
        0,
        3,
        0,
        19,
        12,
        1,
        417,
        1,
        0,
        0,
        11,
        5,
        310,
        7,
        1,
        11,
        7,
        171,
        9,
        6,
        0,
        0,
        1,
        9,
        0,
        26,
        24,
        2,
        8,
        18,
        0,
        16,
        10,
        498,
        4,
        10,
        17,
        2,
        3,
        51,
        14,
        96,
        1,
        53,
        5,
        15,
        326,
        1,
        7,
        1,
        17,
        10,
        1,
        1,
        17,
        35,
        10,
        16,
        153,
        0,
        7,
        0,
        0,
        19,
        5,
        0,
        0,
        1,
        14,
        13,
        8,
        318,
        8
      ],
      "intervention_topk": [
        [
          1,
          0.9642857142857143
        ],
        [
          2,
          0.9821428571428571
        ],
        [
          3,
          0.9880952380952381
        ]
      ],
      "intervention_rank_list": [
        1,
        0,
        0,
        0,
        0,
        0,
        0,
        0,
        0,
        0,
        0,
        0,
        0,
        0,
        0,
        0,
        0,
        0,
        0,
        2,
        0,
        0,
        0,
        0,
        0,
        0,
        0,
        0,
        1,
        0,
        0,
        0,
        0,
        0,
        0,
        0,
        0,
        0,
        0,
        0,
        0,
        0,
        0,
        0,
        0,
        0,
        0,
        0,
        0,
        0,
        0,
        0,
        0,
        0,
        0,
        0,
        0,
        0,
        0,
        0,
        0,
        0,
        0,
        0,
        0,
        0,
        0,
        0,
        0,
        0,
        0,
        0,
        0,
        0,
        0,
        0,
        0,
        0,
        0,
        0,
        0,
        0,
        0,
        0,
        0,
        0,
        0,
        0,
        0,
        0,
        0,
        0,
        0,
        0,
        0,
        0,
        0,
        0,
        0,
        0,
        0,
        0,
        0,
        0,
        0,
        0,
        0,
        0,
        0,
        0,
        0,
        0,
        1,
        0,
        0,
        0,
        0,
        0,
        0,
        0,
        0,
        0,
        0,
        0,
        9,
        0,
        0,
        0,
        12,
        0,
        0,
        0,
        0,
        0,
        0,
        0,
        0,
        0,
        0,
        0,
        0,
        0,
        0,
        0,
        0,
        0,
        0,
        0,
        0,
        0,
        0,
        0,
        0,
        0,
        0,
        0,
        0,
        0,
        0,
        0,
        0,
        0,
        0,
        0,
        0,
        0,
        0,
        0
      ]
    },
    "centred": {
      "clean_topk": [
        [
          1,
          0.18452380952380953
        ],
        [
          2,
          0.24404761904761904
        ],
        [
          3,
          0.2976190476190476
        ]
      ],
      "clean_rank_list": [
        159,
        0,
        27,
        0,
        9,
        38,
        4,
        47,
        11,
        10,
        7,
        36,
        4,
        24,
        8,
        79,
        0,
        0,
        13,
        16,
        0,
        3,
        3,
        4,
        12,
        11,
        0,
        0,
        5,
        6,
        7,
        19,
        0,
        2,
        10,
        37,
        8,
        28,
        1,
        207,
        2,
        0,
        4,
        10,
        0,
        10,
        4,
        1,
        37,
        59,
        7,
        7,
        0,
        1005,
        12,
        7,
        0,
        13,
        9,
        169,
        5,
        1,
        22,
        31,
        4,
        6,
        4,
        5,
        10,
        0,
        24,
        17,
        0,
        0,
        1,
        10,
        9,
        18,
        91,
        1,
        10,
        0,
        5,
        1,
        4,
        60,
        1,
        21,
        5,
        8,
        19,
        2,
        8,
        1,
        2,
        12,
        0,
        12,
        106,
        10,
        3,
        9,
        19,
        12,
        11,
        2,
        0,
        63,
        7,
        2,
        41,
        5,
        65,
        14,
        7,
        0,
        5,
        0,
        16,
        2,
        240,
        0,
        10,
        24,
        0,
        9,
        35,
        14,
        0,
        7,
        14,
        7,
        0,
        0,
        1,
        13,
        27,
        0,
        13,
        6,
        9,
        17,
        5,
        10,
        16,
        1,
        2,
        66,
        4,
        0,
        2,
        4,
        8,
        27,
        8,
        6,
        0,
        0,
        6,
        0,
        0,
        14,
        8,
        9,
        5,
        7,
        9,
        11
      ],
      "intervention_topk": [
        [
          1,
          0.9642857142857143
        ],
        [
          2,
          0.9940476190476191
        ],
        [
          3,
          1.0
        ]
      ],