{
  "17": {
    "original": {
      "clean_topk": [
        [
          1,
          0.05
        ],
        [
          2,
          0.05
        ],
        [
          3,
          0.06666666666666667
        ]
      ],
      "clean_rank_list": [
        134,
        13,
        563,
        90,
        3421,
        299,
        0,
        160,
        9,
        271,
        10,
        387,
        630,
        309,
        45,
        120,
        16,
        44,
        143,
        132,
        106,
        58,
        524,
        346,
        1261,
        21,
        98,
        123,
        14,
        33,
        4,
        59,
        67,
        6,
        13,
        22,
        0,
        8,
        61,
        347,
        80,
        2,
        27,
        61,
        32,
        465,
        90,
        5982,
        10,
        339,
        68,
        26,
        59,
        16,
        0,
        2670,
        12,
        122,
        58,
        9
      ],
      "intervention_topk": [
        [
          1,
          0.3
        ],
        [
          2,
          0.8666666666666667
        ],
        [
          3,
          0.9166666666666666
        ]
      ],
      "intervention_rank_list": [
        1,
        1,
        0,
        2,
        12,
        1,
        0,
        1,
        0,
        1,
        1,
        1,
        1,
        1,
        1,
        1,
        1,
        1,
        0,
        0,
        1,
        1,
        2,
        1,
        18,
        1,
        1,
        1,
        0,
        1,
        0,
        1,
        1,
        0,
        0,
        0,
        0,
        1,
        1,
        3,
        1,
        0,
        0,
        1,
        0,
        1,
        0,
        93,
        0,
        2,
        1,
        1,
        1,
        1,
        0,
        4,
        0,
        1,
        1,
        1
      ]
    },
    "centred": {
      "clean_topk": [
        [
          1,
          0.05
        ],
        [
          2,
          0.05
        ],
        [
          3,
          0.06666666666666667
        ]
      ],
      "clean_rank_list": [
        134,
        13,
        563,
        90,
        3421,
        299,
        0,
        160,
        9,
        271,
        10,
        387,
        630,
        309,
        45,
        120,
        16,
        44,
        143,
        132,
        106,
        58,
        524,
        346,
        1261,
        21,
        98,
        123,
        14,
        33,
        4,
        59,
        67,
        6,
        13,
        22,
        0,
        8,
        61,
        347,
        80,
        2,
        27,
        61,
        32,
        465,
        90,
        5982,
        10,
        339,
        68,
        26,
        59,
        16,
        0,
        2670,
        12,
        122,
        58,
        9
      ],
      "intervention_topk": [
        [
          1,
          0.3
        ],
        [
          2,
          0.9166666666666666
        ],
        [
          3,
          0.9333333333333333
        ]
      ],
      "intervention_rank_list": [
        1,
        1,
        0,
        1,
        5,
        1,
        0,
        1,
        0,
        0,
        1,
        1,
        1,
        1,
        1,
        1,
        1,
        1,
        0,
        0,
        1,
        1,
        2,
        1,
        10,
        1,
        1,
        1,
        0,
        1,
        0,
        1,
        1,
        0,
        0,
        0,
        0,
        1,
        1,
        1,
        1,
        1,
        0,
        1,
        0,
        1,
        0,
        29,
        0,
        1,
        1,
        1,
        1,
        1,
        0,
        4,
        0,
        1,
        1,
        1
      ]
    }
  },
  "18": {
    "original": {
      "clean_topk": [
        [
          1,
          0.05
        ],
        [
          2,
          0.05
        ],
        [
          3,
          0.06666666666666667
        ]
      ],
      "clean_rank_list": [
        134,
        13,
        563,
        90,
        3421,
        299,
        0,
        160,
        9,
        271,
        10,
        387,
        630,
        309,
        45,
        120,
        16,
        44,
        143,
        132,
        106,
        58,
        524,
        346,
        1261,
        21,
        98,
        123,
        14,
        33,
        4,
        59,
        67,
        6,
        13,
        22,
        0,
        8,
        61,
        347,
        80,
        2,
        27,
        61,
        32,
        465,
        90,
        5982,
        10,
        339,
        68,
        26,
        59,
        16,
        0,
        2670,
        12,
        122,
        58,
        9
      ],
      "intervention_topk": [
        [
          1,
          0.31666666666666665
        ],
        [
          2,
          0.85
        ],
        [
          3,
          0.9333333333333333
        ]
      ],
      "intervention_rank_list": [
        1,
        1,
        0,
        2,
        10,
        1,
        0,
        1,
        0,
        1,
        1,
        2,
        1,
        1,
        1,
        1,
        1,
        1,
        0,
        0,
        1,
        1,
        2,
        1,
        28,
        1,
        1,
        1,
        0,
        1,
        0,
        1,
        1,
        0,
        0,
        0,
        0,
        1,
        0,
        2,
        1,
        0,
        0,
        1,
        0,
        1,
        0,
        67,
        0,
        2,
        1,
        1,
        1,
        1,
        0,
        4,
        0,
        1,
        1,
        1
      ]
    },
    "centred": {
      "clean_topk": [
        [
          1,
          0.05
        ],
        [
          2,
          0.05
        ],
        [
          3,
          0.06666666666666667
        ]
      ],
      "clean_rank_list": [
        134,
        13,
        563,
        90,
        3421,
        299,
        0,
        160,
        9,
        271,
        10,
        387,
        630,
        309,
        45,
        120,
        16,
        44,
        143,
        132,
        106,
        58,
        524,
        346,
        1261,
        21,
        98,
        123,
        14,
        33,
        4,
        59,
        67,
        6,
        13,
        22,
        0,
        8,
        61,
        347,
        80,
        2,
        27,
        61,
        32,
        465,
        90,
        5982,
        10,
        339,
        68,
        26,
        59,
        16,
        0,
        2670,
        12,
        122,
        58,
        9
      ],
      "intervention_topk": [
        [
          1,
          0.3333333333333333
        ],
        [
          2,
          0.9
        ],
        [
          3,
          0.9333333333333333
        ]
      ],
      "intervention_rank_list": [
        1,
        1,
        0,
        1,
        9,
        1,
        0,
        1,
        0,
        0,
        1,
        1,
        1,
        1,
        1,
        1,
        1,
        1,
        0,
        0,
        1,
        1,
        2,
        1,
        11,
        1,
        1,
        1,
        0,
        1,
        0,
        0,
        1,
        0,
        0,
        0,
        0,
        1,
        1,
        1,
        1,
        0,
        0,
        1,
        0,
        1,
        0,
        49,
        0,
        2,
        1,
        1,
        1,
        1,
        0,
        5,
        0,
        1,
        1,
        1
      ]
    }
  }
}