{
  "17": {
    "original": {
      "clean_topk": [
        [
          1,
          0.23809523809523808
        ],
        [
          2,
          0.2857142857142857
        ],
        [
          3,
          0.30952380952380953
        ]
      ],
      "clean_rank_list": [
        172,
        3,
        416,
        0,
        28,
        9,
        2,
        0,
        144,
        0,
        0,
        12,
        59,
        159,
        23,
        0,
        0,
        1,
        4,
        139,
        208,
        23,
        0,
        32,
        19,
        57,
        149,
        32,
        96,
        44,
        9,
        0,
        1,
        20,
        56,
        142,
        0,
        0,
        30,
        70,
        4,
        12
      ],
      "intervention_topk": [
        [
          1,
          0.35714285714285715
        ],
        [
          2,
          0.8809523809523809
        ],
        [
          3,
          0.9285714285714286
        ]
      ],
      "intervention_rank_list": [
        0,
        1,
        1,
        0,
        1,
        1,
        1,
        1,
        1,
        0,
        0,
        1,
        3,
        1,
        10,
        0,
        0,
        0,
        1,
        1,
        1,
        1,
        0,
        1,
        1,
        1,
        0,
        0,
        1,
        1,
        1,
        0,
        0,
        1,
        1,
        2,
        0,
        0,
        1,
        5,
        2,
        0
      ]
    },
    "centred": {
      "clean_topk": [
        [
          1,
          0.23809523809523808
        ],
        [
          2,
          0.2857142857142857
        ],
        [
          3,
          0.30952380952380953
        ]
      ],
      "clean_rank_list": [
        172,
        3,
        416,
        0,
        28,
        9,
        2,
        0,
        144,
        0,
        0,
        12,
        59,
        159,
        23,
        0,
        0,
        1,
        4,
        139,
        208,
        23,
        0,
        32,
        19,
        57,
        149,
        32,
        96,
        44,
        9,
        0,
        1,
        20,
        56,
        142,
        0,
        0,
        30,
        70,
        4,
        12
      ],
      "intervention_topk": [
        [
          1,
          0.5476190476190477
        ],
        [
          2,
          0.9761904761904762
        ],
        [
          3,
          0.9761904761904762
        ]
      ],
      "intervention_rank_list": [
        0,
        1,
        1,
        0,
        1,
        1,
        1,
        0,
        1,
        0,
        0,
        0,
        1,
        0,
        1,
        0,
        0,
        0,
        1,
        1,
        1,
        0,
        0,
        1,
        0,
        1,
        0,
        0,
        1,
        1,
        1,
        0,
        0,
        0,
        0,
        0,
        0,
        0,
        1,
        3,
        1,
        0
      ]
    }
  },
  "18": {
    "original": {
      "clean_topk": [
        [
          1,
          0.23809523809523808
        ],
        [
          2,
          0.2857142857142857
        ],
        [
          3,
          0.30952380952380953
        ]
      ],
      "clean_rank_list": [
        172,
        3,
        416,
        0,
        28,
        9,
        2,
        0,
        144,
        0,
        0,
        12,
        59,
        159,
        23,
        0,
        0,
        1,
        4,
        139,
        208,
        23,
        0,
        32,
        19,
        57,
        149,
        32,
        96,
        44,
        9,
        0,
        1,
        20,
        56,
        142,
        0,
        0,
        30,
        70,
        4,
        12
      ],
      "intervention_topk": [
        [
          1,
          0.2857142857142857
        ],
        [
          2,
          0.8809523809523809
        ],
        [
          3,
          0.9285714285714286
        ]
      ],
      "intervention_rank_list": [
        1,
        1,
        1,
        0,
        1,
        1,
        1,
        1,
        1,
        0,
        0,
        1,
        3,
        1,
        13,
        0,
        0,
        0,
        1,
        1,
        1,
        1,
        0,
        1,
        1,
        1,
        1,
        1,
        1,
        1,
        1,
        0,
        0,
        1,
        1,
        2,
        0,
        0,
        1,
        6,
        2,
        0
      ]
    },
    "centred": {
      "clean_topk": [
        [
          1,
          0.23809523809523808
        ],
        [
          2,
          0.2857142857142857
        ],
        [
          3,
          0.30952380952380953
        ]
      ],
      "clean_rank_list": [
        172,
        3,
        416,
        0,
        28,
        9,
        2,
        0,
        144,
        0,
        0,
        12,
        59,
        159,
        23,
        0,
        0,
        1,
        4,
        139,
        208,
        23,
        0,
        32,
        19,
        57,
        149,
        32,
        96,
        44,
        9,
        0,
        1,
        20,
        56,
        142,
        0,
        0,
        30,
        70,
        4,
        12
      ],
      "intervention_topk": [
        [
          1,
          0.6666666666666666
        ],
        [
          2,
          0.9761904761904762
        ],
        [
          3,
          0.9761904761904762
        ]
      ],
      "intervention_rank_list": [
        0,
        1,
        0,
        0,
        1,
        1,
        1,
        0,
        1,
        0,
        0,
        0,
        1,
        0,
        1,
        0,
        0,
        0,
        1,
        1,
        0,
        0,
        0,
        0,
        0,
        1,
        0,
        0,
        0,
        0,
        1,
        0,
        0,
        0,
        0,
        0,
        0,
        0,
        1,
        3,
        1,
        0
      ]
    }
  }
}