{
  "17": {
    "original": {
      "clean_topk": [
        [
          1,
          0.23255813953488372
        ],
        [
          2,
          0.2558139534883721
        ],
        [
          3,
          0.3023255813953488
        ]
      ],
      "clean_rank_list": [
        159,
        20,
        208,
        19,
        2,
        111,
        40,
        153,
        29,
        30,
        12,
        1,
        116,
        9,
        312,
        0,
        58,
        14,
        56,
        0,
        12,
        116,
        0,
        0,
        13,
        0,
        144,
        15,
        22,
        22,
        447,
        0,
        0,
        0,
        12,
        9,
        2,
        0,
        7,
        59,
        0,
        32,
        159
      ],
      "intervention_topk": [
        [
          1,
          0.37209302325581395
        ],
        [
          2,
          0.9534883720930233
        ],
        [
          3,
          0.9767441860465116
        ]
      ],
      "intervention_rank_list": [
        1,
        1,
        1,
        0,
        1,
        5,
        1,
        1,
        0,
        1,
        2,
        0,
        1,
        1,
        1,
        1,
        1,
        1,
        1,
        0,
        1,
        0,
        0,
        0,
        1,
        0,
        1,
        1,
        1,
        0,
        1,
        0,
        0,
        0,
        0,
        1,
        0,
        0,
        1,
        1,
        0,
        1,
        1
      ]
    },
    "centred": {
      "clean_topk": [
        [
          1,
          0.23255813953488372
        ],
        [
          2,
          0.2558139534883721
        ],
        [
          3,
          0.3023255813953488
        ]
      ],
      "clean_rank_list": [
        159,
        20,
        208,
        19,
        2,
        111,
        40,
        153,
        29,
        30,
        12,
        1,
        116,
        9,
        312,
        0,
        58,
        14,
        56,
        0,
        12,
        116,
        0,
        0,
        13,
        0,
        144,
        15,
        22,
        22,
        447,
        0,
        0,
        0,
        12,
        9,
        2,
        0,
        7,
        59,
        0,
        32,
        159
      ],
      "intervention_topk": [
        [
          1,
          0.4186046511627907
        ],
        [
          2,
          0.9767441860465116
        ],
        [
          3,
          1.0
        ]
      ],
      "intervention_rank_list": [
        1,
        1,
        1,
        0,
        1,
        1,
        0,
        1,
        0,
        1,
        2,
        0,
        1,
        1,
        1,
        1,
        1,
        1,
        1,
        0,
        0,
        0,
        0,
        0,
        1,
        0,
        1,
        0,
        1,
        1,
        1,
        0,
        0,
        0,
        0,
        1,
        0,
        0,
        1,
        1,
        0,
        1,
        1
      ]
    }
  },
  "18": {
    "original": {
      "clean_topk": [
        [
          1,
          0.23255813953488372
        ],
        [
          2,
          0.2558139534883721
        ],
        [
          3,
          0.3023255813953488
        ]
      ],
      "clean_rank_list": [
        159,
        20,
        208,
        19,
        2,
        111,
        40,
        153,
        29,
        30,
        12,
        1,
        116,
        9,
        312,
        0,
        58,
        14,
        56,
        0,
        12,
        116,
        0,
        0,
        13,
        0,
        144,
        15,
        22,
        22,
        447,
        0,
        0,
        0,
        12,
        9,
        2,
        0,
        7,
        59,
        0,
        32,
        159
      ],
      "intervention_topk": [
        [
          1,
          0.32558139534883723
        ],
        [
          2,
          0.9069767441860465
        ],
        [
          3,
          0.9534883720930233
        ]
      ],
      "intervention_rank_list": [
        1,
        1,
        1,
        1,
        1,
        7,
        1,
        1,
        0,
        1,
        3,
        0,
        1,
        2,
        1,
        1,
        1,
        1,
        1,
        0,
        1,
        1,
        0,
        0,
        1,
        0,
        1,
        1,
        1,
        0,
        1,
        0,
        0,
        0,
        0,
        1,
        0,
        0,
        1,
        2,
        0,
        1,
        1
      ]
    },
    "centred": {
      "clean_topk": [
        [
          1,
          0.23255813953488372
        ],
        [
          2,
          0.2558139534883721
        ],
        [
          3,
          0.3023255813953488
        ]
      ],
      "clean_rank_list": [
        159,
        20,
        208,
        19,
        2,
        111,
        40,
        153,
        29,
        30,
        12,
        1,
        116,
        9,
        312,
        0,
        58,
        14,
        56,
        0,
        12,
        116,
        0,
        0,
        13,
        0,
        144,
        15,
        22,
        22,
        447,
        0,
        0,
        0,
        12,
        9,
        2,
        0,
        7,
        59,
        0,
        32,
        159
      ],
      "intervention_topk": [
        [
          1,
          0.5581395348837209
        ],
        [
          2,
          0.9767441860465116
        ],
        [
          3,
          1.0
        ]
      ],
      "intervention_rank_list": [
        0,
        0,
        0,
        0,
        1,
        2,
        0,
        1,
        0,
        1,
        1,
        0,
        1,
        1,
        1,
        0,
        1,
        1,
        1,
        0,
        0,
        0,
        0,
        0,
        1,
        0,
        1,
        0,
        0,
        0,
        1,
        0,
        0,
        0,
        0,
        1,
        0,
        0,
        1,
        1,
        0,
        1,
        1
      ]
    }
  }
}