{
  "17": {
    "original": {
      "clean_topk": [
        [
          1,
          0.27906976744186046
        ],
        [
          2,
          0.32558139534883723
        ],
        [
          3,
          0.32558139534883723
        ]
      ],
      "clean_rank_list": [
        3,
        405,
        0,
        0,
        0,
        0,
        16,
        24,
        12,
        0,
        85,
        28,
        32,
        0,
        26,
        91,
        125,
        1,
        453,
        149,
        0,
        0,
        32,
        35,
        64,
        36,
        36,
        14,
        0,
        0,
        0,
        1,
        151,
        12,
        17,
        0,
        172,
        60,
        208,
        22,
        447,
        9,
        23
      ],
      "intervention_topk": [
        [
          1,
          0.37209302325581395
        ],
        [
          2,
          0.8837209302325582
        ],
        [
          3,
          0.9534883720930233
        ]
      ],
      "intervention_rank_list": [
        1,
        32,
        0,
        0,
        0,
        0,
        1,
        1,
        1,
        0,
        1,
        3,
        1,
        0,
        1,
        2,
        1,
        1,
        2,
        1,
        0,
        0,
        1,
        1,
        1,
        1,
        1,
        1,
        0,
        0,
        0,
        0,
        1,
        0,
        0,
        0,
        0,
        1,
        1,
        2,
        1,
        1,
        1
      ]
    },
    "centred": {
      "clean_topk": [
        [
          1,
          0.27906976744186046
        ],
        [
          2,
          0.32558139534883723
        ],
        [
          3,
          0.32558139534883723
        ]
      ],
      "clean_rank_list": [
        3,
        405,
        0,
        0,
        0,
        0,
        16,
        24,
        12,
        0,
        85,
        28,
        32,
        0,
        26,
        91,
        125,
        1,
        453,
        149,
        0,
        0,
        32,
        35,
        64,
        36,
        36,
        14,
        0,
        0,
        0,
        1,
        151,
        12,
        17,
        0,
        172,
        60,
        208,
        22,
        447,
        9,
        23
      ],
      "intervention_topk": [
        [
          1,
          0.4883720930232558
        ],
        [
          2,
          0.9534883720930233
        ],
        [
          3,
          0.9534883720930233
        ]
      ],
      "intervention_rank_list": [
        1,
        5,
        0,
        0,
        0,
        0,
        1,
        1,
        1,
        0,
        1,
        3,
        0,
        0,
        0,
        1,
        1,
        1,
        1,
        0,
        0,
        0,
        1,
        1,
        1,
        0,
        0,
        1,
        0,
        0,
        0,
        0,
        1,
        0,
        1,
        0,
        0,
        1,
        1,
        1,
        1,
        1,
        0
      ]
    }
  },
  "18": {
    "original": {
      "clean_topk": [
        [
          1,
          0.27906976744186046
        ],
        [
          2,
          0.32558139534883723
        ],
        [
          3,
          0.32558139534883723
        ]
      ],
      "clean_rank_list": [
        3,
        405,
        0,
        0,
        0,
        0,
        16,
        24,
        12,
        0,
        85,
        28,
        32,
        0,
        26,
        91,
        125,
        1,
        453,
        149,
        0,
        0,
        32,
        35,
        64,
        36,
        36,
        14,
        0,
        0,
        0,
        1,
        151,
        12,
        17,
        0,
        172,
        60,
        208,
        22,
        447,
        9,
        23
      ],
      "intervention_topk": [
        [
          1,
          0.32558139534883723
        ],
        [
          2,
          0.8837209302325582
        ],
        [
          3,
          0.9302325581395349
        ]
      ],
      "intervention_rank_list": [
        1,
        48,
        0,
        0,
        0,
        0,
        1,
        1,
        1,
        0,
        1,
        7,
        1,
        0,
        1,
        3,
        1,
        1,
        2,
        1,
        0,
        0,
        1,
        1,
        1,
        1,
        1,
        1,
        0,
        0,
        0,
        0,
        1,
        0,
        1,
        0,
        1,
        1,
        1,
        2,
        1,
        1,
        1
      ]
    },
    "centred": {
      "clean_topk": [
        [
          1,
          0.27906976744186046
        ],
        [
          2,
          0.32558139534883723
        ],
        [
          3,
          0.32558139534883723
        ]
      ],
      "clean_rank_list": [
        3,
        405,
        0,
        0,
        0,
        0,
        16,
        24,
        12,
        0,
        85,
        28,
        32,
        0,
        26,
        91,
        125,
        1,
        453,
        149,
        0,
        0,
        32,
        35,
        64,
        36,
        36,
        14,
        0,
        0,
        0,
        1,
        151,
        12,
        17,
        0,
        172,
        60,
        208,
        22,
        447,
        9,
        23
      ],
      "intervention_topk": [
        [
          1,
          0.5348837209302325
        ],
        [
          2,
          0.9534883720930233
        ],
        [
          3,
          0.9767441860465116
        ]
      ],
      "intervention_rank_list": [
        1,
        4,
        0,
        0,
        0,
        0,
        1,
        1,
        1,
        0,
        1,
        2,
        0,
        0,
        0,
        1,
        1,
        1,
        1,
        0,
        0,
        0,
        1,
        1,
        0,
        0,
        0,
        1,
        0,
        0,
        0,
        0,
        1,
        0,
        0,
        0,
        0,
        1,
        1,
        1,
        1,
        1,
        0
      ]
    }
  }
}