{
  "17": {
    "original": {
      "clean_topk": [
        [
          1,
          0.32558139534883723
        ],
        [
          2,
          0.37209302325581395
        ],
        [
          3,
          0.37209302325581395
        ]
      ],
      "clean_rank_list": [
        13,
        5,
        21,
        4,
        36,
        0,
        0,
        208,
        0,
        4,
        65,
        0,
        7,
        0,
        0,
        9,
        16,
        0,
        4021,
        115,
        0,
        0,
        121,
        1,
        22,
        153,
        32,
        453,
        0,
        347,
        149,
        0,
        0,
        0,
        7,
        40,
        16,
        4,
        405,
        0,
        1,
        96,
        144
      ],
      "intervention_topk": [
        [
          1,
          0.46511627906976744
        ],
        [
          2,
          0.8604651162790697
        ],
        [
          3,
          0.9302325581395349
        ]
      ],
      "intervention_rank_list": [
        0,
        1,
        1,
        1,
        0,
        0,
        0,
        1,
        0,
        2,
        1,
        0,
        1,
        0,
        0,
        0,
        2,
        0,
        297,
        1,
        0,
        0,
        1,
        0,
        1,
        1,
        1,
        2,
        0,
        1,
        14,
        0,
        0,
        0,
        0,
        1,
        1,
        1,
        44,
        0,
        0,
        1,
        1
      ]
    },
    "centred": {
      "clean_topk": [
        [
          1,
          0.32558139534883723
        ],
        [
          2,
          0.37209302325581395
        ],
        [
          3,
          0.37209302325581395
        ]
      ],
      "clean_rank_list": [
        13,
        5,
        21,
        4,
        36,
        0,
        0,
        208,
        0,
        4,
        65,
        0,
        7,
        0,
        0,
        9,
        16,
        0,
        4021,
        115,
        0,
        0,
        121,
        1,
        22,
        153,
        32,
        453,
        0,
        347,
        149,
        0,
        0,
        0,
        7,
        40,
        16,
        4,
        405,
        0,
        1,
        96,
        144
      ],
      "intervention_topk": [
        [
          1,
          0.6046511627906976
        ],
        [
          2,
          0.9069767441860465
        ],
        [
          3,
          0.9302325581395349
        ]
      ],
      "intervention_rank_list": [
        0,
        1,
        0,
        0,
        0,
        0,
        0,
        0,
        0,
        1,
        1,
        0,
        1,
        0,
        0,
        0,
        2,
        0,
        172,
        0,
        0,
        0,
        0,
        0,
        1,
        1,
        1,
        1,
        0,
        1,
        8,
        0,
        0,
        0,
        0,
        0,
        1,
        1,
        9,
        0,
        0,
        1,
        1
      ]
    }
  },
  "18": {
    "original": {
      "clean_topk": [
        [
          1,
          0.32558139534883723
        ],
        [
          2,
          0.37209302325581395
        ],
        [
          3,
          0.37209302325581395
        ]
      ],
      "clean_rank_list": [
        13,
        5,
        21,
        4,
        36,
        0,
        0,
        208,
        0,
        4,
        65,
        0,
        7,
        0,
        0,
        9,
        16,
        0,
        4021,
        115,
        0,
        0,
        121,
        1,
        22,
        153,
        32,
        453,
        0,
        347,
        149,
        0,
        0,
        0,
        7,
        40,
        16,
        4,
        405,
        0,
        1,
        96,
        144
      ],
      "intervention_topk": [
        [
          1,
          0.46511627906976744
        ],
        [
          2,
          0.8372093023255814
        ],
        [
          3,
          0.9069767441860465
        ]
      ],
      "intervention_rank_list": [
        0,
        1,
        1,
        1,
        0,
        0,
        0,
        1,
        0,
        2,
        1,
        0,
        2,
        0,
        0,
        0,
        3,
        0,
        294,
        1,
        0,
        0,
        1,
        0,
        1,
        1,
        1,
        2,
        0,
        1,
        23,
        0,
        0,
        0,
        0,
        1,
        1,
        1,
        62,
        0,
        0,
        1,
        1
      ]
    },
    "centred": {
      "clean_topk": [
        [
          1,
          0.32558139534883723
        ],
        [
          2,
          0.37209302325581395
        ],
        [
          3,
          0.37209302325581395
        ]
      ],
      "clean_rank_list": [
        13,
        5,
        21,
        4,
        36,
        0,
        0,
        208,
        0,
        4,
        65,
        0,
        7,
        0,
        0,
        9,
        16,
        0,
        4021,
        115,
        0,
        0,
        121,
        1,
        22,
        153,
        32,
        453,
        0,
        347,
        149,
        0,
        0,
        0,
        7,
        40,
        16,
        4,
        405,
        0,
        1,
        96,
        144
      ],
      "intervention_topk": [
        [
          1,
          0.6976744186046512
        ],
        [
          2,
          0.9302325581395349
        ],
        [
          3,
          0.9302325581395349
        ]
      ],
      "intervention_rank_list": [
        0,
        1,
        0,
        0,
        0,
        0,
        0,
        0,
        0,
        1,
        1,
        0,
        1,
        0,
        0,
        0,
        1,
        0,
        146,
        0,
        0,
        0,
        0,
        0,
        0,
        1,
        0,
        1,
        0,
        1,
        8,
        0,
        0,
        0,
        0,
        0,
        0,
        1,
        4,
        0,
        0,
        0,
        1
      ]
    }
  }
}