{
  "8": {
    "original": {
      "clean_topk": [
        [
          1,
          0.2558139534883721
        ],
        [
          2,
          0.3023255813953488
        ],
        [
          3,
          0.32558139534883723
        ]
      ],
      "clean_rank_list": [
        0,
        0,
        312,
        67,
        73,
        15,
        1,
        11,
        116,
        46,
        91,
        58,
        0,
        12,
        0,
        9,
        0,
        0,
        2,
        20,
        139,
        9,
        0,
        20,
        209,
        1,
        184,
        405,
        13,
        96,
        0,
        0,
        5,
        159,
        3,
        0,
        4,
        4,
        65,
        3,
        30,
        0,
        14
      ],
      "intervention_topk": [
        [
          1,
          0.32558139534883723
        ],
        [
          2,
          0.5116279069767442
        ],
        [
          3,
          0.5348837209302325
        ]
      ],
      "intervention_rank_list": [
        0,
        0,
        32,
        3,
        2,
        4,
        0,
        3,
        14,
        7,
        7,
        4,
        0,
        1,
        0,
        4,
        0,
        0,
        0,
        4,
        16,
        1,
        0,
        4,
        42,
        0,
        9,
        55,
        5,
        9,
        0,
        0,
        1,
        32,
        1,
        0,
        1,
        1,
        5,
        1,
        4,
        0,
        1
      ]
    },
    "centred": {
      "clean_topk": [
        [
          1,
          0.2558139534883721
        ],
        [
          2,
          0.3023255813953488
        ],
        [
          3,
          0.32558139534883723
        ]
      ],
      "clean_rank_list": [
        0,
        0,
        312,
        67,
        73,
        15,
        1,
        11,
        116,
        46,
        91,
        58,
        0,
        12,
        0,
        9,
        0,
        0,
        2,
        20,
        139,
        9,
        0,
        20,
        209,
        1,
        184,
        405,
        13,
        96,
        0,
        0,
        5,
        159,
        3,
        0,
        4,
        4,
        65,
        3,
        30,
        0,
        14
      ],
      "intervention_topk": [
        [
          1,
          0.32558139534883723
        ],
        [
          2,
          0.5116279069767442
        ],
        [
          3,
          0.5116279069767442
        ]
      ],
      "intervention_rank_list": [
        0,
        0,
        56,
        14,
        9,
        7,
        0,
        3,
        59,
        12,
        25,
        4,
        0,
        1,
        0,
        8,
        0,
        0,
        0,
        5,
        37,
        1,
        0,
        4,
        73,
        0,
        9,
        38,
        5,
        23,
        0,
        0,
        1,
        70,
        1,
        0,
        1,
        1,
        7,
        1,
        6,
        0,
        1
      ]
    }
  },
  "10": {
    "original": {
      "clean_topk": [
        [
          1,
          0.2558139534883721
        ],
        [
          2,
          0.3023255813953488
        ],
        [
          3,
          0.32558139534883723
        ]
      ],
      "clean_rank_list": [
        0,
        0,
        312,
        67,
        73,
        15,
        1,
        11,
        116,
        46,
        91,
        58,
        0,
        12,
        0,
        9,
        0,
        0,
        2,
        20,
        139,
        9,
        0,
        20,
        209,
        1,
        184,
        405,
        13,
        96,
        0,
        0,
        5,
        159,
        3,
        0,
        4,
        4,
        65,
        3,
        30,
        0,
        14
      ],
      "intervention_topk": [
        [
          1,
          0.32558139534883723
        ],
        [
          2,
          0.6046511627906976
        ],
        [
          3,
          0.7441860465116279
        ]
      ],
      "intervention_rank_list": [
        0,
        0,
        13,
        2,
        1,
        3,
        0,
        1,
        2,
        5,
        1,
        2,
        0,
        1,
        0,
        4,
        0,
        0,
        0,
        2,
        9,
        1,
        0,
        1,
        9,
        0,
        2,
        23,
        2,
        3,
        0,
        0,
        1,
        8,
        1,
        0,
        1,
        1,
        4,
        1,
        3,
        0,
        1
      ]
    },
    "centred": {
      "clean_topk": [
        [
          1,
          0.2558139534883721
        ],
        [
          2,
          0.3023255813953488
        ],
        [
          3,
          0.32558139534883723
        ]
      ],
      "clean_rank_list": [
        0,
        0,
        312,
        67,
        73,
        15,
        1,
        11,
        116,
        46,
        91,
        58,
        0,
        12,
        0,
        9,
        0,
        0,
        2,
        20,
        139,
        9,
        0,
        20,
        209,
        1,
        184,
        405,
        13,
        96,
        0,
        0,
        5,
        159,
        3,
        0,
        4,
        4,
        65,
        3,
        30,
        0,
        14
      ],
      "intervention_topk": [
        [
          1,
          0.3023255813953488
        ],
        [
          2,
          0.6046511627906976
        ],
        [
          3,
          0.6511627906976745
        ]
      ],
      "intervention_rank_list": [
        0,
        0,
        19,
        1,
        1,
        4,
        1,
        1,
        21,
        9,
        6,
        6,
        0,
        1,
        0,
        5,
        0,
        0,
        0,
        1,
        12,
        1,
        0,
        2,
        28,
        0,
        5,
        70,
        2,
        7,
        0,
        0,
        1,
        19,
        1,
        0,
        1,
        1,
        8,
        1,
        7,
        0,
        1
      ]
    }
  },
  "11": {
    "original": {
      "clean_topk": [
        [
          1,
          0.2558139534883721
        ],
        [
          2,
          0.3023255813953488
        ],
        [
          3,
          0.32558139534883723
        ]
      ],
      "clean_rank_list": [
        0,
        0,
        312,
        67,
        73,
        15,
        1,
        11,
        116,
        46,
        91,
        58,
        0,
        12,
        0,
        9,
        0,
        0,
        2,
        20,
        139,
        9,
        0,
        20,
        209,
        1,
        184,
        405,
        13,
        96,
        0,
        0,
        5,
        159,
        3,
        0,
        4,
        4,
        65,
        3,
        30,
        0,
        14
      ],
      "intervention_topk": [
        [
          1,
          0.32558139534883723
        ],
        [
          2,
          0.7441860465116279
        ],
        [
          3,
          0.8837209302325582
        ]
      ],
      "intervention_rank_list": [
        0,
        0,
        5,
        1,
        1,
        3,
        0,
        1,
        1,
        2,
        1,
        1,
        0,
        1,
        0,
        2,
        0,
        0,
        0,
        1,
        3,
        1,
        0,
        1,
        2,
        0,
        1,
        12,
        2,
        1,
        0,
        0,
        1,
        3,
        1,
        0,
        1,
        1,
        2,
        1,
        2,
        0,
        1
      ]
    },
    "centred": {
      "clean_topk": [
        [
          1,
          0.2558139534883721
        ],
        [
          2,
          0.3023255813953488
        ],
        [
          3,
          0.32558139534883723
        ]
      ],