{
  "8": {
    "original": {
      "clean_topk": [
        [
          1,
          0.16279069767441862
        ],
        [
          2,
          0.23255813953488372
        ],
        [
          3,
          0.2558139534883721
        ]
      ],
      "clean_rank_list": [
        16,
        0,
        87,
        453,
        0,
        125,
        78,
        28,
        4021,
        15,
        1,
        64,
        1,
        91,
        35,
        116,
        3,
        0,
        65,
        0,
        16,
        9,
        75,
        21,
        19,
        4,
        56,
        2,
        49,
        1,
        85,
        0,
        32,
        312,
        0,
        0,
        96,
        22,
        3,
        28,
        57,
        4,
        10
      ],
      "intervention_topk": [
        [
          1,
          0.23255813953488372
        ],
        [
          2,
          0.3953488372093023
        ],
        [
          3,
          0.4883720930232558
        ]
      ],
      "intervention_rank_list": [
        2,
        0,
        9,
        38,
        0,
        3,
        11,
        6,
        1597,
        1,
        1,
        2,
        1,
        7,
        5,
        29,
        1,
        0,
        12,
        0,
        3,
        2,
        4,
        9,
        3,
        1,
        8,
        0,
        4,
        0,
        12,
        0,
        6,
        36,
        0,
        0,
        12,
        1,
        0,
        5,
        8,
        1,
        2
      ]
    },
    "centred": {
      "clean_topk": [
        [
          1,
          0.16279069767441862
        ],
        [
          2,
          0.23255813953488372
        ],
        [
          3,
          0.2558139534883721
        ]
      ],
      "clean_rank_list": [
        16,
        0,
        87,
        453,
        0,
        125,
        78,
        28,
        4021,
        15,
        1,
        64,
        1,
        91,
        35,
        116,
        3,
        0,
        65,
        0,
        16,
        9,
        75,
        21,
        19,
        4,
        56,
        2,
        49,
        1,
        85,
        0,
        32,
        312,
        0,
        0,
        96,
        22,
        3,
        28,
        57,
        4,
        10
      ],
      "intervention_topk": [
        [
          1,
          0.20930232558139536
        ],
        [
          2,
          0.37209302325581395
        ],
        [
          3,
          0.3953488372093023
        ]
      ],
      "intervention_rank_list": [
        3,
        0,
        10,
        129,
        0,
        6,
        7,
        10,
        2198,
        1,
        1,
        6,
        1,
        27,
        11,
        82,
        1,
        0,
        29,
        0,
        6,
        2,
        10,
        11,
        5,
        1,
        14,
        0,
        7,
        1,
        21,
        0,
        6,
        62,
        0,
        0,
        28,
        3,
        0,
        5,
        7,
        1,
        3
      ]
    }
  },
  "10": {
    "original": {
      "clean_topk": [
        [
          1,
          0.16279069767441862
        ],
        [
          2,
          0.23255813953488372
        ],
        [
          3,
          0.2558139534883721
        ]
      ],
      "clean_rank_list": [
        16,
        0,
        87,
        453,
        0,
        125,
        78,
        28,
        4021,
        15,
        1,
        64,
        1,
        91,
        35,
        116,
        3,
        0,
        65,
        0,
        16,
        9,
        75,
        21,
        19,
        4,
        56,
        2,
        49,
        1,
        85,
        0,
        32,
        312,
        0,
        0,
        96,
        22,
        3,
        28,
        57,
        4,
        10
      ],
      "intervention_topk": [
        [
          1,
          0.23255813953488372
        ],
        [
          2,
          0.5813953488372093
        ],
        [
          3,
          0.7209302325581395
        ]
      ],
      "intervention_rank_list": [
        1,
        0,
        4,
        19,
        0,
        1,
        7,
        3,
        1338,
        1,
        1,
        1,
        1,
        1,
        2,
        5,
        1,
        0,
        5,
        0,
        2,
        1,
        2,
        4,
        1,
        1,
        2,
        0,
        1,
        0,
        4,
        0,
        2,
        15,
        0,
        0,
        3,
        1,
        0,
        2,
        4,
        1,
        1
      ]
    },
    "centred": {
      "clean_topk": [
        [
          1,
          0.16279069767441862
        ],
        [
          2,
          0.23255813953488372
        ],
        [
          3,
          0.2558139534883721
        ]
      ],
      "clean_rank_list": [
        16,
        0,
        87,
        453,
        0,
        125,
        78,
        28,
        4021,
        15,
        1,
        64,
        1,
        91,
        35,
        116,
        3,
        0,
        65,
        0,
        16,
        9,
        75,
        21,
        19,
        4,
        56,
        2,
        49,
        1,
        85,
        0,
        32,
        312,
        0,
        0,
        96,
        22,
        3,
        28,
        57,
        4,
        10
      ],
      "intervention_topk": [
        [
          1,
          0.20930232558139536
        ],
        [
          2,
          0.4883720930232558
        ],
        [
          3,
          0.5348837209302325
        ]
      ],
      "intervention_rank_list": [
        2,
        0,
        5,
        31,
        0,
        2,
        4,
        4,
        1067,
        1,
        1,
        3,
        1,
        6,
        3,
        20,
        1,
        0,
        8,
        0,
        3,
        1,
        10,
        7,
        1,
        1,
        3,
        0,
        3,
        1,
        11,
        0,
        4,
        23,
        0,
        0,
        12,
        1,
        0,
        1,
        3,
        1,
        1
      ]
    }
  },
  "11": {
    "original": {
      "clean_topk": [
        [
          1,
          0.16279069767441862
        ],
        [
          2,
          0.23255813953488372
        ],
        [
          3,
          0.2558139534883721
        ]
      ],
      "clean_rank_list": [
        16,
        0,
        87,
        453,
        0,
        125,
        78,
        28,
        4021,
        15,
        1,
        64,
        1,
        91,
        35,
        116,
        3,
        0,
        65,
        0,
        16,
        9,
        75,
        21,
        19,
        4,
        56,
        2,
        49,
        1,
        85,
        0,
        32,
        312,
        0,
        0,
        96,
        22,
        3,
        28,
        57,
        4,
        10
      ],
      "intervention_topk": [
        [
          1,
          0.23255813953488372
        ],
        [
          2,
          0.7906976744186046
        ],
        [
          3,
          0.8837209302325582
        ]
      ],
      "intervention_rank_list": [
        1,
        0,
        2,
        5,
        0,
        1,
        5,
        2,
        1078,
        1,
        1,
        1,
        1,
        1,
        1,
        1,
        1,
        0,
        2,
        0,
        2,
        1,
        1,
        4,
        1,
        1,
        1,
        0,
        1,
        0,
        1,
        0,
        1,
        5,
        0,
        0,
        1,
        1,
        0,
        1,
        1,
        1,
        1
      ]
    },
    "centred": {
      "clean_topk": [
        [
          1,
          0.16279069767441862
        ],
        [
          2,
          0.23255813953488372
        ],
        [
          3,
          0.2558139534883721
        ]
      ],