{
  "8": {
    "original": {
      "clean_topk": [
        [
          1,
          0.27906976744186046
        ],
        [
          2,
          0.27906976744186046
        ],
        [
          3,
          0.32558139534883723
        ]
      ],
      "clean_rank_list": [
        0,
        132,
        31,
        0,
        453,
        44,
        0,
        56,
        3,
        2,
        57,
        12,
        0,
        91,
        47,
        51,
        36,
        32,
        2,
        0,
        0,
        14,
        12,
        91,
        416,
        159,
        0,
        39,
        0,
        149,
        96,
        73,
        4,
        0,
        7,
        0,
        3,
        18,
        53,
        0,
        122,
        0,
        25
      ],
      "intervention_topk": [
        [
          1,
          0.32558139534883723
        ],
        [
          2,
          0.4883720930232558
        ],
        [
          3,
          0.5348837209302325
        ]
      ],
      "intervention_rank_list": [
        0,
        12,
        6,
        0,
        37,
        4,
        0,
        9,
        1,
        1,
        8,
        1,
        0,
        7,
        14,
        6,
        3,
        5,
        0,
        0,
        0,
        1,
        1,
        7,
        120,
        22,
        0,
        9,
        0,
        16,
        12,
        2,
        1,
        0,
        1,
        0,
        0,
        2,
        7,
        0,
        12,
        0,
        6
      ]
    },
    "centred": {
      "clean_topk": [
        [
          1,
          0.27906976744186046
        ],
        [
          2,
          0.27906976744186046
        ],
        [
          3,
          0.32558139534883723
        ]
      ],
      "clean_rank_list": [
        0,
        132,
        31,
        0,
        453,
        44,
        0,
        56,
        3,
        2,
        57,
        12,
        0,
        91,
        47,
        51,
        36,
        32,
        2,
        0,
        0,
        14,
        12,
        91,
        416,
        159,
        0,
        39,
        0,
        149,
        96,
        73,
        4,
        0,
        7,
        0,
        3,
        18,
        53,
        0,
        122,
        0,
        25
      ],
      "intervention_topk": [
        [
          1,
          0.32558139534883723
        ],
        [
          2,
          0.4418604651162791
        ],
        [
          3,
          0.4418604651162791
        ]
      ],
      "intervention_rank_list": [
        0,
        49,
        10,
        0,
        125,
        3,
        0,
        18,
        1,
        1,
        6,
        1,
        0,
        28,
        16,
        5,
        8,
        6,
        0,
        0,
        0,
        5,
        3,
        24,
        248,
        58,
        0,
        34,
        0,
        18,
        27,
        9,
        1,
        0,
        1,
        0,
        0,
        3,
        10,
        0,
        19,
        0,
        9
      ]
    }
  },
  "10": {
    "original": {
      "clean_topk": [
        [
          1,
          0.27906976744186046
        ],
        [
          2,
          0.27906976744186046
        ],
        [
          3,
          0.32558139534883723
        ]
      ],
      "clean_rank_list": [
        0,
        132,
        31,
        0,
        453,
        44,
        0,
        56,
        3,
        2,
        57,
        12,
        0,
        91,
        47,
        51,
        36,
        32,
        2,
        0,
        0,
        14,
        12,
        91,
        416,
        159,
        0,
        39,
        0,
        149,
        96,
        73,
        4,
        0,
        7,
        0,
        3,
        18,
        53,
        0,
        122,
        0,
        25
      ],
      "intervention_topk": [
        [
          1,
          0.32558139534883723
        ],
        [
          2,
          0.5581395348837209
        ],
        [
          3,
          0.6976744186046512
        ]
      ],
      "intervention_rank_list": [
        0,
        4,
        2,
        0,
        17,
        3,
        0,
        3,
        1,
        1,
        5,
        1,
        0,
        6,
        4,
        2,
        2,
        2,
        0,
        0,
        0,
        1,
        1,
        1,
        50,
        8,
        0,
        4,
        0,
        11,
        3,
        1,
        1,
        0,
        1,
        0,
        0,
        1,
        2,
        0,
        3,
        0,
        2
      ]
    },
    "centred": {
      "clean_topk": [
        [
          1,
          0.27906976744186046
        ],
        [
          2,
          0.27906976744186046
        ],
        [
          3,
          0.32558139534883723
        ]
      ],
      "clean_rank_list": [
        0,
        132,
        31,
        0,
        453,
        44,
        0,
        56,
        3,
        2,
        57,
        12,
        0,
        91,
        47,
        51,
        36,
        32,
        2,
        0,
        0,
        14,
        12,
        91,
        416,
        159,
        0,
        39,
        0,
        149,
        96,
        73,
        4,
        0,
        7,
        0,
        3,
        18,
        53,
        0,
        122,
        0,
        25
      ],
      "intervention_topk": [
        [
          1,
          0.32558139534883723
        ],
        [
          2,
          0.5348837209302325
        ],
        [
          3,
          0.5813953488372093
        ]
      ],
      "intervention_rank_list": [
        0,
        11,
        2,
        0,
        29,
        3,
        0,
        5,
        1,
        1,
        3,
        1,
        0,
        8,
        11,
        2,
        3,
        4,
        0,
        0,
        0,
        1,
        1,
        6,
        87,
        12,
        0,
        6,
        0,
        12,
        12,
        1,
        1,
        0,
        1,
        0,
        0,
        1,
        3,
        0,
        5,
        0,
        12
      ]
    }
  },
  "11": {
    "original": {
      "clean_topk": [
        [
          1,
          0.27906976744186046
        ],
        [
          2,
          0.27906976744186046
        ],
        [
          3,
          0.32558139534883723
        ]
      ],
      "clean_rank_list": [
        0,
        132,
        31,
        0,
        453,
        44,
        0,
        56,
        3,
        2,
        57,
        12,
        0,
        91,
        47,
        51,
        36,
        32,
        2,
        0,
        0,
        14,
        12,
        91,
        416,
        159,
        0,
        39,
        0,
        149,
        96,
        73,
        4,
        0,
        7,
        0,
        3,
        18,
        53,
        0,
        122,
        0,
        25
      ],
      "intervention_topk": [
        [
          1,
          0.32558139534883723
        ],
        [
          2,
          0.813953488372093
        ],
        [
          3,
          0.8837209302325582
        ]
      ],
      "intervention_rank_list": [
        0,
        2,
        1,
        0,
        4,
        1,
        0,
        1,
        1,
        1,
        1,
        1,
        0,
        4,
        3,
        1,
        2,
        1,
        0,
        0,
        0,
        1,
        1,
        1,
        8,
        1,
        0,
        2,
        0,
        9,
        1,
        1,
        1,
        0,
        1,
        0,
        0,
        1,
        1,
        0,
        1,
        0,
        1
      ]
    },
    "centred": {
      "clean_topk": [
        [
          1,
          0.27906976744186046
        ],
        [
          2,
          0.27906976744186046
        ],
        [
          3,
          0.32558139534883723
        ]
      ],