{
  "12": {
    "original": {
      "clean_topk": [
        [
          1,
          0.30952380952380953
        ],
        [
          2,
          0.3333333333333333
        ],
        [
          3,
          0.35714285714285715
        ]
      ],
      "clean_rank_list": [
        15,
        91,
        21,
        0,
        0,
        93,
        0,
        208,
        39,
        0,
        47,
        0,
        208,
        0,
        0,
        172,
        0,
        58,
        416,
        73,
        3,
        2,
        16,
        139,
        407,
        70,
        56,
        0,
        51,
        20,
        38,
        0,
        32,
        1,
        35,
        0,
        0,
        5,
        22,
        116,
        132,
        0
      ],
      "intervention_topk": [
        [
          1,
          0.38095238095238093
        ],
        [
          2,
          0.8809523809523809
        ],
        [
          3,
          0.9761904761904762
        ]
      ],
      "intervention_rank_list": [
        1,
        2,
        1,
        0,
        0,
        1,
        0,
        1,
        1,
        0,
        1,
        0,
        1,
        0,
        0,
        1,
        0,
        2,
        2,
        1,
        0,
        0,
        1,
        1,
        2,
        7,
        1,
        0,
        1,
        1,
        1,
        0,
        1,
        0,
        1,
        0,
        0,
        1,
        1,
        1,
        1,
        0
      ]
    },
    "centred": {
      "clean_topk": [
        [
          1,
          0.30952380952380953
        ],
        [
          2,
          0.3333333333333333
        ],
        [
          3,
          0.35714285714285715
        ]
      ],
      "clean_rank_list": [
        15,
        91,
        21,
        0,
        0,
        93,
        0,
        208,
        39,
        0,
        47,
        0,
        208,
        0,
        0,
        172,
        0,
        58,
        416,
        73,
        3,
        2,
        16,
        139,
        407,
        70,
        56,
        0,
        51,
        20,
        38,
        0,
        32,
        1,
        35,
        0,
        0,
        5,
        22,
        116,
        132,
        0
      ],
      "intervention_topk": [
        [
          1,
          0.38095238095238093
        ],
        [
          2,
          0.7857142857142857
        ],
        [
          3,
          0.8333333333333334
        ]
      ],
      "intervention_rank_list": [
        1,
        3,
        1,
        0,
        0,
        1,
        0,
        1,
        1,
        0,
        6,
        0,
        1,
        0,
        0,
        1,
        0,
        8,
        29,
        1,
        0,
        0,
        2,
        1,
        1,
        11,
        1,
        0,
        1,
        3,
        1,
        0,
        1,
        0,
        1,
        0,
        0,
        1,
        2,
        1,
        6,
        0
      ]
    }
  }
}