{
  "12": {
    "original": {
      "clean_topk": [
        [
          1,
          0.16666666666666666
        ],
        [
          2,
          0.16666666666666666
        ],
        [
          3,
          0.16666666666666666
        ]
      ],
      "clean_rank_list": [
        28,
        11,
        56,
        9,
        149,
        32,
        0,
        85,
        56,
        0,
        21,
        65,
        4,
        58,
        0,
        5,
        0,
        3,
        20,
        23,
        15,
        24,
        125,
        0,
        0,
        29,
        91,
        51,
        407,
        144,
        9,
        21,
        159,
        6,
        184,
        116,
        4,
        209,
        3,
        9,
        132,
        0
      ],
      "intervention_topk": [
        [
          1,
          0.19047619047619047
        ],
        [
          2,
          0.7857142857142857
        ],
        [
          3,
          1.0
        ]
      ],
      "intervention_rank_list": [
        1,
        1,
        1,
        1,
        1,
        1,
        0,
        1,
        1,
        0,
        2,
        2,
        1,
        2,
        0,
        1,
        0,
        1,
        1,
        1,
        2,
        1,
        1,
        0,
        0,
        2,
        2,
        1,
        2,
        2,
        1,
        1,
        2,
        1,
        1,
        1,
        1,
        1,
        0,
        1,
        1,
        0
      ]
    },
    "centred": {
      "clean_topk": [
        [
          1,
          0.16666666666666666
        ],
        [
          2,
          0.16666666666666666
        ],
        [
          3,
          0.16666666666666666
        ]
      ],
      "clean_rank_list": [
        28,
        11,
        56,
        9,
        149,
        32,
        0,
        85,
        56,
        0,
        21,
        65,
        4,
        58,
        0,
        5,
        0,
        3,
        20,
        23,
        15,
        24,
        125,
        0,
        0,
        29,
        91,
        51,
        407,
        144,
        9,
        21,
        159,
        6,
        184,
        116,
        4,
        209,
        3,
        9,
        132,
        0
      ],
      "intervention_topk": [
        [
          1,
          0.19047619047619047
        ],
        [
          2,
          0.6904761904761905
        ],
        [
          3,
          0.8333333333333334
        ]
      ],
      "intervention_rank_list": [
        1,
        1,
        1,
        1,
        12,
        1,
        0,
        2,
        1,
        0,
        7,
        5,
        1,
        7,
        0,
        1,
        0,
        1,
        1,
        1,
        5,
        1,
        1,
        0,
        0,
        2,
        2,
        1,
        1,
        2,
        1,
        1,
        4,
        1,
        2,
        1,
        1,
        9,
        0,
        1,
        2,
        0
      ]
    }
  }
}