{
  "12": {
    "original": {
      "clean_topk": [
        [
          1,
          0.18604651162790697
        ],
        [
          2,
          0.18604651162790697
        ],
        [
          3,
          0.18604651162790697
        ]
      ],
      "clean_rank_list": [
        22,
        0,
        22,
        3,
        0,
        0,
        5,
        6,
        17,
        56,
        96,
        209,
        166,
        19,
        13,
        0,
        38,
        3,
        93,
        12,
        122,
        65,
        125,
        0,
        51,
        10,
        0,
        132,
        208,
        18,
        96,
        135,
        22,
        78,
        0,
        19,
        139,
        73,
        0,
        58,
        53,
        121,
        447
      ],
      "intervention_topk": [
        [
          1,
          0.20930232558139536
        ],
        [
          2,
          0.9534883720930233
        ],
        [
          3,
          0.9767441860465116
        ]
      ],
      "intervention_rank_list": [
        1,
        0,
        1,
        0,
        0,
        0,
        1,
        1,
        1,
        1,
        1,
        1,
        2,
        1,
        1,
        0,
        1,
        1,
        1,
        1,
        1,
        1,
        1,
        0,
        1,
        1,
        0,
        1,
        1,
        1,
        1,
        1,
        1,
        3,
        0,
        1,
        1,
        1,
        0,
        1,
        1,
        1,
        1
      ]
    },
    "centred": {
      "clean_topk": [
        [
          1,
          0.18604651162790697
        ],
        [
          2,
          0.18604651162790697
        ],
        [
          3,
          0.18604651162790697
        ]
      ],
      "clean_rank_list": [
        22,
        0,
        22,
        3,
        0,
        0,
        5,
        6,
        17,
        56,
        96,
        209,
        166,
        19,
        13,
        0,
        38,
        3,
        93,
        12,
        122,
        65,
        125,
        0,
        51,
        10,
        0,
        132,
        208,
        18,
        96,
        135,
        22,
        78,
        0,
        19,
        139,
        73,
        0,
        58,
        53,
        121,
        447
      ],
      "intervention_topk": [
        [
          1,
          0.23255813953488372
        ],
        [
          2,
          0.6744186046511628
        ],
        [
          3,
          0.7441860465116279
        ]
      ],
      "intervention_rank_list": [
        3,
        0,
        2,
        0,
        0,
        0,
        1,
        1,
        1,
        1,
        1,
        11,
        3,
        1,
        1,
        0,
        1,
        0,
        1,
        1,
        4,
        3,
        2,
        0,
        1,
        2,
        0,
        3,
        1,
        1,
        5,
        3,
        1,
        3,
        0,
        1,
        1,
        1,
        0,
        1,
        1,
        4,
        3
      ]
    }
  }
}