{
  "12": {
    "original": {
      "clean_topk": [
        [
          1,
          0.16071428571428573
        ],
        [
          2,
          0.26785714285714285
        ],
        [
          3,
          0.35714285714285715
        ]
      ],
      "clean_rank_list": [
        0,
        0,
        0,
        3,
        14,
        81,
        10,
        30,
        9,
        3,
        15,
        0,
        2,
        8,
        1,
        9,
        16,
        13,
        9,
        4,
        5,
        2,
        8,
        19,
        6,
        16,
        9,
        15,
        9,
        2,
        120,
        16,
        4,
        9,
        1,
        12,
        9,
        10,
        9,
        2,
        14,
        2,
        0,
        9,
        1,
        1,
        1,
        0,
        0,
        1,
        4,
        22,
        50,
        6,
        0,
        0
      ],
      "intervention_topk": [
        [
          1,
          0.9464285714285714
        ],
        [
          2,
          0.9821428571428571
        ],
        [
          3,
          1.0
        ]
      ],
      "intervention_rank_list": [
        0,
        0,
        0,
        0,
        0,
        1,
        0,
        0,
        0,
        0,
        0,
        0,
        0,
        0,
        0,
        0,
        0,
        0,
        0,
        0,
        0,
        0,
        0,
        0,
        0,
        0,
        0,
        0,
        0,
        0,
        0,
        1,
        0,
        0,
        0,
        0,
        0,
        0,
        0,
        0,
        0,
        0,
        0,
        0,
        0,
        0,
        0,
        0,
        0,
        0,
        0,
        0,
        2,
        0,
        0,
        0
      ]
    },
    "centred": {
      "clean_topk": [
        [
          1,
          0.21428571428571427
        ],
        [
          2,
          0.2857142857142857
        ],
        [
          3,
          0.42857142857142855
        ]
      ],
      "clean_rank_list": [
        1,
        0,
        2,
        1,
        14,
        0,
        2,
        2,
        2,
        0,
        13,
        14,
        2,
        6,
        101,
        16,
        33,
        37,
        5,
        0,
        0,
        125,
        0,
        32,
        18,
        5,
        0,
        4,
        6,
        0,
        8,
        9,
        7,
        19,
        2,
        4,
        10,
        14,
        1,
        13,
        3,
        0,
        0,
        37,
        2,
        7,
        3,
        2,
        0,
        1,
        0,
        12,
        17,
        8,
        28,
        9
      ],
      "intervention_topk": [
        [
          1,
          0.8928571428571429
        ],
        [
          2,
          0.9464285714285714
        ],
        [
          3,
          0.9821428571428571
        ]
      ],
      "intervention_rank_list": [
        0,
        0,
        0,
        0,
        0,
        0,
        0,
        0,
        0,
        0,
        0,
        0,
        0,
        0,
        1,
        0,
        2,
        0,
        0,
        0,
        0,
        5,
        0,
        0,
        0,
        0,
        0,
        0,
        0,
        0,
        0,
        0,
        0,
        0,
        0,
        0,
        0,
        0,
        0,
        0,
        0,
        0,
        0,
        0,
        0,
        1,
        0,
        0,
        0,
        0,
        0,
        1,
        2,
        0,
        0,
        0
      ]
    }
  }
}