{
  "12": {
    "original": {
      "clean_topk": [
        [
          1,
          0.0
        ],
        [
          2,
          0.0
        ],
        [
          3,
          0.034482758620689655
        ]
      ],
      "clean_rank_list": [
        225,
        524,
        26,
        32,
        27,
        58,
        100,
        314,
        45,
        593,
        34,
        49,
        230,
        15,
        238,
        50,
        134,
        492,
        32,
        31,
        5159,
        8,
        465,
        51,
        207,
        143,
        6,
        7,
        137,
        80,
        81,
        8,
        21,
        5,
        75,
        114,
        169,
        34,
        245,
        274,
        147,
        220,
        44,
        6,
        33,
        22,
        269,
        70,
        108,
        82,
        46,
        7,
        66,
        9,
        2,
        16,
        2,
        30
      ],
      "intervention_topk": [
        [
          1,
          0.017241379310344827
        ],
        [
          2,
          0.8103448275862069
        ],
        [
          3,
          0.9310344827586207
        ]
      ],
      "intervention_rank_list": [
        1,
        3,
        1,
        1,
        1,
        1,
        1,
        1,
        1,
        2,
        1,
        1,
        1,
        1,
        1,
        1,
        1,
        11,
        1,
        1,
        60,
        1,
        2,
        1,
        2,
        1,
        1,
        1,
        1,
        2,
        1,
        1,
        1,
        1,
        1,
        1,
        1,
        1,
        1,
        2,
        2,
        1,
        1,
        1,
        1,
        1,
        3,
        1,
        1,
        1,
        1,
        1,
        1,
        1,
        1,
        1,
        0,
        2
      ]
    },
    "centred": {
      "clean_topk": [
        [
          1,
          0.0
        ],
        [
          2,
          0.0
        ],
        [
          3,
          0.034482758620689655
        ]
      ],
      "clean_rank_list": [
        225,
        524,
        26,
        32,
        27,
        58,
        100,
        314,
        45,
        593,
        34,
        49,
        230,
        15,
        238,
        50,
        134,
        492,
        32,
        31,
        5159,
        8,
        465,
        51,
        207,
        143,
        6,
        7,
        137,
        80,
        81,
        8,
        21,
        5,
        75,
        114,
        169,
        34,
        245,
        274,
        147,
        220,
        44,
        6,
        33,
        22,
        269,
        70,
        108,
        82,
        46,
        7,
        66,
        9,
        2,
        16,
        2,
        30
      ],
      "intervention_topk": [
        [
          1,
          0.0
        ],
        [
          2,
          0.6724137931034483
        ],
        [
          3,
          0.7586206896551724
        ]
      ],
      "intervention_rank_list": [
        8,
        3,
        2,
        1,
        1,
        1,
        1,
        1,
        1,
        9,
        2,
        1,
        1,
        1,
        3,
        5,
        4,
        42,
        1,
        2,
        243,
        1,
        4,
        1,
        4,
        1,
        1,
        1,
        1,
        1,
        1,
        1,
        1,
        1,
        3,
        1,
        1,
        1,
        1,
        14,
        2,
        8,
        1,
        1,
        1,
        1,
        3,
        1,
        1,
        1,
        1,
        1,
        1,
        1,
        1,
        1,
        2,
        1
      ]
    }
  }
}