{
  "12": {
    "original": {
      "clean_topk": [
        [
          1,
          0.2413793103448276
        ],
        [
          2,
          0.3103448275862069
        ],
        [
          3,
          0.3620689655172414
        ]
      ],
      "clean_rank_list": [
        8,
        2,
        3,
        13,
        32,
        6,
        12,
        8,
        16,
        0,
        10,
        0,
        2,
        1,
        0,
        0,
        3,
        8,
        6,
        0,
        0,
        18,
        6,
        2,
        9,
        17,
        6,
        10,
        5,
        0,
        5,
        3,
        16,
        26,
        57,
        0,
        519,
        5,
        0,
        19,
        1,
        8,
        0,
        0,
        4,
        3,
        16,
        0,
        3,
        1,
        1,
        96,
        19,
        3,
        0,
        8,
        0,
        11
      ],
      "intervention_topk": [
        [
          1,
          0.9827586206896551
        ],
        [
          2,
          1.0
        ],
        [
          3,
          1.0
        ]
      ],
      "intervention_rank_list": [
        0,
        0,
        0,
        0,
        0,
        0,
        0,
        0,
        0,
        0,
        0,
        0,
        0,
        0,
        0,
        0,
        0,
        0,
        0,
        0,
        0,
        0,
        0,
        0,
        0,
        0,
        0,
        0,
        0,
        0,
        0,
        0,
        0,
        0,
        0,
        0,
        0,
        0,
        0,
        0,
        0,
        0,
        0,
        0,
        0,
        0,
        0,
        0,
        0,
        0,
        0,
        1,
        0,
        0,
        0,
        0,
        0,
        0
      ]
    },
    "centred": {
      "clean_topk": [
        [
          1,
          0.13793103448275862
        ],
        [
          2,
          0.2413793103448276
        ],
        [
          3,
          0.27586206896551724
        ]
      ],
      "clean_rank_list": [
        6,
        37,
        1,
        19,
        39,
        4,
        2,
        19,
        3,
        20,
        3,
        35,
        17,
        11,
        27,
        22,
        15,
        12,
        10,
        0,
        3,
        12,
        15,
        0,
        4,
        76,
        17,
        4,
        10,
        56,
        0,
        2,
        1,
        0,
        15,
        10,
        13,
        7,
        9,
        1,
        24,
        3,
        8,
        5,
        3,
        0,
        4,
        20,
        1,
        1,
        8,
        1,
        13,
        0,
        0,
        3,
        13,
        0
      ],
      "intervention_topk": [
        [
          1,
          0.896551724137931
        ],
        [
          2,
          0.9827586206896551
        ],
        [
          3,
          1.0
        ]
      ],
      "intervention_rank_list": [
        0,
        2,
        0,
        0,
        1,
        0,
        0,
        1,
        0,
        0,
        0,
        0,
        1,
        0,
        0,
        0,
        0,
        0,
        0,
        0,
        0,
        0,
        1,
        0,
        0,
        0,
        0,
        0,
        0,
        0,
        0,
        0,
        0,
        0,
        0,
        0,
        0,
        0,
        0,
        0,
        0,
        0,
        0,
        0,
        0,
        0,
        1,
        0,
        0,
        0,
        0,
        0,
        0,
        0,
        0,
        0,
        0,
        0
      ]
    }
  }
}