{
  "12": {
    "original": {
      "clean_topk": [
        [
          1,
          0.1016949152542373
        ],
        [
          2,
          0.2033898305084746
        ],
        [
          3,
          0.22033898305084745
        ]
      ],
      "clean_rank_list": [
        17,
        1,
        0,
        3,
        9,
        26,
        0,
        15,
        24,
        6,
        3,
        4,
        1,
        6,
        7,
        18,
        1,
        3,
        1,
        0,
        5,
        10,
        16,
        10,
        11,
        28,
        16,
        5,
        72,
        33,
        3,
        2,
        0,
        7,
        1042,
        3,
        0,
        3,
        4,
        6,
        23,
        20,
        3,
        1,
        3,
        7,
        3,
        17,
        3,
        1,
        12,
        14,
        22,
        74,
        21,
        7,
        18,
        89,
        0
      ],
      "intervention_topk": [
        [
          1,
          0.9491525423728814
        ],
        [
          2,
          0.9661016949152542
        ],
        [
          3,
          0.9830508474576272
        ]
      ],
      "intervention_rank_list": [
        0,
        0,
        0,
        0,
        0,
        0,
        0,
        0,
        0,
        0,
        0,
        0,
        0,
        0,
        0,
        0,
        0,
        0,
        0,
        0,
        0,
        0,
        0,
        0,
        0,
        0,
        2,
        0,
        1,
        0,
        0,
        0,
        0,
        0,
        4,
        0,
        0,
        0,
        0,
        0,
        0,
        0,
        0,
        0,
        0,
        0,
        0,
        0,
        0,
        0,
        0,
        0,
        0,
        0,
        0,
        0,
        0,
        0,
        0
      ]
    },
    "centred": {
      "clean_topk": [
        [
          1,
          0.15254237288135594
        ],
        [
          2,
          0.23728813559322035
        ],
        [
          3,
          0.23728813559322035
        ]
      ],
      "clean_rank_list": [
        0,
        1,
        14,
        5,
        53,
        0,
        10,
        6,
        0,
        0,
        1,
        16,
        11,
        9,
        32,
        9,
        18,
        7,
        6,
        13,
        8,
        0,
        9,
        1,
        21,
        0,
        8,
        5,
        28,
        13,
        12,
        0,
        14,
        18,
        158,
        1,
        11,
        5,
        7,
        13,
        35,
        5,
        15,
        0,
        3,
        13,
        11,
        22,
        8,
        16,
        6,
        0,
        3,
        22,
        4,
        9,
        12,
        1,
        25
      ],
      "intervention_topk": [
        [
          1,
          0.8305084745762712
        ],
        [
          2,
          0.9830508474576272
        ],
        [
          3,
          1.0
        ]
      ],
      "intervention_rank_list": [
        0,
        0,
        0,
        0,
        0,
        0,
        0,
        0,
        0,
        0,
        0,
        0,
        0,
        0,
        0,
        0,
        0,
        0,
        0,
        0,
        0,
        0,
        0,
        0,
        0,
        0,
        1,
        0,
        1,
        0,
        0,
        0,
        0,
        0,
        2,
        0,
        0,
        1,
        1,
        1,
        1,
        0,
        0,
        0,
        0,
        0,
        0,
        0,
        1,
        1,
        0,
        0,
        0,
        1,
        0,
        0,
        0,
        0,
        0
      ]
    }
  }
}