{
  "12": {
    "original": {
      "clean_topk": [
        [
          1,
          0.0
        ],
        [
          2,
          0.0
        ],
        [
          3,
          0.017857142857142856
        ]
      ],
      "clean_rank_list": [
        2,
        179,
        73,
        54,
        143,
        59,
        143,
        26,
        279,
        8,
        134,
        6,
        314,
        99,
        387,
        35,
        593,
        50,
        149,
        206,
        9,
        90,
        178,
        15,
        61,
        24,
        69,
        58,
        33,
        238,
        492,
        1959,
        274,
        309,
        132,
        55,
        394,
        8401,
        34,
        40,
        36,
        52,
        30,
        28,
        94,
        131,
        58,
        83,
        95,
        67,
        442,
        1192,
        41,
        428,
        481,
        22
      ],
      "intervention_topk": [
        [
          1,
          0.0
        ],
        [
          2,
          0.7321428571428571
        ],
        [
          3,
          0.875
        ]
      ],
      "intervention_rank_list": [
        1,
        1,
        1,
        1,
        1,
        1,
        2,
        1,
        1,
        1,
        1,
        1,
        1,
        1,
        4,
        1,
        3,
        1,
        1,
        1,
        1,
        1,
        1,
        1,
        1,
        1,
        1,
        1,
        1,
        1,
        10,
        44,
        2,
        1,
        1,
        1,
        1,
        324,
        1,
        2,
        1,
        1,
        2,
        1,
        1,
        1,
        1,
        1,
        2,
        2,
        2,
        3,
        1,
        5,
        2,
        1
      ]
    },
    "centred": {
      "clean_topk": [
        [
          1,
          0.0
        ],
        [
          2,
          0.0
        ],
        [
          3,
          0.017857142857142856
        ]
      ],
      "clean_rank_list": [
        2,
        179,
        73,
        54,
        143,
        59,
        143,
        26,
        279,
        8,
        134,
        6,
        314,
        99,
        387,
        35,
        593,
        50,
        149,
        206,
        9,
        90,
        178,
        15,
        61,
        24,
        69,
        58,
        33,
        238,
        492,
        1959,
        274,
        309,
        132,
        55,
        394,
        8401,
        34,
        40,
        36,
        52,
        30,
        28,
        94,
        131,
        58,
        83,
        95,
        67,
        442,
        1192,
        41,
        428,
        481,
        22
      ],
      "intervention_topk": [
        [
          1,
          0.0
        ],
        [
          2,
          0.5357142857142857
        ],
        [
          3,
          0.6964285714285714
        ]
      ],
      "intervention_rank_list": [
        1,
        1,
        1,
        1,
        1,
        2,
        2,
        2,
        1,
        1,
        1,
        1,
        1,
        1,
        12,
        2,
        9,
        1,
        1,
        1,
        1,
        2,
        3,
        1,
        1,
        1,
        3,
        1,
        1,
        3,
        42,
        38,
        14,
        6,
        1,
        1,
        16,
        346,
        2,
        3,
        1,
        1,
        1,
        2,
        2,
        1,
        1,
        1,
        4,
        4,
        6,
        6,
        1,
        10,
        2,
        1
      ]
    }
  }
}