{
  "12": {
    "original": {
      "clean_topk": [
        [
          1,
          0.13333333333333333
        ],
        [
          2,
          0.2
        ],
        [
          3,
          0.31666666666666665
        ]
      ],
      "clean_rank_list": [
        0,
        2,
        43,
        0,
        2,
        26,
        8,
        1,
        6,
        1,
        1,
        6,
        0,
        0,
        16,
        6,
        0,
        10,
        25,
        5,
        62,
        12,
        5,
        23,
        6,
        4,
        0,
        4,
        8,
        0,
        18,
        1,
        10,
        18,
        14,
        5,
        78,
        32,
        10,
        25,
        16,
        2,
        16,
        7,
        6,
        18,
        3,
        2,
        30,
        2,
        2,
        2,
        38,
        8,
        12,
        0,
        10,
        11,
        18,
        14
      ],
      "intervention_topk": [
        [
          1,
          0.95
        ],
        [
          2,
          0.9833333333333333
        ],
        [
          3,
          1.0
        ]
      ],
      "intervention_rank_list": [
        0,
        0,
        0,
        0,
        0,
        0,
        0,
        0,
        0,
        0,
        0,
        0,
        0,
        0,
        0,
        0,
        0,
        1,
        0,
        0,
        0,
        0,
        0,
        0,
        0,
        0,
        0,
        0,
        0,
        0,
        0,
        0,
        0,
        0,
        0,
        0,
        0,
        0,
        0,
        1,
        0,
        0,
        0,
        0,
        0,
        0,
        0,
        0,
        0,
        0,
        0,
        0,
        0,
        0,
        0,
        0,
        0,
        0,
        2,
        0
      ]
    },
    "centred": {
      "clean_topk": [
        [
          1,
          0.16666666666666666
        ],
        [
          2,
          0.3
        ],
        [
          3,
          0.35
        ]
      ],
      "clean_rank_list": [
        1,
        0,
        1,
        19,
        0,
        6,
        40,
        36,
        57,
        15,
        15,
        1,
        11,
        3,
        16,
        11,
        9,
        0,
        0,
        1,
        2,
        15,
        0,
        5,
        0,
        0,
        10,
        5,
        0,
        9,
        5,
        7,
        27,
        2,
        22,
        16,
        4,
        5,
        19,
        14,
        10,
        0,
        0,
        7,
        58,
        12,
        1,
        6,
        13,
        2,
        7,
        19,
        17,
        21,
        12,
        1,
        1,
        1,
        73,
        13
      ],
      "intervention_topk": [
        [
          1,
          0.9
        ],
        [
          2,
          1.0
        ],
        [
          3,
          1.0
        ]
      ],
      "intervention_rank_list": [
        0,
        0,
        0,
        0,
        0,
        0,
        1,
        0,
        1,
        0,
        0,
        0,
        0,
        0,
        0,
        0,
        0,
        0,
        0,
        0,
        0,
        0,
        0,
        0,
        0,
        0,
        0,
        0,
        0,
        0,
        0,
        0,
        0,
        0,
        1,
        0,
        0,
        0,
        0,
        1,
        0,
        0,
        0,
        0,
        1,
        0,
        1,
        0,
        0,
        0,
        0,
        0,
        0,
        0,
        0,
        0,
        0,
        0,
        0,
        0
      ]
    }
  }
}