{
  "12": {
    "original": {
      "clean_topk": [
        [
          1,
          0.0
        ],
        [
          2,
          0.0
        ],
        [
          3,
          0.01694915254237288
        ]
      ],
      "clean_rank_list": [
        348,
        81,
        30,
        114,
        207,
        22,
        8,
        44,
        122,
        134,
        66,
        106,
        58,
        34,
        3421,
        14,
        13,
        247,
        2224,
        58,
        98,
        52,
        35,
        40,
        4082,
        320,
        428,
        25,
        143,
        82,
        151,
        108,
        108,
        2,
        40,
        245,
        61,
        314,
        18,
        53,
        465,
        115,
        99,
        120,
        64,
        24,
        27,
        149,
        90,
        88,
        245,
        505,
        238,
        406,
        160,
        179,
        120,
        169,
        76
      ],
      "intervention_topk": [
        [
          1,
          0.0
        ],
        [
          2,
          0.711864406779661
        ],
        [
          3,
          0.864406779661017
        ]
      ],
      "intervention_rank_list": [
        3,
        1,
        2,
        1,
        3,
        1,
        1,
        2,
        1,
        1,
        1,
        2,
        1,
        1,
        38,
        1,
        1,
        1,
        15,
        1,
        1,
        1,
        1,
        2,
        60,
        1,
        5,
        1,
        1,
        1,
        2,
        1,
        1,
        1,
        1,
        2,
        2,
        1,
        1,
        1,
        2,
        1,
        1,
        1,
        1,
        1,
        1,
        1,
        1,
        1,
        1,
        10,
        2,
        3,
        1,
        1,
        1,
        1,
        1
      ]
    },
    "centred": {
      "clean_topk": [
        [
          1,
          0.0
        ],
        [
          2,
          0.0
        ],
        [
          3,
          0.01694915254237288
        ]
      ],
      "clean_rank_list": [
        348,
        81,
        30,
        114,
        207,
        22,
        8,
        44,
        122,
        134,
        66,
        106,
        58,
        34,
        3421,
        14,
        13,
        247,
        2224,
        58,
        98,
        52,
        35,
        40,
        4082,
        320,
        428,
        25,
        143,
        82,
        151,
        108,
        108,
        2,
        40,
        245,
        61,
        314,
        18,
        53,
        465,
        115,
        99,
        120,
        64,
        24,
        27,
        149,
        90,
        88,
        245,
        505,
        238,
        406,
        160,
        179,
        120,
        169,
        76
      ],
      "intervention_topk": [
        [
          1,
          0.0
        ],
        [
          2,
          0.6440677966101694
        ],
        [
          3,
          0.7288135593220338
        ]
      ],
      "intervention_rank_list": [
        4,
        1,
        1,
        1,
        4,
        1,
        1,
        2,
        1,
        3,
        1,
        3,
        1,
        1,
        53,
        1,
        2,
        1,
        16,
        1,
        2,
        1,
        2,
        3,
        111,
        1,
        9,
        1,
        1,
        1,
        1,
        1,
        1,
        1,
        1,
        3,
        2,
        1,
        1,
        1,
        4,
        1,
        1,
        3,
        1,
        1,
        1,
        1,
        1,
        1,
        1,
        24,
        5,
        3,
        5,
        1,
        1,
        1,
        1
      ]
    }
  }
}