{
  "12": {
    "original": {
      "clean_topk": [
        [
          1,
          0.05
        ],
        [
          2,
          0.05
        ],
        [
          3,
          0.05
        ]
      ],
      "clean_rank_list": [
        269,
        16,
        339,
        593,
        10,
        49,
        0,
        44,
        187,
        348,
        139,
        43,
        28,
        9,
        129,
        28,
        425,
        245,
        299,
        59,
        274,
        113,
        245,
        18,
        33,
        21,
        70,
        12,
        448,
        0,
        143,
        201,
        279,
        85,
        71,
        209,
        111,
        81,
        241,
        0,
        632,
        81,
        52,
        182,
        238,
        22,
        3,
        81,
        133,
        10,
        80,
        50,
        207,
        14,
        32,
        13,
        147,
        143,
        4082,
        123
      ],
      "intervention_topk": [
        [
          1,
          0.05
        ],
        [
          2,
          0.7666666666666667
        ],
        [
          3,
          0.9166666666666666
        ]
      ],
      "intervention_rank_list": [
        3,
        1,
        2,
        2,
        1,
        1,
        0,
        1,
        1,
        3,
        1,
        1,
        1,
        1,
        1,
        1,
        1,
        2,
        1,
        1,
        3,
        1,
        1,
        1,
        1,
        1,
        1,
        1,
        13,
        0,
        1,
        1,
        1,
        1,
        1,
        1,
        1,
        1,
        2,
        0,
        2,
        1,
        1,
        2,
        1,
        1,
        1,
        1,
        1,
        2,
        1,
        1,
        2,
        1,
        1,
        1,
        2,
        1,
        59,
        1
      ]
    },
    "centred": {
      "clean_topk": [
        [
          1,
          0.05
        ],
        [
          2,
          0.05
        ],
        [
          3,
          0.05
        ]
      ],
      "clean_rank_list": [
        269,
        16,
        339,
        593,
        10,
        49,
        0,
        44,
        187,
        348,
        139,
        43,
        28,
        9,
        129,
        28,
        425,
        245,
        299,
        59,
        274,
        113,
        245,
        18,
        33,
        21,
        70,
        12,
        448,
        0,
        143,
        201,
        279,
        85,
        71,
        209,
        111,
        81,
        241,
        0,
        632,
        81,
        52,
        182,
        238,
        22,
        3,
        81,
        133,
        10,
        80,
        50,
        207,
        14,
        32,
        13,
        147,
        143,
        4082,
        123
      ],
      "intervention_topk": [
        [
          1,
          0.05
        ],
        [
          2,
          0.6166666666666667
        ],
        [
          3,
          0.8166666666666667
        ]
      ],
      "intervention_rank_list": [
        3,
        1,
        2,
        10,
        1,
        1,
        0,
        2,
        1,
        4,
        1,
        1,
        2,
        1,
        3,
        2,
        2,
        3,
        2,
        1,
        14,
        1,
        1,
        1,
        2,
        1,
        1,
        1,
        25,
        0,
        1,
        1,
        1,
        1,
        1,
        2,
        1,
        1,
        1,
        0,
        5,
        1,
        1,
        1,
        5,
        1,
        2,
        1,
        1,
        2,
        1,
        1,
        3,
        1,
        1,
        2,
        2,
        1,
        99,
        1
      ]
    }
  }
}