{
  "12": {
    "original": {
      "clean_topk": [
        [
          1,
          0.23728813559322035
        ],
        [
          2,
          0.2711864406779661
        ],
        [
          3,
          0.3389830508474576
        ]
      ],
      "clean_rank_list": [
        0,
        0,
        13,
        10,
        0,
        5,
        4,
        0,
        13,
        17,
        2,
        21,
        0,
        4,
        23,
        3,
        0,
        12,
        5,
        10,
        19,
        4,
        0,
        3,
        138,
        5,
        41,
        349,
        7,
        6,
        3,
        30,
        42,
        5,
        1,
        6,
        13,
        85,
        0,
        3,
        2,
        5,
        0,
        0,
        6,
        0,
        136,
        8,
        0,
        8,
        2,
        14,
        1,
        2,
        6,
        0,
        11,
        24,
        0
      ],
      "intervention_topk": [
        [
          1,
          0.9322033898305084
        ],
        [
          2,
          0.9830508474576272
        ],
        [
          3,
          1.0
        ]
      ],
      "intervention_rank_list": [
        0,
        0,
        0,
        0,
        0,
        0,
        0,
        0,
        0,
        0,
        0,
        0,
        0,
        0,
        0,
        0,
        0,
        0,
        0,
        0,
        0,
        0,
        0,
        0,
        2,
        0,
        0,
        0,
        0,
        0,
        0,
        0,
        0,
        0,
        0,
        0,
        0,
        0,
        0,
        0,
        0,
        0,
        0,
        0,
        0,
        0,
        0,
        0,
        0,
        1,
        0,
        1,
        0,
        0,
        0,
        0,
        0,
        1,
        0
      ]
    },
    "centred": {
      "clean_topk": [
        [
          1,
          0.1864406779661017
        ],
        [
          2,
          0.3220338983050847
        ],
        [
          3,
          0.3559322033898305
        ]
      ],
      "clean_rank_list": [
        8,
        20,
        1,
        0,
        31,
        0,
        0,
        0,
        16,
        2,
        29,
        0,
        1,
        15,
        1,
        1,
        0,
        62,
        2,
        9,
        14,
        4,
        23,
        7,
        27,
        12,
        3,
        8,
        3,
        0,
        10,
        5,
        0,
        21,
        12,
        4,
        11,
        0,
        11,
        1,
        12,
        0,
        6,
        19,
        8,
        1,
        1,
        0,
        13,
        11,
        6,
        34,
        3,
        15,
        5,
        12,
        1,
        8,
        5
      ],
      "intervention_topk": [
        [
          1,
          0.9491525423728814
        ],
        [
          2,
          1.0
        ],
        [
          3,
          1.0
        ]
      ],
      "intervention_rank_list": [
        0,
        0,
        0,
        0,
        0,
        0,
        0,
        0,
        0,
        0,
        0,
        0,
        0,
        0,
        0,
        0,
        0,
        0,
        0,
        0,
        0,
        0,
        0,
        0,
        0,
        0,
        0,
        0,
        0,
        0,
        0,
        1,
        0,
        0,
        0,
        0,
        0,
        0,
        0,
        0,
        1,
        0,
        0,
        0,
        0,
        0,
        0,
        0,
        0,
        1,
        0,
        0,
        0,
        0,
        0,
        0,
        0,
        0,
        0
      ]
    }
  }
}