{
  "12": {
    "original": {
      "clean_topk": [
        [
          1,
          0.03389830508474576
        ],
        [
          2,
          0.03389830508474576
        ],
        [
          3,
          0.05084745762711865
        ]
      ],
      "clean_rank_list": [
        2645,
        137,
        55,
        134,
        133,
        925,
        40,
        9,
        115,
        99,
        147,
        82,
        182,
        630,
        227,
        46,
        225,
        275,
        22,
        6,
        245,
        24,
        206,
        212,
        12,
        51,
        41,
        7,
        1192,
        76,
        242,
        285,
        25,
        5,
        25,
        201,
        15,
        347,
        59,
        269,
        3421,
        221,
        74,
        160,
        226,
        632,
        32,
        27,
        80,
        44,
        22,
        5159,
        220,
        2,
        0,
        33,
        0,
        120,
        238
      ],
      "intervention_topk": [
        [
          1,
          0.05084745762711865
        ],
        [
          2,
          0.7288135593220338
        ],
        [
          3,
          0.8813559322033898
        ]
      ],
      "intervention_rank_list": [
        15,
        1,
        1,
        1,
        1,
        6,
        2,
        1,
        1,
        1,
        2,
        1,
        2,
        3,
        2,
        1,
        1,
        2,
        1,
        1,
        1,
        1,
        1,
        1,
        1,
        1,
        1,
        1,
        2,
        1,
        1,
        1,
        1,
        1,
        1,
        1,
        1,
        3,
        1,
        3,
        25,
        1,
        1,
        1,
        1,
        2,
        1,
        2,
        1,
        1,
        1,
        64,
        1,
        0,
        0,
        1,
        0,
        1,
        2
      ]
    },
    "centred": {
      "clean_topk": [
        [
          1,
          0.03389830508474576
        ],
        [
          2,
          0.03389830508474576
        ],
        [
          3,
          0.05084745762711865
        ]
      ],
      "clean_rank_list": [
        2645,
        137,
        55,
        134,
        133,
        925,
        40,
        9,
        115,
        99,
        147,
        82,
        182,
        630,
        227,
        46,
        225,
        275,
        22,
        6,
        245,
        24,
        206,
        212,
        12,
        51,
        41,
        7,
        1192,
        76,
        242,
        285,
        25,
        5,
        25,
        201,
        15,
        347,
        59,
        269,
        3421,
        221,
        74,
        160,
        226,
        632,
        32,
        27,
        80,
        44,
        22,
        5159,
        220,
        2,
        0,
        33,
        0,
        120,
        238
      ],
      "intervention_topk": [
        [
          1,
          0.03389830508474576
        ],
        [
          2,
          0.5932203389830508
        ],
        [
          3,
          0.6949152542372882
        ]
      ],
      "intervention_rank_list": [
        38,
        1,
        1,
        1,
        1,
        7,
        3,
        1,
        3,
        1,
        2,
        1,
        1,
        6,
        2,
        1,
        9,
        3,
        1,
        1,
        1,
        1,
        1,
        3,
        1,
        1,
        1,
        1,
        6,
        1,
        6,
        1,
        1,
        1,
        1,
        1,
        1,
        7,
        1,
        3,
        40,
        2,
        1,
        7,
        1,
        5,
        1,
        2,
        1,
        1,
        1,
        243,
        9,
        2,
        0,
        1,
        0,
        2,
        5
      ]
    }
  }
}