{
  "9": {
    "original": {
      "clean_topk": [
        [
          1,
          0.0
        ],
        [
          2,
          0.023668639053254437
        ],
        [
          3,
          0.05325443786982249
        ]
      ],
      "clean_rank_list": [
        12,
        14,
        3,
        3,
        40,
        19,
        3,
        8,
        22,
        22,
        7,
        156,
        11,
        6,
        12,
        32,
        13,
        17,
        39,
        35,
        4,
        6,
        3,
        67,
        8,
        7,
        27,
        9,
        57,
        5,
        31,
        10,
        72,
        12,
        72,
        18,
        31,
        8,
        8,
        42,
        2,
        46,
        39,
        22,
        56,
        32,
        9,
        15,
        4,
        10,
        13,
        17,
        46,
        14,
        15,
        2,
        15,
        23,
        131,
        21,
        1,
        36,
        6,
        31,
        13,
        14,
        7,
        9,
        25,
        5,
        2,
        6,
        3,
        58,
        52,
        27,
        178,
        1,
        9,
        7,
        7,
        30,
        52,
        6,
        8,
        21,
        27,
        28,
        13,
        13,
        10,
        2,
        10,
        40,
        29,
        14,
        5,
        10,
        23,
        50,
        5,
        42,
        104,
        14,
        207,
        10,
        18,
        27,
        8,
        25,
        76,
        34,
        1,
        22,
        20,
        21,
        13,
        3,
        6,
        23,
        56,
        24,
        23,
        3,
        1,
        2,
        5,
        3,
        5,
        13,
        34,
        15,
        32,
        9,
        11,
        10,
        15,
        4,
        8,
        24,
        86,
        41,
        15,
        53,
        64,
        370,
        22,
        35,
        21,
        3,
        8,
        8,
        8,
        18,
        27,
        3,
        32,
        14,
        4,
        47,
        9,
        17,
        153,
        8,
        66,
        3,
        6,
        6,
        16
      ],
      "intervention_topk": [
        [
          1,
          0.0
        ],
        [
          2,
          0.7159763313609467
        ],
        [
          3,
          0.8402366863905325
        ]
      ],
      "intervention_rank_list": [
        1,
        1,
        1,
        1,
        3,
        1,
        1,
        1,
        1,
        6,
        1,
        4,
        2,
        1,
        1,
        2,
        1,
        1,
        4,
        2,
        1,
        1,
        1,
        2,
        1,
        1,
        1,
        2,
        1,
        2,
        1,
        1,
        1,
        1,
        1,
        4,
        1,
        1,
        1,
        1,
        1,
        4,
        2,
        1,
        1,
        9,
        1,
        1,
        1,
        2,
        1,
        1,
        4,
        1,
        1,
        1,
        1,
        2,
        3,
        1,
        1,
        5,
        1,
        1,
        1,
        1,
        1,
        1,
        3,
        1,
        1,
        1,
        1,
        9,
        10,
        1,
        9,
        1,
        1,
        1,
        1,
        5,
        1,
        1,
        1,
        1,
        1,
        1,
        1,
        1,
        1,
        1,
        1,
        1,
        6,
        1,
        1,
        1,
        1,
        1,
        1,
        2,
        4,
        2,
        3,
        1,
        1,
        1,
        1,
        1,
        6,
        1,
        1,
        2,
        1,
        1,
        1,
        1,
        1,
        2,
        6,
        4,
        2,
        1,
        1,
        1,
        1,
        1,
        1,
        3,
        2,
        1,
        1,
        1,
        1,
        1,
        1,
        1,
        1,
        3,
        10,
        1,
        1,
        3,
        1,
        2,
        4,
        1,
        1,
        1,
        1,
        2,
        1,
        2,
        1,
        1,
        1,
        1,
        1,
        2,
        1,
        1,
        22,
        1,
        2,
        1,
        1,
        1,
        2
      ]
    },
    "centred": {
      "clean_topk": [
        [
          1,
          0.0
        ],
        [
          2,
          0.023668639053254437
        ],
        [
          3,
          0.05325443786982249
        ]
      ],
      "clean_rank_list": [
        12,
        14,
        3,
        3,
        40,
        19,
        3,
        8,
        22,
        22,
        7,
        156,
        11,
        6,
        12,
        32,
        13,
        17,
        39,
        35,
        4,
        6,
        3,
        67,
        8,
        7,
        27,
        9,
        57,
        5,
        31,
        10,
        72,
        12,
        72,
        18,
        31,
        8,
        8,
        42,
        2,
        46,
        39,
        22,
        56,
        32,
        9,
        15,
        4,
        10,
        13,
        17,
        46,
        14,
        15,
        2,
        15,
        23,
        131,
        21,
        1,
        36,
        6,
        31,
        13,
        14,
        7,
        9,
        25,
        5,
        2,
        6,
        3,
        58,
        52,
        27,
        178,
        1,
        9,
        7,
        7,
        30,
        52,
        6,
        8,
        21,
        27,
        28,
        13,
        13,
        10,
        2,
        10,
        40,
        29,
        14,
        5,
        10,
        23,
        50,
        5,
        42,
        104,
        14,
        207,
        10,
        18,
        27,
        8,
        25,
        76,
        34,
        1,
        22,
        20,
        21,
        13,
        3,
        6,
        23,
        56,
        24,
        23,
        3,
        1,
        2,
        5,
        3,
        5,
        13,
        34,
        15,
        32,
        9,
        11,
        10,
        15,
        4,
        8,
        24,
        86,
        41,
        15,
        53,
        64,
        370,
        22,
        35,
        21,
        3,
        8,
        8,
        8,
        18,
        27,
        3,
        32,
        14,
        4,
        47,
        9,
        17,
        153,
        8,
        66,
        3,
        6,
        6,
        16
      ],
      "intervention_topk": [
        [
          1,
          0.011834319526627219
        ],
        [
          2,
          0.621301775147929
        ],
        [
          3,
          0.7514792899408284
        ]
      ],