{
  "9": {
    "original": {
      "clean_topk": [
        [
          1,
          0.0
        ],
        [
          2,
          0.006024096385542169
        ],
        [
          3,
          0.060240963855421686
        ]
      ],
      "clean_rank_list": [
        31,
        10,
        14,
        17,
        2,
        27,
        14,
        68,
        6,
        10,
        14,
        23,
        64,
        21,
        6,
        22,
        88,
        37,
        29,
        92,
        2,
        21,
        48,
        7,
        493,
        32,
        2,
        12,
        12,
        15,
        17,
        2,
        6,
        23,
        57,
        40,
        96,
        85,
        8,
        13,
        4,
        10,
        8,
        5,
        13,
        16,
        22,
        11,
        16,
        17,
        19,
        9,
        5,
        5,
        12,
        13,
        15,
        31,
        31,
        20,
        95,
        36,
        86,
        4,
        7,
        14,
        12,
        28,
        2,
        39,
        14,
        8,
        8,
        7,
        48,
        11,
        81,
        19,
        35,
        40,
        2,
        30,
        3,
        19,
        16,
        3,
        42,
        8,
        12,
        1,
        16,
        8,
        8,
        14,
        11,
        18,
        16,
        6,
        25,
        5,
        17,
        7,
        23,
        6,
        3,
        15,
        13,
        21,
        33,
        6,
        2,
        9,
        11,
        14,
        6,
        5,
        26,
        48,
        4,
        39,
        23,
        10,
        26,
        19,
        63,
        201,
        12,
        13,
        5,
        11,
        10,
        11,
        12,
        15,
        23,
        10,
        4,
        16,
        147,
        16,
        50,
        5,
        25,
        26,
        11,
        9,
        2,
        44,
        12,
        156,
        16,
        21,
        2,
        6,
        42,
        8,
        13,
        42,
        20,
        101,
        52,
        5,
        22,
        5,
        11,
        94
      ],
      "intervention_topk": [
        [
          1,
          0.006024096385542169
        ],
        [
          2,
          0.7590361445783133
        ],
        [
          3,
          0.8795180722891566
        ]
      ],
      "intervention_rank_list": [
        1,
        1,
        1,
        2,
        1,
        2,
        1,
        4,
        2,
        1,
        1,
        2,
        4,
        1,
        1,
        2,
        1,
        1,
        2,
        3,
        1,
        1,
        1,
        1,
        3,
        4,
        1,
        1,
        1,
        1,
        1,
        1,
        1,
        3,
        2,
        1,
        1,
        1,
        1,
        2,
        1,
        1,
        1,
        1,
        3,
        1,
        1,
        1,
        1,
        1,
        1,
        1,
        1,
        1,
        1,
        2,
        1,
        1,
        1,
        1,
        7,
        5,
        1,
        1,
        1,
        1,
        2,
        2,
        1,
        4,
        1,
        1,
        1,
        1,
        1,
        1,
        3,
        1,
        2,
        1,
        1,
        1,
        1,
        4,
        1,
        1,
        4,
        1,
        1,
        1,
        1,
        1,
        1,
        2,
        1,
        1,
        1,
        1,
        2,
        1,
        1,
        1,
        1,
        1,
        0,
        1,
        1,
        1,
        4,
        1,
        1,
        1,
        1,
        1,
        1,
        1,
        1,
        2,
        1,
        1,
        1,
        2,
        2,
        1,
        5,
        4,
        1,
        1,
        1,
        1,
        1,
        1,
        1,
        1,
        2,
        1,
        1,
        1,
        2,
        1,
        2,
        1,
        1,
        1,
        1,
        1,
        1,
        1,
        1,
        4,
        1,
        1,
        1,
        1,
        1,
        1,
        1,
        5,
        1,
        3,
        1,
        1,
        3,
        1,
        1,
        1
      ]
    },
    "centred": {
      "clean_topk": [
        [
          1,
          0.0
        ],
        [
          2,
          0.006024096385542169
        ],
        [
          3,
          0.060240963855421686
        ]
      ],
      "clean_rank_list": [
        31,
        10,
        14,
        17,
        2,
        27,
        14,
        68,
        6,
        10,
        14,
        23,
        64,
        21,
        6,
        22,
        88,
        37,
        29,
        92,
        2,
        21,
        48,
        7,
        493,
        32,
        2,
        12,
        12,
        15,
        17,
        2,
        6,
        23,
        57,
        40,
        96,
        85,
        8,
        13,
        4,
        10,
        8,
        5,
        13,
        16,
        22,
        11,
        16,
        17,
        19,
        9,
        5,
        5,
        12,
        13,
        15,
        31,
        31,
        20,
        95,
        36,
        86,
        4,
        7,
        14,
        12,
        28,
        2,
        39,
        14,
        8,
        8,
        7,
        48,
        11,
        81,
        19,
        35,
        40,
        2,
        30,
        3,
        19,
        16,
        3,
        42,
        8,
        12,
        1,
        16,
        8,
        8,
        14,
        11,
        18,
        16,
        6,
        25,
        5,
        17,
        7,
        23,
        6,
        3,
        15,
        13,
        21,
        33,
        6,
        2,
        9,
        11,
        14,
        6,
        5,
        26,
        48,
        4,
        39,
        23,
        10,
        26,
        19,
        63,
        201,
        12,
        13,
        5,
        11,
        10,
        11,
        12,
        15,
        23,
        10,
        4,
        16,
        147,
        16,
        50,
        5,
        25,
        26,
        11,
        9,
        2,
        44,
        12,
        156,
        16,
        21,
        2,
        6,
        42,
        8,
        13,
        42,
        20,
        101,
        52,
        5,
        22,
        5,
        11,
        94
      ],
      "intervention_topk": [
        [
          1,
          0.006024096385542169
        ],
        [
          2,
          0.5903614457831325
        ],
        [
          3,
          0.7771084337349398
        ]
      ],