{
  "8": {
    "original": {
      "clean_topk": [
        [
          1,
          0.0
        ],
        [
          2,
          0.0029154518950437317
        ],
        [
          3,
          0.008746355685131196
        ]
      ],
      "clean_rank_list": [
        47,
        99,
        99,
        57,
        189,
        375,
        1717,
        955,
        1653,
        71,
        245,
        74,
        698,
        964,
        732,
        11,
        12,
        1396,
        80,
        26,
        23,
        840,
        14,
        298,
        2243,
        24,
        468,
        239,
        202,
        30,
        768,
        922,
        107,
        676,
        19,
        236,
        208,
        188,
        4,
        883,
        104,
        186,
        2376,
        190,
        957,
        22,
        68,
        1418,
        271,
        127,
        1352,
        30,
        32,
        23,
        224,
        1300,
        839,
        149,
        4914,
        19,
        16,
        188,
        2532,
        582,
        25,
        13,
        948,
        4163,
        97,
        349,
        46,
        91,
        26,
        130,
        15,
        939,
        48,
        195,
        449,
        1123,
        70,
        360,
        126,
        40,
        19,
        363,
        81,
        112,
        442,
        124,
        223,
        85,
        509,
        111,
        159,
        171,
        83,
        62,
        490,
        2001,
        132,
        526,
        255,
        376,
        240,
        28,
        770,
        121,
        1866,
        125,
        670,
        72,
        591,
        1435,
        435,
        1284,
        1200,
        159,
        53,
        1545,
        26,
        574,
        34,
        188,
        469,
        803,
        83,
        135,
        247,
        122,
        747,
        131,
        33,
        19,
        59,
        208,
        30,
        3761,
        283,
        241,
        84,
        303,
        94,
        17,
        222,
        69,
        622,
        164,
        204,
        11,
        678,
        155,
        5,
        189,
        170,
        483,
        19,
        406,
        298,
        43,
        45,
        206,
        929,
        459,
        84,
        3142,
        404,
        149,
        720,
        38,
        266,
        289,
        111,
        2301,
        7,
        377,
        19,
        562,
        173,
        24,
        102,
        173,
        18,
        675,
        147,
        361,
        67,
        1463,
        182,
        504,
        197,
        136,
        110,
        178,
        108,
        928,
        3659,
        188,
        1026,
        24,
        377,
        63,
        20,
        523,
        618,
        22,
        170,
        130,
        2039,
        219,
        92,
        357,
        199,
        94,
        72,
        52,
        214,
        310,
        17,
        762,
        542,
        136,
        637,
        28,
        1185,
        1721,
        411,
        42,
        16,
        31,
        2182,
        586,
        28,
        980,
        1126,
        846,
        87,
        827,
        1300,
        69,
        1484,
        356,
        643,
        2,
        33,
        245,
        230,
        1,
        22,
        88,
        1745,
        49,
        708,
        240,
        347,
        210,
        50,
        41,
        1839,
        192,
        140,
        901,
        67,
        2577,
        287,
        113,
        67,
        105,
        236,
        218,
        366,
        692,
        66,
        445,
        620,
        15,
        201,
        33,
        4035,
        1280,
        1619,
        1231,
        283,
        1360,
        26,
        970,
        65,
        177,
        952,
        746,
        86,
        622,
        31,
        17,
        186,
        3863,
        96,
        257,
        304,
        123,
        350,
        127,
        26,
        55,
        135,
        1830,
        558,
        89,
        426,
        441,
        516,
        28,
        12,
        93,
        269,
        2,
        14,
        18,
        2080,
        1146,
        372,
        163,
        40,
        1677,
        212,
        600,
        190,
        566,
        672,
        173,
        99,
        88,
        15,
        737,
        7576,
        26,
        22,
        201,
        2060,
        23,
        314,
        1896,
        210
      ],
      "intervention_topk": [
        [
          1,
          0.03498542274052478
        ],
        [
          2,
          0.11370262390670553
        ],
        [
          3,
          0.16034985422740525
        ]
      ],