{
  "8": {
    "original": {
      "clean_topk": [
        [
          1,
          0.0029411764705882353
        ],
        [
          2,
          0.0029411764705882353
        ],
        [
          3,
          0.0058823529411764705
        ]
      ],
      "clean_rank_list": [
        885,
        25,
        292,
        1418,
        1026,
        170,
        3,
        230,
        58,
        19,
        14,
        64,
        59,
        922,
        1877,
        1653,
        459,
        129,
        159,
        20,
        25,
        62,
        403,
        38,
        27,
        67,
        1472,
        1139,
        3155,
        73,
        426,
        6935,
        2114,
        17,
        55,
        42,
        38,
        140,
        73,
        290,
        351,
        208,
        20,
        74,
        377,
        188,
        188,
        1683,
        402,
        375,
        364,
        41,
        30,
        33,
        282,
        497,
        377,
        42,
        41,
        295,
        23,
        289,
        189,
        605,
        182,
        1028,
        42,
        131,
        285,
        543,
        197,
        1176,
        412,
        803,
        2767,
        27,
        38,
        256,
        349,
        135,
        82,
        4,
        91,
        77,
        498,
        25,
        20,
        87,
        106,
        41,
        153,
        105,
        97,
        651,
        100,
        36,
        284,
        1732,
        25,
        68,
        75,
        105,
        3798,
        36,
        104,
        78,
        357,
        159,
        96,
        30,
        1678,
        96,
        126,
        1206,
        439,
        1405,
        294,
        102,
        594,
        32,
        210,
        128,
        23,
        118,
        939,
        57,
        717,
        100,
        630,
        223,
        339,
        64,
        236,
        1146,
        220,
        18,
        335,
        204,
        676,
        28,
        283,
        244,
        9,
        17,
        643,
        1839,
        88,
        35,
        286,
        216,
        1619,
        535,
        601,
        591,
        91,
        242,
        318,
        151,
        257,
        612,
        154,
        132,
        23,
        171,
        1224,
        31,
        291,
        1852,
        2109,
        83,
        66,
        695,
        188,
        172,
        2159,
        126,
        883,
        2,
        2461,
        296,
        218,
        27,
        370,
        220,
        51,
        46,
        747,
        1484,
        43,
        278,
        29,
        201,
        538,
        71,
        1778,
        217,
        2301,
        72,
        274,
        48,
        205,
        37,
        125,
        1709,
        229,
        169,
        18,
        78,
        243,
        1274,
        89,
        270,
        55,
        25,
        1185,
        118,
        159,
        119,
        181,
        187,
        299,
        2080,
        22,
        36,
        1200,
        803,
        465,
        222,
        672,
        22,
        119,
        22,
        35,
        65,
        63,
        624,
        159,
        1745,
        1546,
        399,
        852,
        964,
        173,
        542,
        1545,
        119,
        516,
        635,
        426,
        883,
        40,
        0,
        289,
        112,
        53,
        952,
        83,
        275,
        108,
        43,
        127,
        467,
        891,
        311,
        534,
        7,
        134,
        2772,
        38,
        67,
        247,
        351,
        42,
        38,
        464,
        49,
        129,
        404,
        109,
        55,
        110,
        149,
        163,
        33,
        45,
        661,
        17,
        360,
        13,
        1088,
        22,
        204,
        1737,
        575,
        19,
        50,
        737,
        178,
        106,
        146,
        49,
        524,
        26,
        1538,
        15,
        81,
        133,
        1896,
        141,
        399,
        582,
        78,
        1127,
        11,
        32,
        64,
        551,
        186,
        1632,
        97,
        10,
        54,
        297,
        293,
        15,
        64,
        70,
        562,
        150,
        1764,
        2566,
        314,
        775,
        198,
        4138,
        740,
        81,
        171,
        294,
        941
      ],
      "intervention_topk": [
        [
          1,
          0.047058823529411764
        ],
        [
          2,
          0.12058823529411765
        ],
        [
          3,
          0.17058823529411765
        ]
      ],