{
  "8": {
    "original": {
      "clean_topk": [
        [
          1,
          0.002785515320334262
        ],
        [
          2,
          0.005571030640668524
        ],
        [
          3,
          0.005571030640668524
        ]
      ],
      "clean_rank_list": [
        741,
        130,
        147,
        768,
        34,
        57,
        1817,
        309,
        1443,
        191,
        45,
        1653,
        50,
        7032,
        351,
        189,
        1632,
        197,
        643,
        119,
        311,
        443,
        77,
        47,
        68,
        223,
        676,
        162,
        130,
        1231,
        1783,
        94,
        179,
        70,
        369,
        1563,
        1340,
        941,
        88,
        36,
        1263,
        1709,
        230,
        59,
        37,
        30,
        84,
        50,
        22,
        1654,
        1839,
        939,
        6382,
        366,
        96,
        573,
        34,
        1176,
        218,
        30,
        90,
        28,
        138,
        291,
        174,
        966,
        111,
        113,
        185,
        0,
        258,
        34,
        141,
        373,
        602,
        350,
        1480,
        20,
        352,
        386,
        32,
        901,
        17,
        370,
        883,
        74,
        201,
        92,
        202,
        409,
        438,
        26,
        73,
        1598,
        594,
        1297,
        256,
        109,
        223,
        16,
        123,
        454,
        212,
        264,
        408,
        206,
        2589,
        6774,
        428,
        149,
        600,
        81,
        51,
        1418,
        25,
        280,
        137,
        3967,
        255,
        19,
        9,
        1800,
        1248,
        159,
        43,
        342,
        649,
        803,
        36,
        435,
        1508,
        23,
        143,
        970,
        24,
        91,
        65,
        50,
        262,
        31,
        80,
        1144,
        335,
        25,
        308,
        36,
        152,
        35,
        455,
        353,
        72,
        65,
        208,
        55,
        509,
        459,
        1352,
        591,
        149,
        1129,
        171,
        210,
        51,
        569,
        49,
        126,
        116,
        568,
        839,
        339,
        214,
        175,
        95,
        468,
        26,
        522,
        170,
        63,
        659,
        43,
        322,
        351,
        1095,
        251,
        30,
        261,
        1776,
        74,
        170,
        2822,
        54,
        50,
        240,
        130,
        410,
        1247,
        11,
        469,
        95,
        54,
        740,
        135,
        186,
        2068,
        978,
        275,
        1028,
        30,
        651,
        112,
        109,
        149,
        88,
        304,
        2247,
        42,
        2431,
        81,
        262,
        33,
        78,
        19,
        455,
        180,
        355,
        291,
        375,
        467,
        102,
        1687,
        72,
        929,
        578,
        885,
        6,
        165,
        26,
        1064,
        105,
        61,
        77,
        50,
        1463,
        272,
        4035,
        1146,
        91,
        23,
        32,
        217,
        19,
        964,
        46,
        171,
        716,
        1130,
        426,
        65,
        1199,
        44,
        528,
        25,
        132,
        298,
        104,
        1980,
        188,
        2159,
        288,
        27,
        93,
        612,
        47,
        49,
        67,
        1500,
        12,
        169,
        99,
        149,
        315,
        1678,
        922,
        41,
        204,
        202,
        1798,
        339,
        271,
        64,
        42,
        714,
        1877,
        459,
        25,
        865,
        22,
        41,
        183,
        40,
        539,
        129,
        1484,
        31,
        198,
        1400,
        49,
        42,
        1,
        163,
        78,
        24,
        795,
        1737,
        281,
        190,
        4,
        39,
        426,
        758,
        422,
        18,
        3155,
        7789,
        59,
        111,
        558,
        720,
        155,
        111,
        307,
        198,
        283,
        49,
        36,
        10121,
        178,
        186,
        125,
        73,
        13,
        136,
        93,
        3336,
        762,
        3,
        39,
        65,
        84,
        19,
        1653,
        1516,
        63,
        244,
        30,
        220,
        395,
        399,
        40
      ],
      "intervention_topk": [
        [
          1,
          0.016713091922005572
        ],
        [
          2,
          0.07799442896935933
        ],
        [
          3,
          0.13649025069637882
        ]
      ],