{
  "12": {
    "original": {
      "clean_topk": [
        [
          1,
          0.20930232558139536
        ],
        [
          2,
          0.3023255813953488
        ],
        [
          3,
          0.32558139534883723
        ]
      ],
      "clean_rank_list": [
        17,
        0,
        0,
        0,
        1,
        25,
        1,
        144,
        0,
        38,
        15,
        9,
        75,
        3,
        139,
        1,
        167,
        96,
        31,
        0,
        12,
        1,
        0,
        116,
        208,
        59,
        208,
        416,
        9,
        405,
        3,
        30,
        159,
        2,
        67,
        142,
        16,
        0,
        347,
        14,
        36,
        0,
        0
      ],
      "intervention_topk": [
        [
          1,
          0.32558139534883723
        ],
        [
          2,
          0.8372093023255814
        ],
        [
          3,
          0.9534883720930233
        ]
      ],
      "intervention_rank_list": [
        1,
        0,
        0,
        0,
        0,
        1,
        0,
        2,
        0,
        1,
        1,
        1,
        1,
        0,
        1,
        1,
        1,
        1,
        1,
        0,
        1,
        0,
        0,
        1,
        1,
        1,
        1,
        2,
        2,
        19,
        0,
        1,
        2,
        1,
        1,
        3,
        2,
        0,
        1,
        1,
        1,
        0,
        0
      ]
    },
    "centred": {
      "clean_topk": [
        [
          1,
          0.20930232558139536
        ],
        [
          2,
          0.3023255813953488
        ],
        [
          3,
          0.32558139534883723
        ]
      ],
      "clean_rank_list": [
        17,
        0,
        0,
        0,
        1,
        25,
        1,
        144,
        0,
        38,
        15,
        9,
        75,
        3,
        139,
        1,
        167,
        96,
        31,
        0,
        12,
        1,
        0,
        116,
        208,
        59,
        208,
        416,
        9,
        405,
        3,
        30,
        159,
        2,
        67,
        142,
        16,
        0,
        347,
        14,
        36,
        0,
        0
      ],
      "intervention_topk": [
        [
          1,
          0.3023255813953488
        ],
        [
          2,
          0.6744186046511628
        ],
        [
          3,
          0.7674418604651163
        ]
      ],
      "intervention_rank_list": [
        1,
        0,
        0,
        0,
        0,
        2,
        1,
        2,
        0,
        1,
        1,
        1,
        1,
        0,
        1,
        1,
        3,
        5,
        1,
        0,
        1,
        0,
        0,
        1,
        1,
        3,
        1,
        28,
        2,
        30,
        0,
        4,
        3,
        1,
        1,
        3,
        2,
        0,
        4,
        1,
        3,
        0,
        0
      ]
    }
  }
}