{
  "12": {
    "original": {
      "clean_topk": [
        [
          1,
          0.16279069767441862
        ],
        [
          2,
          0.23255813953488372
        ],
        [
          3,
          0.23255813953488372
        ]
      ],
      "clean_rank_list": [
        69,
        0,
        208,
        3,
        73,
        35,
        40,
        0,
        51,
        115,
        142,
        1,
        0,
        18,
        38,
        149,
        0,
        14,
        96,
        56,
        208,
        47,
        58,
        87,
        19,
        9,
        40,
        20,
        70,
        44,
        0,
        20,
        29,
        0,
        59,
        36,
        75,
        0,
        139,
        17,
        29,
        1,
        1
      ],
      "intervention_topk": [
        [
          1,
          0.20930232558139536
        ],
        [
          2,
          0.9069767441860465
        ],
        [
          3,
          0.9302325581395349
        ]
      ],
      "intervention_rank_list": [
        1,
        0,
        1,
        1,
        1,
        1,
        1,
        0,
        1,
        1,
        3,
        0,
        0,
        1,
        1,
        3,
        0,
        1,
        1,
        1,
        1,
        1,
        1,
        1,
        1,
        1,
        1,
        1,
        7,
        1,
        0,
        1,
        2,
        0,
        1,
        1,
        1,
        0,
        1,
        1,
        1,
        1,
        0
      ]
    },
    "centred": {
      "clean_topk": [
        [
          1,
          0.16279069767441862
        ],
        [
          2,
          0.23255813953488372
        ],
        [
          3,
          0.23255813953488372
        ]
      ],
      "clean_rank_list": [
        69,
        0,
        208,
        3,
        73,
        35,
        40,
        0,
        51,
        115,
        142,
        1,
        0,
        18,
        38,
        149,
        0,
        14,
        96,
        56,
        208,
        47,
        58,
        87,
        19,
        9,
        40,
        20,
        70,
        44,
        0,
        20,
        29,
        0,
        59,
        36,
        75,
        0,
        139,
        17,
        29,
        1,
        1
      ],
      "intervention_topk": [
        [
          1,
          0.20930232558139536
        ],
        [
          2,
          0.7209302325581395
        ],
        [
          3,
          0.8837209302325582
        ]
      ],
      "intervention_rank_list": [
        2,
        0,
        1,
        1,
        1,
        1,
        1,
        0,
        1,
        2,
        2,
        0,
        0,
        1,
        1,
        1,
        0,
        1,
        5,
        1,
        1,
        6,
        1,
        3,
        1,
        1,
        1,
        2,
        11,
        1,
        0,
        1,
        2,
        0,
        3,
        2,
        1,
        0,
        1,
        1,
        2,
        1,
        0
      ]
    }
  }
}