{
  "12": {
    "original": {
      "clean_topk": [
        [
          1,
          0.26785714285714285
        ],
        [
          2,
          0.375
        ],
        [
          3,
          0.39285714285714285
        ]
      ],
      "clean_rank_list": [
        49,
        20,
        7,
        6,
        1,
        12,
        0,
        11,
        42,
        41,
        11,
        6,
        4,
        3,
        0,
        27,
        9,
        8,
        5,
        1,
        20,
        0,
        0,
        0,
        1,
        2,
        15,
        0,
        3,
        0,
        0,
        0,
        7,
        11,
        0,
        9,
        1,
        8,
        68,
        4,
        11,
        0,
        0,
        14,
        0,
        19,
        9,
        5,
        1,
        1,
        0,
        0,
        6,
        11,
        10,
        6
      ],
      "intervention_topk": [
        [
          1,
          0.9821428571428571
        ],
        [
          2,
          1.0
        ],
        [
          3,
          1.0
        ]
      ],
      "intervention_rank_list": [
        0,
        0,
        0,
        0,
        0,
        0,
        0,
        0,
        0,
        0,
        0,
        0,
        0,
        0,
        0,
        0,
        0,
        0,
        0,
        0,
        0,
        0,
        0,
        0,
        0,
        0,
        0,
        0,
        0,
        0,
        1,
        0,
        0,
        0,
        0,
        0,
        0,
        0,
        0,
        0,
        0,
        0,
        0,
        0,
        0,
        0,
        0,
        0,
        0,
        0,
        0,
        0,
        0,
        0,
        0,
        0
      ]
    },
    "centred": {
      "clean_topk": [
        [
          1,
          0.16071428571428573
        ],
        [
          2,
          0.25
        ],
        [
          3,
          0.3392857142857143
        ]
      ],
      "clean_rank_list": [
        90,
        10,
        43,
        1,
        6,
        7,
        28,
        6,
        1,
        16,
        39,
        5,
        9,
        10,
        14,
        0,
        24,
        5,
        1,
        2,
        1,
        0,
        23,
        17,
        11,
        12,
        7,
        2,
        2,
        4,
        33,
        0,
        1,
        12,
        0,
        31,
        2,
        8,
        14,
        0,
        13,
        0,
        31,
        0,
        17,
        20,
        6,
        17,
        0,
        15,
        17,
        19,
        0,
        2,
        4,
        4
      ],
      "intervention_topk": [
        [
          1,
          0.9285714285714286
        ],
        [
          2,
          0.9821428571428571
        ],
        [
          3,
          1.0
        ]
      ],
      "intervention_rank_list": [
        0,
        0,
        0,
        0,
        0,
        0,
        0,
        0,
        0,
        0,
        0,
        1,
        0,
        1,
        0,
        0,
        0,
        0,
        0,
        0,
        0,
        0,
        0,
        0,
        0,
        1,
        0,
        0,
        0,
        0,
        2,
        0,
        0,
        0,
        0,
        0,
        0,
        0,
        0,
        0,
        0,
        0,
        0,
        0,
        0,
        0,
        0,
        0,
        0,
        0,
        0,
        0,
        0,
        0,
        0,
        0
      ]
    }
  }
}