{
  "12": {
    "original": {
      "clean_topk": [
        [
          1,
          0.19298245614035087
        ],
        [
          2,
          0.2982456140350877
        ],
        [
          3,
          0.3333333333333333
        ]
      ],
      "clean_rank_list": [
        1,
        31,
        29,
        5,
        524,
        5,
        10,
        0,
        30,
        8,
        5,
        0,
        0,
        34,
        8,
        0,
        11,
        2,
        16,
        0,
        13,
        22,
        20,
        5,
        0,
        0,
        1,
        10,
        1,
        4,
        1,
        6,
        8,
        1,
        14,
        6,
        0,
        1,
        6,
        7,
        0,
        0,
        4,
        0,
        54,
        11,
        3,
        2,
        3,
        76,
        38,
        22,
        38,
        5,
        8,
        6,
        52
      ],
      "intervention_topk": [
        [
          1,
          0.9298245614035088
        ],
        [
          2,
          1.0
        ],
        [
          3,
          1.0
        ]
      ],
      "intervention_rank_list": [
        0,
        0,
        1,
        0,
        0,
        0,
        0,
        0,
        0,
        0,
        0,
        0,
        0,
        0,
        0,
        0,
        0,
        0,
        0,
        0,
        0,
        0,
        0,
        0,
        0,
        0,
        0,
        0,
        0,
        0,
        0,
        0,
        0,
        0,
        0,
        0,
        0,
        0,
        0,
        0,
        0,
        0,
        0,
        0,
        0,
        0,
        0,
        0,
        0,
        1,
        0,
        0,
        1,
        0,
        0,
        0,
        1
      ]
    },
    "centred": {
      "clean_topk": [
        [
          1,
          0.17543859649122806
        ],
        [
          2,
          0.2631578947368421
        ],
        [
          3,
          0.40350877192982454
        ]
      ],
      "clean_rank_list": [
        22,
        4,
        93,
        0,
        15,
        0,
        2,
        15,
        6,
        1,
        6,
        1,
        2,
        1,
        0,
        34,
        0,
        2,
        20,
        0,
        2,
        20,
        9,
        21,
        5,
        20,
        2,
        5,
        10,
        0,
        2,
        4,
        14,
        0,
        2,
        7,
        17,
        0,
        1,
        10,
        0,
        7,
        20,
        5,
        7,
        15,
        3,
        1,
        5,
        16,
        0,
        11,
        2,
        10,
        3,
        46,
        16
      ],
      "intervention_topk": [
        [
          1,
          0.9298245614035088
        ],
        [
          2,
          1.0
        ],
        [
          3,
          1.0
        ]
      ],
      "intervention_rank_list": [
        0,
        0,
        0,
        0,
        0,
        0,
        0,
        0,
        0,
        0,
        0,
        0,
        0,
        0,
        0,
        1,
        0,
        0,
        0,
        0,
        0,
        0,
        0,
        0,
        0,
        0,
        0,
        0,
        0,
        0,
        0,
        0,
        1,
        0,
        0,
        0,
        0,
        0,
        0,
        0,
        0,
        0,
        0,
        0,
        0,
        1,
        0,
        0,
        0,
        0,
        0,
        0,
        1,
        0,
        0,
        0,
        0
      ]
    }
  }
}