{
  "12": {
    "original": {
      "clean_topk": [
        [
          1,
          0.21052631578947367
        ],
        [
          2,
          0.2807017543859649
        ],
        [
          3,
          0.43859649122807015
        ]
      ],
      "clean_rank_list": [
        2,
        12,
        0,
        6,
        2,
        0,
        32,
        0,
        14,
        1,
        8,
        35,
        4,
        2,
        2,
        13,
        5,
        14,
        2,
        6,
        3,
        0,
        13,
        0,
        64,
        2,
        2,
        1,
        0,
        31,
        13,
        9,
        19,
        0,
        8,
        10,
        1,
        14,
        1,
        17,
        12,
        3,
        0,
        128,
        18,
        0,
        0,
        31,
        0,
        2,
        42,
        6,
        2,
        114,
        10,
        0,
        3
      ],
      "intervention_topk": [
        [
          1,
          0.9122807017543859
        ],
        [
          2,
          0.9824561403508771
        ],
        [
          3,
          0.9824561403508771
        ]
      ],
      "intervention_rank_list": [
        0,
        0,
        0,
        0,
        0,
        0,
        0,
        0,
        0,
        0,
        0,
        0,
        1,
        0,
        0,
        0,
        0,
        0,
        0,
        0,
        0,
        0,
        0,
        0,
        0,
        0,
        0,
        0,
        0,
        0,
        0,
        1,
        0,
        0,
        0,
        1,
        0,
        0,
        0,
        0,
        0,
        0,
        0,
        4,
        0,
        0,
        0,
        0,
        0,
        0,
        0,
        1,
        0,
        0,
        0,
        0,
        0
      ]
    },
    "centred": {
      "clean_topk": [
        [
          1,
          0.08771929824561403
        ],
        [
          2,
          0.15789473684210525
        ],
        [
          3,
          0.17543859649122806
        ]
      ],
      "clean_rank_list": [
        6,
        3,
        5,
        1,
        8,
        5,
        19,
        3,
        5,
        0,
        10,
        36,
        240,
        19,
        6,
        0,
        0,
        0,
        5,
        9,
        7,
        6,
        3,
        13,
        61,
        8,
        8,
        0,
        21,
        44,
        8,
        16,
        34,
        9,
        20,
        1,
        1,
        5,
        10,
        5,
        7,
        7,
        3,
        145,
        3,
        5,
        2,
        50,
        7,
        12,
        14,
        22,
        5,
        7,
        1,
        12,
        13
      ],
      "intervention_topk": [
        [
          1,
          0.9298245614035088
        ],
        [
          2,
          0.9649122807017544
        ],
        [
          3,
          0.9824561403508771
        ]
      ],
      "intervention_rank_list": [
        0,
        0,
        0,
        0,
        0,
        0,
        0,
        0,
        0,
        0,
        0,
        0,
        6,
        0,
        0,
        0,
        0,
        0,
        0,
        0,
        0,
        0,
        0,
        0,
        0,
        0,
        0,
        0,
        0,
        0,
        0,
        0,
        0,
        0,
        0,
        0,
        0,
        0,
        0,
        0,
        0,
        0,
        0,
        1,
        0,
        0,
        0,
        2,
        0,
        0,
        0,
        1,
        0,
        0,
        0,
        0,
        0
      ]
    }
  }
}