{
  "12": {
    "original": {
      "clean_topk": [
        [
          1,
          0.2542372881355932
        ],
        [
          2,
          0.3220338983050847
        ],
        [
          3,
          0.423728813559322
        ]
      ],
      "clean_rank_list": [
        47,
        16,
        2,
        38,
        0,
        27,
        7,
        0,
        1,
        6,
        12,
        29,
        21,
        0,
        6,
        12,
        0,
        8,
        10,
        7,
        5,
        0,
        5,
        50,
        1,
        0,
        0,
        5,
        0,
        5,
        41,
        3,
        4,
        1,
        10,
        3,
        7,
        0,
        2,
        0,
        10,
        0,
        39,
        6,
        2166,
        0,
        16,
        2,
        6,
        3,
        0,
        0,
        2,
        2,
        0,
        17,
        1,
        7,
        2
      ],
      "intervention_topk": [
        [
          1,
          0.9661016949152542
        ],
        [
          2,
          1.0
        ],
        [
          3,
          1.0
        ]
      ],
      "intervention_rank_list": [
        0,
        0,
        0,
        1,
        0,
        0,
        0,
        0,
        0,
        0,
        0,
        0,
        0,
        0,
        1,
        0,
        0,
        0,
        0,
        0,
        0,
        0,
        0,
        0,
        0,
        0,
        0,
        0,
        0,
        0,
        0,
        0,
        0,
        0,
        0,
        0,
        0,
        0,
        0,
        0,
        0,
        0,
        0,
        0,
        0,
        0,
        0,
        0,
        0,
        0,
        0,
        0,
        0,
        0,
        0,
        0,
        0,
        0,
        0
      ]
    },
    "centred": {
      "clean_topk": [
        [
          1,
          0.1864406779661017
        ],
        [
          2,
          0.2542372881355932
        ],
        [
          3,
          0.3050847457627119
        ]
      ],
      "clean_rank_list": [
        118,
        16,
        12,
        17,
        9,
        33,
        3,
        2,
        0,
        5,
        0,
        6,
        6,
        14,
        8,
        2,
        8,
        20,
        1,
        1,
        4,
        0,
        0,
        36,
        6,
        0,
        0,
        90,
        3,
        3,
        4,
        0,
        1,
        14,
        0,
        11,
        10,
        15,
        34,
        0,
        8,
        1,
        0,
        10,
        32,
        2,
        14,
        13,
        7,
        0,
        5,
        4,
        9,
        4,
        9,
        446,
        13,
        4,
        7
      ],
      "intervention_topk": [
        [
          1,
          0.9661016949152542
        ],
        [
          2,
          0.9830508474576272
        ],
        [
          3,
          0.9830508474576272
        ]
      ],
      "intervention_rank_list": [
        0,
        0,
        0,
        0,
        0,
        0,
        0,
        0,
        0,
        0,
        0,
        0,
        0,
        0,
        0,
        0,
        0,
        0,
        0,
        0,
        0,
        0,
        0,
        0,
        0,
        0,
        0,
        0,
        0,
        0,
        0,
        0,
        0,
        0,
        0,
        0,
        0,
        0,
        0,
        0,
        0,
        0,
        0,
        0,
        0,
        0,
        0,
        1,
        0,
        0,
        0,
        0,
        0,
        0,
        0,
        5,
        0,
        0,
        0
      ]
    }
  }
}