{
  "12": {
    "original": {
      "clean_topk": [
        [
          1,
          0.03389830508474576
        ],
        [
          2,
          0.03389830508474576
        ],
        [
          3,
          0.03389830508474576
        ]
      ],
      "clean_rank_list": [
        133,
        225,
        28,
        548,
        10,
        3421,
        630,
        9,
        32,
        68,
        58,
        5,
        147,
        132,
        269,
        30,
        71,
        212,
        8,
        16,
        31,
        21,
        169,
        238,
        137,
        563,
        14,
        55,
        211,
        428,
        10,
        108,
        149,
        58,
        115,
        32,
        44,
        13,
        44,
        12,
        55,
        67,
        49,
        628,
        0,
        208,
        99,
        26,
        425,
        100,
        59,
        549,
        0,
        22,
        232,
        90,
        89,
        70,
        15
      ],
      "intervention_topk": [
        [
          1,
          0.03389830508474576
        ],
        [
          2,
          0.8983050847457628
        ],
        [
          3,
          0.9491525423728814
        ]
      ],
      "intervention_rank_list": [
        1,
        1,
        1,
        4,
        1,
        5,
        1,
        1,
        1,
        1,
        1,
        1,
        1,
        1,
        2,
        1,
        1,
        1,
        1,
        1,
        1,
        1,
        1,
        1,
        1,
        1,
        1,
        1,
        1,
        2,
        1,
        1,
        2,
        1,
        1,
        1,
        1,
        1,
        1,
        1,
        1,
        1,
        1,
        1,
        0,
        1,
        1,
        1,
        1,
        1,
        1,
        4,
        0,
        1,
        1,
        1,
        1,
        1,
        1
      ]
    },
    "centred": {
      "clean_topk": [
        [
          1,
          0.03389830508474576
        ],
        [
          2,
          0.03389830508474576
        ],
        [
          3,
          0.03389830508474576
        ]
      ],
      "clean_rank_list": [
        133,
        225,
        28,
        548,
        10,
        3421,
        630,
        9,
        32,
        68,
        58,
        5,
        147,
        132,
        269,
        30,
        71,
        212,
        8,
        16,
        31,
        21,
        169,
        238,
        137,
        563,
        14,
        55,
        211,
        428,
        10,
        108,
        149,
        58,
        115,
        32,
        44,
        13,
        44,
        12,
        55,
        67,
        49,
        628,
        0,
        208,
        99,
        26,
        425,
        100,
        59,
        549,
        0,
        22,
        232,
        90,
        89,
        70,
        15
      ],
      "intervention_topk": [
        [
          1,
          0.03389830508474576
        ],
        [
          2,
          0.8305084745762712
        ],
        [
          3,
          0.9491525423728814
        ]
      ],
      "intervention_rank_list": [
        1,
        1,
        1,
        12,
        1,
        10,
        2,
        2,
        1,
        1,
        1,
        1,
        1,
        1,
        2,
        1,
        1,
        1,
        1,
        1,
        1,
        1,
        1,
        1,
        1,
        1,
        1,
        1,
        1,
        2,
        1,
        1,
        2,
        1,
        1,
        1,
        1,
        1,
        1,
        1,
        1,
        2,
        1,
        1,
        0,
        1,
        1,
        2,
        1,
        1,
        1,
        8,
        0,
        1,
        1,
        1,
        1,
        1,
        1
      ]
    }
  }
}