{
  "12": {
    "original": {
      "clean_topk": [
        [
          1,
          0.017857142857142856
        ],
        [
          2,
          0.017857142857142856
        ],
        [
          3,
          0.03571428571428571
        ]
      ],
      "clean_rank_list": [
        50,
        113,
        238,
        181,
        34,
        428,
        8,
        131,
        0,
        98,
        169,
        8401,
        247,
        320,
        27,
        27,
        99,
        143,
        232,
        80,
        2645,
        2,
        274,
        16,
        12,
        82,
        108,
        225,
        14,
        33,
        41,
        227,
        134,
        46,
        44,
        226,
        19,
        147,
        5,
        52,
        465,
        44,
        39,
        4,
        913,
        628,
        230,
        61,
        490,
        59,
        299,
        135,
        178,
        64,
        73,
        6
      ],
      "intervention_topk": [
        [
          1,
          0.017857142857142856
        ],
        [
          2,
          0.9285714285714286
        ],
        [
          3,
          0.9821428571428571
        ]
      ],
      "intervention_rank_list": [
        1,
        1,
        1,
        1,
        1,
        2,
        1,
        1,
        0,
        1,
        1,
        52,
        1,
        1,
        1,
        1,
        1,
        1,
        1,
        1,
        2,
        1,
        2,
        1,
        1,
        1,
        1,
        1,
        1,
        1,
        1,
        1,
        1,
        1,
        1,
        1,
        1,
        1,
        1,
        1,
        1,
        1,
        1,
        1,
        1,
        1,
        1,
        1,
        1,
        1,
        1,
        1,
        1,
        1,
        1,
        1
      ]
    },
    "centred": {
      "clean_topk": [
        [
          1,
          0.017857142857142856
        ],
        [
          2,
          0.017857142857142856
        ],
        [
          3,
          0.03571428571428571
        ]
      ],
      "clean_rank_list": [
        50,
        113,
        238,
        181,
        34,
        428,
        8,
        131,
        0,
        98,
        169,
        8401,
        247,
        320,
        27,
        27,
        99,
        143,
        232,
        80,
        2645,
        2,
        274,
        16,
        12,
        82,
        108,
        225,
        14,
        33,
        41,
        227,
        134,
        46,
        44,
        226,
        19,
        147,
        5,
        52,
        465,
        44,
        39,
        4,
        913,
        628,
        230,
        61,
        490,
        59,
        299,
        135,
        178,
        64,
        73,
        6
      ],
      "intervention_topk": [
        [
          1,
          0.017857142857142856
        ],
        [
          2,
          0.8035714285714286
        ],
        [
          3,
          0.9285714285714286
        ]
      ],
      "intervention_rank_list": [
        2,
        1,
        1,
        1,
        1,
        3,
        1,
        1,
        0,
        2,
        1,
        74,
        1,
        1,
        1,
        1,
        1,
        1,
        1,
        1,
        2,
        1,
        3,
        1,
        1,
        1,
        1,
        1,
        1,
        1,
        1,
        1,
        1,
        1,
        1,
        1,
        1,
        2,
        1,
        1,
        2,
        2,
        1,
        1,
        7,
        1,
        1,
        2,
        1,
        1,
        1,
        1,
        1,
        1,
        1,
        1
      ]
    }
  }
}