{
  "12": {
    "original": {
      "clean_topk": [
        [
          1,
          0.03508771929824561
        ],
        [
          2,
          0.03508771929824561
        ],
        [
          3,
          0.03508771929824561
        ]
      ],
      "clean_rank_list": [
        7,
        69,
        3421,
        181,
        0,
        14,
        82,
        322,
        55,
        40,
        115,
        178,
        120,
        16,
        563,
        35,
        33,
        53,
        211,
        4,
        3,
        34,
        492,
        134,
        94,
        26,
        120,
        80,
        95,
        6,
        48,
        66,
        41,
        28,
        238,
        44,
        59,
        16,
        9,
        81,
        44,
        1959,
        593,
        14,
        442,
        0,
        384,
        13,
        45,
        548,
        406,
        227,
        269,
        232,
        230,
        387,
        221
      ],
      "intervention_topk": [
        [
          1,
          0.03508771929824561
        ],
        [
          2,
          0.8947368421052632
        ],
        [
          3,
          0.9298245614035088
        ]
      ],
      "intervention_rank_list": [
        1,
        1,
        7,
        1,
        0,
        1,
        1,
        1,
        1,
        2,
        1,
        1,
        1,
        1,
        1,
        1,
        1,
        1,
        1,
        1,
        1,
        1,
        1,
        1,
        1,
        1,
        1,
        1,
        1,
        1,
        1,
        1,
        1,
        1,
        1,
        1,
        1,
        1,
        1,
        1,
        1,
        11,
        1,
        1,
        1,
        0,
        1,
        1,
        1,
        5,
        1,
        1,
        2,
        1,
        1,
        3,
        1
      ]
    },
    "centred": {
      "clean_topk": [
        [
          1,
          0.03508771929824561
        ],
        [
          2,
          0.03508771929824561
        ],
        [
          3,
          0.03508771929824561
        ]
      ],
      "clean_rank_list": [
        7,
        69,
        3421,
        181,
        0,
        14,
        82,
        322,
        55,
        40,
        115,
        178,
        120,
        16,
        563,
        35,
        33,
        53,
        211,
        4,
        3,
        34,
        492,
        134,
        94,
        26,
        120,
        80,
        95,
        6,
        48,
        66,
        41,
        28,
        238,
        44,
        59,
        16,
        9,
        81,
        44,
        1959,
        593,
        14,
        442,
        0,
        384,
        13,
        45,
        548,
        406,
        227,
        269,
        232,
        230,
        387,
        221
      ],
      "intervention_topk": [
        [
          1,
          0.03508771929824561
        ],
        [
          2,
          0.7368421052631579
        ],
        [
          3,
          0.8947368421052632
        ]
      ],
      "intervention_rank_list": [
        1,
        1,
        13,
        1,
        0,
        1,
        1,
        2,
        1,
        2,
        1,
        1,
        2,
        1,
        1,
        2,
        1,
        1,
        1,
        1,
        1,
        1,
        5,
        1,
        1,
        2,
        1,
        1,
        3,
        1,
        1,
        1,
        1,
        1,
        1,
        1,
        1,
        1,
        2,
        1,
        2,
        7,
        2,
        1,
        1,
        0,
        1,
        1,
        1,
        13,
        1,
        1,
        2,
        1,
        1,
        6,
        1
      ]
    }
  }
}