{
  "12": {
    "original": {
      "clean_topk": [
        [
          1,
          0.017543859649122806
        ],
        [
          2,
          0.017543859649122806
        ],
        [
          3,
          0.03508771929824561
        ]
      ],
      "clean_rank_list": [
        230,
        64,
        24,
        207,
        5,
        33,
        133,
        59,
        55,
        232,
        108,
        98,
        2954,
        314,
        723,
        11,
        8401,
        99,
        44,
        143,
        179,
        176,
        75,
        53,
        505,
        442,
        246,
        92,
        428,
        1261,
        34,
        58,
        120,
        149,
        114,
        230,
        129,
        226,
        54,
        43,
        131,
        2,
        14,
        4082,
        0,
        169,
        76,
        2645,
        28,
        14,
        632,
        131,
        149,
        139,
        2670,
        61,
        235
      ],
      "intervention_topk": [
        [
          1,
          0.017543859649122806
        ],
        [
          2,
          0.8421052631578947
        ],
        [
          3,
          0.8947368421052632
        ]
      ],
      "intervention_rank_list": [
        1,
        1,
        1,
        1,
        1,
        1,
        1,
        1,
        1,
        1,
        1,
        1,
        26,
        1,
        1,
        1,
        47,
        1,
        1,
        1,
        1,
        1,
        1,
        1,
        1,
        1,
        1,
        1,
        3,
        5,
        1,
        1,
        1,
        2,
        1,
        2,
        1,
        1,
        1,
        1,
        1,
        1,
        1,
        11,
        0,
        1,
        1,
        2,
        1,
        1,
        1,
        1,
        1,
        1,
        3,
        1,
        1
      ]
    },
    "centred": {
      "clean_topk": [
        [
          1,
          0.017543859649122806
        ],
        [
          2,
          0.017543859649122806
        ],
        [
          3,
          0.03508771929824561
        ]
      ],
      "clean_rank_list": [
        230,
        64,
        24,
        207,
        5,
        33,
        133,
        59,
        55,
        232,
        108,
        98,
        2954,
        314,
        723,
        11,
        8401,
        99,
        44,
        143,
        179,
        176,
        75,
        53,
        505,
        442,
        246,
        92,
        428,
        1261,
        34,
        58,
        120,
        149,
        114,
        230,
        129,
        226,
        54,
        43,
        131,
        2,
        14,
        4082,
        0,
        169,
        76,
        2645,
        28,
        14,
        632,
        131,
        149,
        139,
        2670,
        61,
        235
      ],
      "intervention_topk": [
        [
          1,
          0.017543859649122806
        ],
        [
          2,
          0.6666666666666666
        ],
        [
          3,
          0.8421052631578947
        ]
      ],
      "intervention_rank_list": [
        1,
        1,
        1,
        3,
        1,
        1,
        1,
        1,
        1,
        1,
        1,
        2,
        30,
        1,
        1,
        1,
        72,
        1,
        1,
        1,
        1,
        1,
        2,
        1,
        5,
        1,
        1,
        1,
        3,
        8,
        1,
        2,
        1,
        2,
        1,
        7,
        2,
        1,
        1,
        1,
        1,
        1,
        1,
        24,
        0,
        1,
        1,
        2,
        2,
        1,
        2,
        2,
        1,
        1,
        5,
        2,
        1
      ]
    }
  }
}