{
  "12": {
    "original": {
      "clean_topk": [
        [
          1,
          0.1896551724137931
        ],
        [
          2,
          0.3103448275862069
        ],
        [
          3,
          0.3793103448275862
        ]
      ],
      "clean_rank_list": [
        11,
        0,
        5,
        0,
        9,
        0,
        0,
        16,
        5,
        10,
        62,
        19,
        6,
        11,
        4,
        0,
        0,
        8,
        4,
        1,
        1,
        1,
        26,
        10,
        9,
        2,
        2,
        3,
        88,
        16,
        10,
        5,
        17,
        0,
        17,
        3,
        13,
        2,
        0,
        0,
        12,
        1,
        0,
        12,
        8,
        9,
        2,
        13,
        8,
        97,
        0,
        1,
        3,
        5,
        1,
        9,
        1,
        7
      ],
      "intervention_topk": [
        [
          1,
          0.9482758620689655
        ],
        [
          2,
          0.9827586206896551
        ],
        [
          3,
          1.0
        ]
      ],
      "intervention_rank_list": [
        0,
        0,
        0,
        0,
        0,
        0,
        0,
        0,
        0,
        0,
        0,
        0,
        0,
        0,
        0,
        0,
        0,
        0,
        0,
        0,
        0,
        0,
        0,
        0,
        0,
        0,
        0,
        0,
        2,
        1,
        0,
        0,
        0,
        0,
        0,
        0,
        0,
        0,
        0,
        0,
        0,
        0,
        0,
        1,
        0,
        0,
        0,
        0,
        0,
        0,
        0,
        0,
        0,
        0,
        0,
        0,
        0,
        0
      ]
    },
    "centred": {
      "clean_topk": [
        [
          1,
          0.1724137931034483
        ],
        [
          2,
          0.20689655172413793
        ],
        [
          3,
          0.2413793103448276
        ]
      ],
      "clean_rank_list": [
        14,
        0,
        0,
        3,
        3,
        10,
        15,
        24,
        13,
        12,
        12,
        20,
        0,
        3,
        8,
        10,
        0,
        0,
        10,
        13,
        9,
        8,
        5,
        3,
        2,
        2,
        6,
        14,
        77,
        24,
        14,
        8,
        9,
        0,
        10,
        9,
        16,
        5,
        4,
        1,
        0,
        4,
        9,
        8,
        39,
        4,
        14,
        7,
        9,
        19,
        0,
        4,
        1,
        0,
        11,
        15,
        5,
        0
      ],
      "intervention_topk": [
        [
          1,
          0.9827586206896551
        ],
        [
          2,
          1.0
        ],
        [
          3,
          1.0
        ]
      ],
      "intervention_rank_list": [
        0,
        0,
        0,
        0,
        0,
        0,
        0,
        0,
        0,
        0,
        0,
        0,
        0,
        0,
        0,
        0,
        0,
        0,
        0,
        0,
        0,
        0,
        0,
        0,
        0,
        0,
        0,
        0,
        0,
        0,
        0,
        0,
        0,
        0,
        0,
        0,
        0,
        0,
        0,
        0,
        0,
        0,
        0,
        1,
        0,
        0,
        0,
        0,
        0,
        0,
        0,
        0,
        0,
        0,
        0,
        0,
        0,
        0
      ]
    }
  }
}