{
  "12": {
    "original": {
      "clean_topk": [
        [
          1,
          0.017241379310344827
        ],
        [
          2,
          0.017241379310344827
        ],
        [
          3,
          0.017241379310344827
        ]
      ],
      "clean_rank_list": [
        16,
        76,
        206,
        13,
        74,
        7,
        8,
        247,
        24,
        27,
        428,
        51,
        61,
        81,
        39,
        208,
        67,
        90,
        406,
        32,
        34,
        95,
        48,
        225,
        129,
        49,
        279,
        61,
        4082,
        620,
        80,
        32,
        10884,
        9,
        64,
        53,
        9,
        28,
        490,
        7,
        35,
        94,
        16,
        40,
        20,
        26,
        85,
        3,
        287,
        0,
        53,
        271,
        309,
        1192,
        33,
        54,
        82,
        245
      ],
      "intervention_topk": [
        [
          1,
          0.017241379310344827
        ],
        [
          2,
          0.9310344827586207
        ],
        [
          3,
          0.9482758620689655
        ]
      ],
      "intervention_rank_list": [
        1,
        1,
        1,
        1,
        1,
        1,
        1,
        1,
        1,
        1,
        3,
        1,
        1,
        1,
        1,
        1,
        1,
        1,
        1,
        1,
        1,
        1,
        1,
        1,
        1,
        1,
        1,
        1,
        11,
        1,
        1,
        1,
        34,
        1,
        1,
        1,
        1,
        1,
        1,
        1,
        1,
        1,
        1,
        2,
        1,
        1,
        1,
        1,
        1,
        0,
        1,
        1,
        1,
        1,
        1,
        1,
        1,
        1
      ]
    },
    "centred": {
      "clean_topk": [
        [
          1,
          0.017241379310344827
        ],
        [
          2,
          0.017241379310344827
        ],
        [
          3,
          0.017241379310344827
        ]
      ],
      "clean_rank_list": [
        16,
        76,
        206,
        13,
        74,
        7,
        8,
        247,
        24,
        27,
        428,
        51,
        61,
        81,
        39,
        208,
        67,
        90,
        406,
        32,
        34,
        95,
        48,
        225,
        129,
        49,
        279,
        61,
        4082,
        620,
        80,
        32,
        10884,
        9,
        64,
        53,
        9,
        28,
        490,
        7,
        35,
        94,
        16,
        40,
        20,
        26,
        85,
        3,
        287,
        0,
        53,
        271,
        309,
        1192,
        33,
        54,
        82,
        245
      ],
      "intervention_topk": [
        [
          1,
          0.017241379310344827
        ],
        [
          2,
          0.8275862068965517
        ],
        [
          3,
          0.9137931034482759
        ]
      ],
      "intervention_rank_list": [
        1,
        1,
        1,
        1,
        1,
        1,
        1,
        1,
        1,
        1,
        4,
        1,
        1,
        1,
        1,
        1,
        2,
        1,
        1,
        1,
        1,
        3,
        1,
        1,
        2,
        1,
        1,
        1,
        25,
        1,
        1,
        1,
        106,
        2,
        1,
        1,
        1,
        1,
        1,
        1,
        1,
        1,
        1,
        2,
        1,
        2,
        1,
        1,
        3,
        0,
        1,
        1,
        1,
        1,
        1,
        1,
        1,
        1
      ]
    }
  }
}