{
  "12": {
    "original": {
      "clean_topk": [
        [
          1,
          0.012987012987012988
        ],
        [
          2,
          0.14935064935064934
        ],
        [
          3,
          0.18506493506493507
        ]
      ],
      "clean_rank_list": [
        2,
        37,
        457,
        4,
        70,
        1219,
        6,
        1,
        56,
        8,
        487,
        3,
        5,
        28,
        134,
        1,
        54,
        9,
        58,
        52,
        147,
        0,
        16,
        460,
        514,
        3,
        45,
        4,
        115,
        18,
        1,
        63,
        20,
        5,
        1015,
        191,
        11,
        4,
        14,
        1,
        1,
        16,
        720,
        3,
        43,
        73,
        2658,
        40,
        3,
        37,
        56,
        1478,
        32,
        93,
        0,
        28,
        515,
        4,
        6,
        41,
        309,
        1,
        371,
        1,
        896,
        1,
        1,
        24,
        5,
        1,
        51,
        28,
        123,
        87,
        103,
        126,
        19,
        1,
        75,
        1418,
        1,
        337,
        1,
        57,
        236,
        25,
        33,
        8,
        7,
        21,
        4,
        3,
        19,
        14,
        285,
        87,
        51,
        310,
        26,
        7,
        88,
        3,
        38,
        23,
        43,
        3,
        282,
        1,
        5,
        15,
        192,
        0,
        16,
        10,
        1,
        2266,
        72,
        118,
        89,
        10,
        1,
        254,
        697,
        1334,
        1351,
        1,
        482,
        5248,
        4,
        14,
        1,
        60,
        51,
        1,
        20,
        787,
        4,
        137,
        2,
        324,
        14,
        16,
        13,
        27,
        10,
        3,
        49,
        6,
        24,
        195,
        36,
        17,
        6,
        4,
        2,
        3,
        6,
        21,
        0,
        26,
        4,
        1,
        56,
        55,
        1,
        1,
        61,
        20,
        28,
        243,
        1,
        93,
        264,
        110,
        113,
        45,
        13,
        50,
        4489,
        16,
        10,
        23,
        3,
        110,
        591,
        3,
        547,
        118,
        16,
        257,
        35,
        95,
        1,
        15,
        1,
        19,
        112,
        68,
        2,
        15,
        126,
        68,
        1,
        12,
        15,
        6,
        55,
        21,
        1,
        106,
        137,
        7,
        2,
        23,
        9,
        239,
        20,
        2,
        11,
        20,
        2,
        369,
        24,
        7,
        7,
        71,
        112,
        284,
        592,
        25,
        1,
        6233,
        1,
        109,
        3,
        55,
        625,
        19,
        2,
        137,
        819,
        1,
        1,
        39,
        108,
        1,
        3,
        13,
        22,
        4,
        8,
        7,
        6,
        9,
        47,
        59,
        1,
        223,
        2,
        18,
        2,
        199,
        304,
        10,
        26,
        123,
        50,
        1,
        33,
        1,
        44,
        1,
        38,
        1,
        11,
        391,
        2084,
        315,
        5,
        3,
        26,
        192,
        633,
        6,
        141,
        32,
        63,
        199,
        3,
        3,
        631,
        2,
        8,
        1,
        26,
        268,
        1,
        133,
        17279,
        8,
        1,
        41,
        9,
        41,
        1,
        59,
        1,
        183
      ],
      "intervention_topk": [
        [
          1,
          0.22077922077922077
        ],
        [
          2,
          0.6493506493506493
        ],
        [
          3,
          0.7532467532467533
        ]
      ],
      "intervention_rank_list": [
        0,
        1,
        28,
        0,
        29,
        207,
        0,
        0,
        2,
        1,
        8,
        0,
        1,
        1,
        0,
        1,
        1,
        1,
        1,
        1,
        5,
        0,
        1,
        2,
        26,
        0,
        2,
        1,
        1,
        1,
        0,
        2,
        0,
        0,
        133,
        12,
        0,
        0,
        0,
        0,
        0,
        2,
        55,
        1,
        2,
        1,
        88,
        1,
        1,
        1,
        2,
        544,
        1,
        1,
        0,
        2,
        37,
        0,
        1,
        1,
        24,
        0,
        23,
        0,
        55,
        0,
        0,
        1,
        1,
        1,
        1,
        5,
        14,
        5,
        1,
        4,
        1,
        1,
        2,
        30,
        0,
        6,
        0,
        1,
        7,
        2,
        1,
        0,
        1,
        2,
        1,
        1,
        1,
        0,
        5,
        7,
        1,
        7,
        0,
        1,
        1,
        1,
        2,
        0,
        1,
        1,
        4,
        0,
        0,
        1,
        1,
        0,
        3,
        2,
        1,
        51,
        6,
        31,
        2,
        1,
        0,
        37,
        18,
        51,
        109,
        0,
        11,
        740,
        1,
        1,
        1,
        3,
        1,
        0,
        0,
        27,
        0,
        3,
        0,
        2,
        1,
        1,
        1,
        6,
        1,
        1,
        1,
        1,
        4,
        1,
        17,
        1,
        1,
        1,
        0,
        0,
        1,
        0,
        0,
        2,
        0,
        0,
        1,
        1,
        0,
        0,
        1,
        1,
        1,
        73,
        0,
        4,
        28,
        6,
        26,
        1,
        1,
        3,
        189,
        1,
        1,
        1,
        1,
        1,
        121,
        1,
        66,
        2,
        2,
        1,
        2,
        0,
        0,
        1,
        0,
        1,
        1,
        2,
        1,
        0,
        2,
        1,
        0,
        1,
        1,
        1,
        5,
        2,
        1,
        11,
        6,
        1,
        0,
        0,
        2,
        9,
        1,
        0,
        1,
        1,
        1,
        15,
        1,
        1,
        1,
        1,
        2,
        42,
        4,
        1,
        0,
        1013,
        0,
        9,
        1,
        1,
        2,
        1,
        1,
        1,
        29,
        1,
        0,
        5,
        5,
        0,
        1,
        1,
        1,
        1,
        1,
        0,
        1,
        1,
        1,
        2,
        1,
        2,
        0,
        1,
        1,
        2,
        4,
        1,
        1,
        3,
        3,
        1,
        1,
        1,
        2,
        0,
        1,
        1,
        1,
        1,
        27,
        1,
        1,
        0,
        1,
        3,
        200,
        1,
        5,
        1,
        1,
        11,
        1,
        1,
        49,
        0,
        0,
        0,
        1,
        10,
        0,
        2,
        5447,
        2,
        1,
        2,
        1,
        1,
        0,
        4,
        0,
        24
      ]
    },
    "centred": {
      "clean_topk": [
        [
          1,
          0.012987012987012988
        ],
        [
          2,
          0.14935064935064934
        ],
        [
          3,
          0.18506493506493507
        ]
      ],