{
  "9": {
    "original": {
      "clean_topk": [
        [
          1,
          0.18604651162790697
        ],
        [
          2,
          0.20930232558139536
        ],
        [
          3,
          0.20930232558139536
        ]
      ],
      "clean_rank_list": [
        59,
        115,
        9,
        12,
        32,
        13,
        12,
        0,
        0,
        36,
        22,
        9,
        64,
        208,
        0,
        1,
        16,
        153,
        9,
        4,
        121,
        9,
        149,
        56,
        14,
        135,
        36,
        9,
        132,
        44,
        35,
        0,
        0,
        416,
        0,
        65,
        60,
        96,
        91,
        23,
        96,
        0,
        0
      ],
      "intervention_topk": [
        [
          1,
          0.18604651162790697
        ],
        [
          2,
          0.5116279069767442
        ],
        [
          3,
          0.6511627906976745
        ]
      ],
      "intervention_rank_list": [
        3,
        2,
        1,
        2,
        1,
        1,
        1,
        0,
        0,
        3,
        3,
        1,
        1,
        11,
        0,
        1,
        1,
        5,
        1,
        1,
        1,
        1,
        9,
        4,
        1,
        4,
        2,
        1,
        4,
        2,
        2,
        0,
        0,
        58,
        0,
        3,
        5,
        3,
        5,
        2,
        3,
        0,
        0
      ]
    },
    "centred": {
      "clean_topk": [
        [
          1,
          0.18604651162790697
        ],
        [
          2,
          0.20930232558139536
        ],
        [
          3,
          0.20930232558139536
        ]
      ],
      "clean_rank_list": [
        59,
        115,
        9,
        12,
        32,
        13,
        12,
        0,
        0,
        36,
        22,
        9,
        64,
        208,
        0,
        1,
        16,
        153,
        9,
        4,
        121,
        9,
        149,
        56,
        14,
        135,
        36,
        9,
        132,
        44,
        35,
        0,
        0,
        416,
        0,
        65,
        60,
        96,
        91,
        23,
        96,
        0,
        0
      ],
      "intervention_topk": [
        [
          1,
          0.18604651162790697
        ],
        [
          2,
          0.5116279069767442
        ],
        [
          3,
          0.5813953488372093
        ]
      ],
      "intervention_rank_list": [
        1,
        5,
        1,
        2,
        1,
        1,
        1,
        0,
        0,
        4,
        2,
        1,
        1,
        20,
        0,
        1,
        1,
        5,
        1,
        1,
        8,
        1,
        9,
        6,
        1,
        14,
        3,
        1,
        4,
        3,
        3,
        0,
        0,
        67,
        0,
        5,
        9,
        7,
        8,
        2,
        6,
        0,
        0
      ]
    }
  }
}