{
  "9": {
    "original": {
      "clean_topk": [
        [
          1,
          0.09302325581395349
        ],
        [
          2,
          0.09302325581395349
        ],
        [
          3,
          0.11627906976744186
        ]
      ],
      "clean_rank_list": [
        0,
        16,
        2,
        31,
        85,
        116,
        16,
        208,
        416,
        64,
        26,
        12,
        12,
        59,
        4,
        7,
        0,
        39,
        32,
        151,
        47,
        14,
        29,
        35,
        29,
        3,
        14,
        78,
        11,
        70,
        11,
        9,
        19,
        0,
        0,
        4,
        18,
        4021,
        9,
        4,
        65,
        96,
        44
      ],
      "intervention_topk": [
        [
          1,
          0.11627906976744186
        ],
        [
          2,
          0.5813953488372093
        ],
        [
          3,
          0.6976744186046512
        ]
      ],
      "intervention_rank_list": [
        0,
        2,
        1,
        1,
        8,
        2,
        3,
        11,
        59,
        1,
        1,
        1,
        1,
        3,
        1,
        1,
        0,
        4,
        1,
        8,
        7,
        1,
        2,
        2,
        2,
        0,
        1,
        6,
        1,
        22,
        1,
        1,
        1,
        0,
        0,
        1,
        1,
        1075,
        1,
        1,
        6,
        3,
        1
      ]
    },
    "centred": {
      "clean_topk": [
        [
          1,
          0.09302325581395349
        ],
        [
          2,
          0.09302325581395349
        ],
        [
          3,
          0.11627906976744186
        ]
      ],
      "clean_rank_list": [
        0,
        16,
        2,
        31,
        85,
        116,
        16,
        208,
        416,
        64,
        26,
        12,
        12,
        59,
        4,
        7,
        0,
        39,
        32,
        151,
        47,
        14,
        29,
        35,
        29,
        3,
        14,
        78,
        11,
        70,
        11,
        9,
        19,
        0,
        0,
        4,
        18,
        4021,
        9,
        4,
        65,
        96,
        44
      ],
      "intervention_topk": [
        [
          1,
          0.11627906976744186
        ],
        [
          2,
          0.5581395348837209
        ],
        [
          3,
          0.5813953488372093
        ]
      ],
      "intervention_rank_list": [
        0,
        2,
        1,
        1,
        5,
        20,
        3,
        21,
        65,
        1,
        1,
        1,
        1,
        1,
        1,
        1,
        0,
        6,
        3,
        35,
        11,
        1,
        3,
        3,
        1,
        0,
        1,
        3,
        1,
        30,
        1,
        1,
        3,
        0,
        0,
        1,
        1,
        887,
        1,
        1,
        7,
        6,
        3
      ]
    }
  }
}