{
  "9": {
    "original": {
      "clean_topk": [
        [
          1,
          0.27906976744186046
        ],
        [
          2,
          0.27906976744186046
        ],
        [
          3,
          0.3023255813953488
        ]
      ],
      "clean_rank_list": [
        0,
        0,
        159,
        0,
        0,
        0,
        0,
        12,
        35,
        78,
        111,
        91,
        85,
        40,
        51,
        96,
        69,
        20,
        0,
        0,
        20,
        44,
        39,
        0,
        21,
        9,
        28,
        16,
        18,
        2,
        405,
        3,
        64,
        49,
        53,
        11,
        9,
        0,
        0,
        0,
        38,
        93,
        25
      ],
      "intervention_topk": [
        [
          1,
          0.3023255813953488
        ],
        [
          2,
          0.6744186046511628
        ],
        [
          3,
          0.7441860465116279
        ]
      ],
      "intervention_rank_list": [
        0,
        0,
        11,
        0,
        0,
        0,
        0,
        1,
        1,
        6,
        7,
        1,
        8,
        1,
        2,
        3,
        8,
        3,
        0,
        0,
        2,
        1,
        5,
        0,
        1,
        1,
        3,
        1,
        1,
        1,
        18,
        0,
        1,
        1,
        2,
        1,
        1,
        0,
        0,
        0,
        1,
        7,
        1
      ]
    },
    "centred": {
      "clean_topk": [
        [
          1,
          0.27906976744186046
        ],
        [
          2,
          0.27906976744186046
        ],
        [
          3,
          0.3023255813953488
        ]
      ],
      "clean_rank_list": [
        0,
        0,
        159,
        0,
        0,
        0,
        0,
        12,
        35,
        78,
        111,
        91,
        85,
        40,
        51,
        96,
        69,
        20,
        0,
        0,
        20,
        44,
        39,
        0,
        21,
        9,
        28,
        16,
        18,
        2,
        405,
        3,
        64,
        49,
        53,
        11,
        9,
        0,
        0,
        0,
        38,
        93,
        25
      ],
      "intervention_topk": [
        [
          1,
          0.3023255813953488
        ],
        [
          2,
          0.5581395348837209
        ],
        [
          3,
          0.6511627906976745
        ]
      ],
      "intervention_rank_list": [
        0,
        0,
        17,
        0,
        0,
        0,
        0,
        1,
        1,
        3,
        10,
        4,
        6,
        2,
        2,
        8,
        8,
        1,
        0,
        0,
        2,
        3,
        6,
        0,
        3,
        1,
        4,
        1,
        1,
        1,
        27,
        0,
        1,
        2,
        5,
        1,
        1,
        0,
        0,
        0,
        1,
        12,
        3
      ]
    }
  }
}