{
  "17": {
    "original": {
      "clean_topk": [
        [
          1,
          0.0
        ],
        [
          2,
          0.0
        ],
        [
          3,
          0.0
        ]
      ],
      "clean_rank_list": [
        11,
        19,
        199,
        33,
        70,
        17,
        11,
        41,
        26,
        18,
        39,
        8,
        32,
        13,
        48,
        117,
        242,
        7,
        36,
        32,
        7,
        10,
        111,
        59,
        14,
        40,
        15,
        36,
        1316,
        7,
        66,
        7,
        17,
        18,
        60,
        53,
        25,
        16,
        16,
        177,
        55
      ],
      "intervention_topk": [
        [
          1,
          0.34146341463414637
        ],
        [
          2,
          0.5609756097560976
        ],
        [
          3,
          0.7317073170731707
        ]
      ],
      "intervention_rank_list": [
        0,
        1,
        18,
        2,
        9,
        0,
        0,
        1,
        1,
        2,
        0,
        0,
        2,
        0,
        6,
        2,
        8,
        1,
        8,
        0,
        0,
        0,
        10,
        2,
        1,
        2,
        0,
        6,
        329,
        1,
        0,
        0,
        2,
        0,
        13,
        1,
        3,
        0,
        1,
        3,
        1
      ]
    },
    "centred": {
      "clean_topk": [
        [
          1,
          0.0
        ],
        [
          2,
          0.0
        ],
        [
          3,
          0.0
        ]
      ],
      "clean_rank_list": [
        11,
        19,
        199,
        33,
        70,
        17,
        11,
        41,
        26,
        18,
        39,
        8,
        32,
        13,
        48,
        117,
        242,
        7,
        36,
        32,
        7,
        10,
        111,
        59,
        14,
        40,
        15,
        36,
        1316,
        7,
        66,
        7,
        17,
        18,
        60,
        53,
        25,
        16,
        16,
        177,
        55
      ],
      "intervention_topk": [
        [
          1,
          0.6341463414634146
        ],
        [
          2,
          0.8780487804878049
        ],
        [
          3,
          0.9512195121951219
        ]
      ],
      "intervention_rank_list": [
        0,
        0,
        2,
        1,
        1,
        0,
        0,
        0,
        1,
        0,
        0,
        0,
        0,
        0,
        0,
        1,
        2,
        0,
        2,
        0,
        0,
        0,
        1,
        1,
        0,
        0,
        0,
        1,
        17,
        1,
        0,
        0,
        0,
        0,
        9,
        0,
        1,
        0,
        1,
        0,
        0
      ]
    }
  },
  "18": {
    "original": {
      "clean_topk": [
        [
          1,
          0.0
        ],
        [
          2,
          0.0
        ],
        [
          3,
          0.0
        ]
      ],
      "clean_rank_list": [
        11,
        19,
        199,
        33,
        70,
        17,
        11,
        41,
        26,
        18,
        39,
        8,
        32,
        13,
        48,
        117,
        242,
        7,
        36,
        32,
        7,
        10,
        111,
        59,
        14,
        40,
        15,
        36,
        1316,
        7,
        66,
        7,
        17,
        18,
        60,
        53,
        25,
        16,
        16,
        177,
        55
      ],
      "intervention_topk": [
        [
          1,
          0.14634146341463414
        ],
        [
          2,
          0.43902439024390244
        ],
        [
          3,
          0.6585365853658537
        ]
      ],
      "intervention_rank_list": [
        0,
        1,
        18,
        2,
        11,
        0,
        1,
        2,
        4,
        2,
        0,
        0,
        5,
        1,
        11,
        4,
        26,
        1,
        9,
        2,
        0,
        0,
        18,
        2,
        1,
        2,
        1,
        7,
        571,
        1,
        1,
        1,
        2,
        1,
        14,
        1,
        3,
        2,
        1,
        4,
        2
      ]
    },
    "centred": {
      "clean_topk": [
        [
          1,
          0.0
        ],
        [
          2,
          0.0
        ],
        [
          3,
          0.0
        ]
      ],
      "clean_rank_list": [
        11,
        19,
        199,
        33,
        70,
        17,
        11,
        41,
        26,
        18,
        39,
        8,
        32,
        13,
        48,
        117,
        242,
        7,
        36,
        32,
        7,
        10,
        111,
        59,
        14,
        40,
        15,
        36,
        1316,
        7,
        66,
        7,
        17,
        18,
        60,
        53,
        25,
        16,
        16,
        177,
        55
      ],
      "intervention_topk": [
        [
          1,
          0.5365853658536586
        ],
        [
          2,
          0.7804878048780488
        ],
        [
          3,
          0.8536585365853658
        ]
      ],
      "intervention_rank_list": [
        0,
        0,
        3,
        1,
        2,
        0,
        0,
        1,
        1,
        0,
        0,
        0,
        0,
        0,
        0,
        2,
        3,
        1,
        2,
        0,
        0,
        0,
        3,
        1,
        0,
        1,
        0,
        3,
        52,
        1,
        0,
        0,
        0,
        0,
        13,
        1,
        1,
        0,
        1,
        0,
        0
      ]
    }
  }
}