{
  "17": {
    "original": {
      "clean_topk": [
        [
          1,
          0.07317073170731707
        ],
        [
          2,
          0.07317073170731707
        ],
        [
          3,
          0.07317073170731707
        ]
      ],
      "clean_rank_list": [
        64,
        11,
        61,
        7,
        12,
        48,
        0,
        23,
        289,
        120,
        66,
        21,
        236,
        171,
        27,
        13,
        0,
        12,
        1316,
        177,
        43,
        0,
        23,
        107,
        572,
        56,
        53,
        11,
        3,
        16,
        21,
        8,
        43,
        25,
        17,
        18,
        14,
        34,
        24,
        47,
        42
      ],
      "intervention_topk": [
        [
          1,
          0.34146341463414637
        ],
        [
          2,
          0.5365853658536586
        ],
        [
          3,
          0.6341463414634146
        ]
      ],
      "intervention_rank_list": [
        4,
        0,
        9,
        0,
        1,
        6,
        0,
        2,
        181,
        58,
        0,
        8,
        1,
        42,
        3,
        1,
        0,
        0,
        561,
        2,
        4,
        0,
        1,
        36,
        782,
        0,
        3,
        0,
        0,
        1,
        1,
        0,
        2,
        0,
        2,
        0,
        1,
        0,
        1,
        20,
        5
      ]
    },
    "centred": {
      "clean_topk": [
        [
          1,
          0.07317073170731707
        ],
        [
          2,
          0.07317073170731707
        ],
        [
          3,
          0.07317073170731707
        ]
      ],
      "clean_rank_list": [
        64,
        11,
        61,
        7,
        12,
        48,
        0,
        23,
        289,
        120,
        66,
        21,
        236,
        171,
        27,
        13,
        0,
        12,
        1316,
        177,
        43,
        0,
        23,
        107,
        572,
        56,
        53,
        11,
        3,
        16,
        21,
        8,
        43,
        25,
        17,
        18,
        14,
        34,
        24,
        47,
        42
      ],
      "intervention_topk": [
        [
          1,
          0.7804878048780488
        ],
        [
          2,
          0.8048780487804879
        ],
        [
          3,
          0.8536585365853658
        ]
      ],
      "intervention_rank_list": [
        2,
        0,
        0,
        0,
        0,
        0,
        0,
        0,
        14,
        7,
        0,
        0,
        0,
        14,
        0,
        0,
        0,
        0,
        56,
        0,
        1,
        0,
        0,
        6,
        263,
        0,
        2,
        0,
        0,
        0,
        0,
        0,
        0,
        0,
        0,
        0,
        0,
        0,
        0,
        0,
        0
      ]
    }
  },
  "18": {
    "original": {
      "clean_topk": [
        [
          1,
          0.07317073170731707
        ],
        [
          2,
          0.07317073170731707
        ],
        [
          3,
          0.07317073170731707
        ]
      ],
      "clean_rank_list": [
        64,
        11,
        61,
        7,
        12,
        48,
        0,
        23,
        289,
        120,
        66,
        21,
        236,
        171,
        27,
        13,
        0,
        12,
        1316,
        177,
        43,
        0,
        23,
        107,
        572,
        56,
        53,
        11,
        3,
        16,
        21,
        8,
        43,
        25,
        17,
        18,
        14,
        34,
        24,
        47,
        42
      ],
      "intervention_topk": [
        [
          1,
          0.1951219512195122
        ],
        [
          2,
          0.4634146341463415
        ],
        [
          3,
          0.6097560975609756
        ]
      ],
      "intervention_rank_list": [
        4,
        0,
        12,
        1,
        2,
        10,
        0,
        2,
        255,
        77,
        1,
        11,
        2,
        46,
        5,
        1,
        0,
        0,
        802,
        4,
        4,
        0,
        2,
        45,
        1008,
        1,
        5,
        0,
        1,
        1,
        1,
        0,
        2,
        0,
        2,
        1,
        1,
        1,
        1,
        32,
        11
      ]
    },
    "centred": {
      "clean_topk": [
        [
          1,
          0.07317073170731707
        ],
        [
          2,
          0.07317073170731707
        ],
        [
          3,
          0.07317073170731707
        ]
      ],
      "clean_rank_list": [
        64,
        11,
        61,
        7,
        12,
        48,
        0,
        23,
        289,
        120,
        66,
        21,
        236,
        171,
        27,
        13,
        0,
        12,
        1316,
        177,
        43,
        0,
        23,
        107,
        572,
        56,
        53,
        11,
        3,
        16,
        21,
        8,
        43,
        25,
        17,
        18,
        14,
        34,
        24,
        47,
        42
      ],
      "intervention_topk": [
        [
          1,
          0.7073170731707317
        ],
        [
          2,
          0.8292682926829268
        ],
        [
          3,
          0.8536585365853658
        ]
      ],
      "intervention_rank_list": [
        2,
        0,
        0,
        0,
        0,
        0,
        0,
        0,
        22,
        28,
        0,
        0,
        1,
        16,
        0,
        0,
        0,
        0,
        173,
        0,
        1,
        0,
        0,
        16,
        269,
        0,
        1,
        0,
        0,
        1,
        0,
        0,
        0,
        0,
        0,
        0,
        1,
        0,
        0,
        0,
        0
      ]
    }
  }
}