{
  "12": {
    "original": {
      "clean_topk": [
        [
          1,
          0.006578947368421052
        ],
        [
          2,
          0.1118421052631579
        ],
        [
          3,
          0.15789473684210525
        ]
      ],
      "clean_rank_list": [
        58,
        10,
        14,
        2,
        23,
        10,
        39,
        227,
        1,
        12,
        46,
        80,
        129,
        484,
        4,
        184,
        1,
        37,
        1,
        244,
        11,
        33,
        20,
        1787,
        219,
        7,
        113,
        2,
        13,
        1,
        303,
        352,
        110,
        19,
        1,
        22,
        5,
        3,
        6,
        193,
        99,
        1,
        199,
        50,
        73,
        1,
        65,
        20,
        107,
        47,
        69,
        20,
        4,
        6,
        13,
        140,
        5,
        4,
        284,
        350,
        3,
        1,
        55,
        16,
        1,
        18,
        27,
        287,
        1015,
        55,
        33,
        2589,
        7,
        78,
        1,
        130,
        2,
        21,
        1,
        8,
        560,
        11,
        12,
        9210,
        515,
        75,
        255,
        0,
        2,
        8647,
        916,
        3,
        1,
        3152,
        10,
        17,
        5,
        620,
        18,
        153,
        1,
        313,
        36,
        6,
        40,
        36,
        4,
        3,
        18,
        2,
        43,
        31,
        16,
        14,
        50,
        179,
        2,
        128,
        22,
        15,
        15,
        1,
        8143,
        2,
        38,
        27,
        90,
        2,
        6,
        18,
        1,
        712,
        20,
        370,
        79,
        3,
        11,
        12,
        52,
        1,
        1,
        1,
        11,
        132,
        3,
        30,
        246,
        1,
        1,
        1,
        6,
        3,
        1,
        3666,
        26,
        15,
        69,
        1,
        4,
        7,
        19,
        273,
        15,
        23,
        3688,
        7,
        5,
        225,
        32,
        795,
        178,
        17,
        15,
        3315,
        1,
        35,
        10,
        13,
        51,
        310,
        48,
        17,
        258,
        191,
        2,
        2,
        191,
        5,
        111,
        164,
        4,
        17,
        10,
        6,
        70,
        51,
        5,
        0,
        71,
        24,
        4,
        125,
        47,
        8,
        3,
        5465,
        6,
        3,
        142,
        45,
        1,
        25,
        11,
        23,
        1,
        15,
        8,
        2,
        149,
        14,
        54,
        1,
        852,
        20,
        95,
        56,
        14,
        268,
        35,
        1384,
        18,
        205,
        471,
        5754,
        26,
        58,
        23,
        318,
        22,
        427,
        7,
        179,
        78,
        3,
        71,
        69,
        11,
        668,
        101,
        112,
        1158,
        53,
        11,
        13,
        3,
        51,
        61,
        11,
        10,
        2,
        3,
        35,
        10,
        7,
        30,
        18,
        3,
        1,
        33,
        465,
        15,
        152,
        50,
        8,
        764,
        179,
        93,
        343,
        3916,
        1,
        1,
        1,
        2,
        1153,
        16,
        59,
        4,
        1,
        9,
        264,
        40,
        62,
        18,
        41,
        8,
        16,
        17,
        5,
        2,
        47,
        85,
        452,
        108,
        3
      ],
      "intervention_topk": [
        [
          1,
          0.22039473684210525
        ],
        [
          2,
          0.6118421052631579
        ],
        [
          3,
          0.7105263157894737
        ]
      ],
      "intervention_rank_list": [
        5,
        1,
        1,
        2,
        1,
        1,
        2,
        15,
        1,
        1,
        2,
        6,
        21,
        33,
        0,
        23,
        0,
        1,
        0,
        8,
        0,
        1,
        1,
        111,
        9,
        1,
        1,
        1,
        1,
        0,
        22,
        15,
        1,
        1,
        0,
        1,
        1,
        1,
        1,
        8,
        8,
        0,
        11,
        2,
        1,
        0,
        3,
        1,
        1,
        2,
        2,
        1,
        1,
        2,
        1,
        1,
        1,
        1,
        40,
        12,
        1,
        1,
        2,
        1,
        0,
        2,
        2,
        2,
        123,
        1,
        7,
        210,
        0,
        12,
        0,
        1,
        0,
        0,
        0,
        1,
        70,
        0,
        1,
        1091,
        38,
        2,
        9,
        0,
        0,
        1189,
        55,
        0,
        1,
        425,
        1,
        3,
        0,
        55,
        1,
        1,
        0,
        47,
        2,
        1,
        2,
        2,
        0,
        0,
        1,
        0,
        1,
        1,
        1,
        1,
        6,
        1,
        1,
        2,
        0,
        2,
        0,
        0,
        1433,
        0,
        1,
        1,
        6,
        1,
        1,
        1,
        0,
        162,
        0,
        4,
        1,
        1,
        0,
        1,
        2,
        0,
        1,
        0,
        1,
        33,
        1,
        1,
        21,
        1,
        0,
        0,
        1,
        0,
        0,
        205,
        3,
        1,
        4,
        2,
        1,
        1,
        1,
        5,
        1,
        1,
        165,
        0,
        1,
        5,
        1,
        33,
        36,
        3,
        1,
        58,
        0,
        1,
        2,
        1,
        2,
        9,
        1,
        1,
        14,
        12,
        1,
        0,
        2,
        2,
        5,
        4,
        0,
        1,
        1,
        1,
        33,
        1,
        1,
        0,
        1,
        1,
        1,
        3,
        1,
        0,
        1,
        622,
        0,
        1,
        13,
        2,
        0,
        1,
        0,
        1,
        0,
        0,
        1,
        1,
        8,
        1,
        1,
        0,
        193,
        0,
        12,
        1,
        1,
        13,
        3,
        29,
        0,
        102,
        22,
        975,
        1,
        1,
        1,
        15,
        0,
        66,
        0,
        12,
        4,
        1,
        2,
        2,
        0,
        114,
        6,
        5,
        5,
        2,
        1,
        1,
        0,
        1,
        1,
        1,
        1,
        0,
        0,
        2,
        1,
        1,
        3,
        1,
        1,
        0,
        1,
        3,
        0,
        8,
        1,
        0,
        18,
        4,
        23,
        6,
        814,
        1,
        0,
        0,
        0,
        78,
        1,
        5,
        0,
        0,
        0,
        25,
        1,
        1,
        1,
        1,
        1,
        1,
        2,
        1,
        0,
        2,
        3,
        11,
        7,
        0
      ]
    },
    "centred": {
      "clean_topk": [
        [
          1,
          0.006578947368421052
        ],
        [
          2,
          0.1118421052631579
        ],
        [
          3,
          0.15789473684210525
        ]
      ],