{
  "12": {
    "original": {
      "clean_topk": [
        [
          1,
          0.016181229773462782
        ],
        [
          2,
          0.12297734627831715
        ],
        [
          3,
          0.17475728155339806
        ]
      ],
      "clean_rank_list": [
        2,
        1,
        1,
        12,
        258,
        11,
        18,
        944,
        11,
        6,
        1,
        21,
        23,
        264,
        75,
        7,
        137,
        40,
        1,
        23,
        3991,
        4,
        5,
        6,
        1153,
        11,
        10,
        40,
        2,
        15,
        6,
        39,
        113,
        2,
        47,
        1,
        312,
        6,
        51,
        3,
        3,
        14,
        28,
        78,
        77,
        1,
        40,
        6,
        6076,
        75,
        276,
        4,
        2,
        0,
        45,
        38,
        1,
        13,
        32,
        61,
        21,
        6,
        2,
        488,
        62,
        13,
        122,
        7,
        1,
        125,
        221,
        5,
        4,
        541,
        2,
        1,
        3,
        65,
        1,
        199,
        14,
        12,
        256,
        3,
        16,
        104,
        18,
        473,
        1,
        283,
        11,
        6,
        8,
        11,
        72,
        1,
        153,
        200,
        16,
        1,
        10,
        20,
        105,
        175,
        82,
        46,
        17,
        69,
        251,
        1,
        286,
        25,
        1,
        37,
        1,
        49,
        1,
        9,
        18,
        15,
        4,
        1,
        10,
        16,
        34,
        15,
        52,
        1979,
        10,
        9,
        17,
        23,
        11,
        38,
        1,
        4,
        1,
        1,
        2,
        1,
        22,
        3,
        248,
        260,
        396,
        8,
        738,
        1,
        1,
        7,
        93,
        20,
        179,
        28,
        2,
        54,
        9,
        1,
        4,
        2,
        279,
        4,
        5,
        20,
        48,
        81,
        5,
        16,
        18,
        0,
        95,
        4,
        44,
        27,
        140,
        26,
        13,
        92,
        27,
        1,
        183,
        418,
        2,
        6,
        10,
        0,
        1,
        9,
        27,
        337,
        28,
        515,
        33,
        2,
        16,
        2,
        387,
        115,
        58,
        4,
        1,
        3315,
        36,
        2746,
        8,
        19,
        1,
        0,
        40,
        3,
        569,
        51,
        18,
        89,
        27,
        0,
        108,
        4,
        243,
        137,
        155,
        7,
        1,
        2251,
        16,
        1,
        20,
        457,
        3,
        9,
        148,
        38,
        637,
        113,
        41,
        61,
        44,
        189,
        304,
        2,
        43,
        41,
        155,
        64,
        12,
        57,
        178,
        118,
        54,
        6565,
        80,
        204,
        11,
        25,
        26,
        136,
        41,
        110,
        7,
        107,
        32,
        8,
        3,
        85,
        73,
        1393,
        2,
        312,
        144,
        3,
        1203,
        227,
        123,
        4,
        3,
        2,
        8,
        10,
        3,
        36,
        50,
        107,
        50,
        27,
        4,
        140,
        13,
        20,
        23,
        12,
        1,
        1853,
        25,
        192,
        13,
        62,
        764,
        378,
        2,
        7,
        15,
        21,
        9,
        1703,
        87,
        1,
        3152,
        40,
        10
      ],
      "intervention_topk": [
        [
          1,
          0.20711974110032363
        ],
        [
          2,
          0.6084142394822006
        ],
        [
          3,
          0.7119741100323624
        ]
      ],
      "intervention_rank_list": [
        0,
        0,
        1,
        1,
        14,
        0,
        2,
        227,
        1,
        1,
        0,
        3,
        2,
        11,
        8,
        0,
        1,
        2,
        0,
        1,
        447,
        1,
        1,
        1,
        78,
        2,
        0,
        2,
        0,
        0,
        0,
        1,
        8,
        0,
        1,
        0,
        7,
        1,
        1,
        0,
        1,
        1,
        2,
        12,
        9,
        1,
        6,
        1,
        815,
        1,
        27,
        1,
        1,
        0,
        2,
        1,
        0,
        3,
        1,
        1,
        3,
        2,
        0,
        41,
        4,
        2,
        2,
        0,
        0,
        1,
        13,
        1,
        0,
        31,
        1,
        0,
        1,
        3,
        0,
        2,
        2,
        1,
        12,
        1,
        1,
        4,
        2,
        97,
        0,
        2,
        0,
        0,
        1,
        1,
        7,
        0,
        1,
        1,
        1,
        0,
        1,
        0,
        2,
        19,
        28,
        1,
        2,
        2,
        18,
        0,
        3,
        1,
        1,
        0,
        1,
        1,
        0,
        1,
        1,
        1,
        1,
        1,
        0,
        1,
        6,
        2,
        4,
        282,
        1,
        2,
        1,
        1,
        1,
        2,
        1,
        0,
        1,
        0,
        1,
        0,
        1,
        1,
        5,
        11,
        5,
        2,
        47,
        0,
        0,
        0,
        24,
        1,
        1,
        1,
        0,
        8,
        1,
        0,
        1,
        0,
        6,
        0,
        0,
        1,
        12,
        3,
        1,
        1,
        1,
        0,
        5,
        1,
        3,
        6,
        1,
        1,
        1,
        5,
        2,
        0,
        15,
        39,
        1,
        1,
        1,
        0,
        0,
        1,
        5,
        6,
        2,
        39,
        1,
        0,
        1,
        1,
        46,
        4,
        4,
        1,
        1,
        61,
        0,
        240,
        1,
        1,
        0,
        0,
        2,
        1,
        77,
        1,
        1,
        1,
        4,
        0,
        8,
        1,
        3,
        6,
        1,
        1,
        1,
        90,
        1,
        0,
        0,
        17,
        1,
        1,
        5,
        1,
        116,
        2,
        2,
        1,
        1,
        14,
        6,
        1,
        2,
        5,
        1,
        4,
        1,
        1,
        10,
        1,
        1,
        1071,
        6,
        2,
        0,
        2,
        1,
        1,
        1,
        8,
        1,
        1,
        2,
        1,
        0,
        3,
        1,
        53,
        0,
        6,
        8,
        0,
        140,
        16,
        16,
        1,
        0,
        0,
        1,
        1,
        1,
        2,
        2,
        5,
        1,
        1,
        0,
        19,
        1,
        1,
        1,
        1,
        0,
        51,
        1,
        3,
        1,
        17,
        18,
        15,
        0,
        1,
        1,
        0,
        1,
        482,
        4,
        0,
        427,
        1,
        1
      ]
    },
    "centred": {
      "clean_topk": [
        [
          1,
          0.016181229773462782
        ],
        [
          2,
          0.12297734627831715
        ],
        [
          3,
          0.17475728155339806
        ]
      ],