{
  "14": {
    "original": {
      "clean_topk": [
        [
          1,
          0.03389830508474576
        ],
        [
          2,
          0.03389830508474576
        ],
        [
          3,
          0.03389830508474576
        ]
      ],
      "clean_rank_list": [
        52,
        232,
        13,
        593,
        133,
        2645,
        137,
        0,
        58,
        67,
        394,
        12,
        226,
        209,
        58,
        111,
        925,
        80,
        339,
        32,
        53,
        21,
        80,
        0,
        10,
        492,
        3963,
        181,
        85,
        81,
        178,
        26,
        114,
        44,
        348,
        241,
        18,
        212,
        88,
        201,
        287,
        46,
        628,
        51,
        206,
        177,
        9,
        81,
        1261,
        24,
        143,
        7,
        212,
        913,
        59,
        44,
        169,
        314,
        25
      ],
      "intervention_topk": [
        [
          1,
          0.0847457627118644
        ],
        [
          2,
          0.8813559322033898
        ],
        [
          3,
          0.9322033898305084
        ]
      ],
      "intervention_rank_list": [
        1,
        1,
        1,
        1,
        1,
        3,
        1,
        0,
        2,
        1,
        1,
        1,
        0,
        1,
        1,
        1,
        1,
        1,
        2,
        1,
        1,
        1,
        1,
        0,
        1,
        1,
        36,
        1,
        1,
        1,
        1,
        1,
        1,
        1,
        1,
        1,
        1,
        1,
        1,
        1,
        1,
        1,
        1,
        1,
        2,
        1,
        0,
        1,
        4,
        0,
        1,
        1,
        1,
        8,
        1,
        1,
        1,
        1,
        1
      ]
    },
    "centred": {
      "clean_topk": [
        [
          1,
          0.03389830508474576
        ],
        [
          2,
          0.03389830508474576
        ],
        [
          3,
          0.03389830508474576
        ]
      ],
      "clean_rank_list": [
        52,
        232,
        13,
        593,
        133,
        2645,
        137,
        0,
        58,
        67,
        394,
        12,
        226,
        209,
        58,
        111,
        925,
        80,
        339,
        32,
        53,
        21,
        80,
        0,
        10,
        492,
        3963,
        181,
        85,
        81,
        178,
        26,
        114,
        44,
        348,
        241,
        18,
        212,
        88,
        201,
        287,
        46,
        628,
        51,
        206,
        177,
        9,
        81,
        1261,
        24,
        143,
        7,
        212,
        913,
        59,
        44,
        169,
        314,
        25
      ],
      "intervention_topk": [
        [
          1,
          0.11864406779661017
        ],
        [
          2,
          0.8983050847457628
        ],
        [
          3,
          0.9322033898305084
        ]
      ],
      "intervention_rank_list": [
        1,
        1,
        1,
        1,
        1,
        3,
        1,
        0,
        1,
        1,
        1,
        0,
        0,
        1,
        1,
        1,
        1,
        1,
        2,
        1,
        1,
        1,
        1,
        0,
        1,
        1,
        34,
        1,
        1,
        1,
        1,
        1,
        1,
        1,
        1,
        1,
        1,
        1,
        1,
        1,
        1,
        1,
        1,
        0,
        2,
        1,
        1,
        1,
        3,
        0,
        0,
        1,
        1,
        7,
        1,
        1,
        1,
        1,
        1
      ]
    }
  },
  "15": {
    "original": {
      "clean_topk": [
        [
          1,
          0.03389830508474576
        ],
        [
          2,
          0.03389830508474576
        ],
        [
          3,
          0.03389830508474576
        ]
      ],
      "clean_rank_list": [
        52,
        232,
        13,
        593,
        133,
        2645,
        137,
        0,
        58,
        67,
        394,
        12,
        226,
        209,
        58,
        111,
        925,
        80,
        339,
        32,
        53,
        21,
        80,
        0,
        10,
        492,
        3963,
        181,
        85,
        81,
        178,
        26,
        114,
        44,
        348,
        241,
        18,
        212,
        88,
        201,
        287,
        46,
        628,
        51,
        206,
        177,
        9,
        81,
        1261,
        24,
        143,
        7,
        212,
        913,
        59,
        44,
        169,
        314,
        25
      ],
      "intervention_topk": [
        [
          1,
          0.22033898305084745
        ],
        [
          2,
          0.9322033898305084
        ],
        [
          3,
          0.9491525423728814
        ]
      ],
      "intervention_rank_list": [
        1,
        1,
        1,
        1,
        1,
        1,
        1,
        0,
        1,
        1,
        0,
        0,
        0,
        1,
        1,
        1,
        1,
        1,
        1,
        1,
        1,
        1,
        1,
        0,
        1,
        1,
        19,
        0,
        0,
        1,
        1,
        1,
        1,
        1,
        1,
        1,
        1,
        1,
        1,
        1,
        1,
        1,
        1,
        0,
        2,
        0,
        0,
        1,
        5,
        0,
        0,
        1,
        1,
        6,
        0,
        1,
        1,
        1,
        1
      ]
    },
    "centred": {
      "clean_topk": [
        [
          1,
          0.03389830508474576
        ],
        [
          2,
          0.03389830508474576
        ],
        [
          3,
          0.03389830508474576
        ]
      ],
      "clean_rank_list": [
        52,
        232,
        13,
        593,
        133,
        2645,
        137,
        0,
        58,
        67,
        394,
        12,
        226,
        209,
        58,
        111,
        925,
        80,
        339,
        32,
        53,
        21,
        80,
        0,
        10,
        492,
        3963,
        181,
        85,
        81,
        178,
        26,
        114,
        44,
        348,
        241,
        18,
        212,
        88,
        201,
        287,
        46,
        628,
        51,
        206,
        177,
        9,
        81,
        1261,
        24,
        143,
        7,
        212,
        913,
        59,
        44,
        169,
        314,
        25
      ],
      "intervention_topk": [
        [
          1,
          0.23728813559322035
        ],
        [
          2,
          0.9322033898305084
        ],
        [
          3,
          0.9661016949152542
        ]
      ],
      "intervention_rank_list": [
        1,
        1,
        1,
        1,
        1,
        1,
        1,
        0,
        1,
        1,
        1,
        0,
        0,
        1,
        1,
        0,
        1,
        1,
        1,
        1,
        1,
        1,
        1,
        0,
        1,
        1,
        8,
        0,
        1,
        1,
        1,
        1,
        0,
        1,
        1,
        1,
        1,
        1,
        1,
        1,
        1,
        1,
        1,
        0,
        2,
        0,
        0,
        1,
        2,
        0,
        0,
        0,
        0,
        4,
        1,
        1,
        1,
        1,
        1
      ]
    }
  },