{
  "14": {
    "original": {
      "clean_topk": [
        [
          1,
          0.01694915254237288
        ],
        [
          2,
          0.01694915254237288
        ],
        [
          3,
          0.01694915254237288
        ]
      ],
      "clean_rank_list": [
        208,
        61,
        0,
        108,
        339,
        22,
        6,
        44,
        8,
        181,
        94,
        169,
        269,
        4,
        58,
        143,
        16,
        74,
        2954,
        59,
        137,
        32,
        19,
        913,
        242,
        14,
        18,
        628,
        22,
        13,
        30,
        120,
        33,
        201,
        32,
        80,
        274,
        60,
        425,
        12,
        9,
        232,
        50,
        8,
        7,
        1959,
        55,
        71,
        135,
        187,
        271,
        11,
        394,
        40,
        28,
        45,
        285,
        505,
        115
      ],
      "intervention_topk": [
        [
          1,
          0.1694915254237288
        ],
        [
          2,
          0.8813559322033898
        ],
        [
          3,
          0.9322033898305084
        ]
      ],
      "intervention_rank_list": [
        1,
        1,
        0,
        1,
        1,
        1,
        1,
        1,
        0,
        0,
        1,
        1,
        2,
        0,
        1,
        1,
        1,
        1,
        39,
        1,
        1,
        0,
        1,
        8,
        1,
        1,
        1,
        1,
        1,
        1,
        1,
        1,
        1,
        1,
        1,
        1,
        2,
        0,
        1,
        1,
        0,
        1,
        1,
        1,
        1,
        11,
        1,
        1,
        1,
        1,
        1,
        0,
        0,
        2,
        0,
        1,
        1,
        3,
        1
      ]
    },
    "centred": {
      "clean_topk": [
        [
          1,
          0.01694915254237288
        ],
        [
          2,
          0.01694915254237288
        ],
        [
          3,
          0.01694915254237288
        ]
      ],
      "clean_rank_list": [
        208,
        61,
        0,
        108,
        339,
        22,
        6,
        44,
        8,
        181,
        94,
        169,
        269,
        4,
        58,
        143,
        16,
        74,
        2954,
        59,
        137,
        32,
        19,
        913,
        242,
        14,
        18,
        628,
        22,
        13,
        30,
        120,
        33,
        201,
        32,
        80,
        274,
        60,
        425,
        12,
        9,
        232,
        50,
        8,
        7,
        1959,
        55,
        71,
        135,
        187,
        271,
        11,
        394,
        40,
        28,
        45,
        285,
        505,
        115
      ],
      "intervention_topk": [
        [
          1,
          0.13559322033898305
        ],
        [
          2,
          0.8813559322033898
        ],
        [
          3,
          0.9491525423728814
        ]
      ],
      "intervention_rank_list": [
        1,
        1,
        0,
        1,
        2,
        1,
        1,
        1,
        0,
        1,
        1,
        1,
        2,
        0,
        1,
        0,
        1,
        1,
        49,
        1,
        1,
        0,
        1,
        7,
        1,
        1,
        1,
        1,
        1,
        1,
        1,
        1,
        1,
        1,
        0,
        1,
        2,
        1,
        1,
        0,
        0,
        1,
        1,
        1,
        1,
        11,
        1,
        1,
        1,
        1,
        1,
        1,
        1,
        2,
        1,
        1,
        1,
        1,
        1
      ]
    }
  },
  "15": {
    "original": {
      "clean_topk": [
        [
          1,
          0.01694915254237288
        ],
        [
          2,
          0.01694915254237288
        ],
        [
          3,
          0.01694915254237288
        ]
      ],
      "clean_rank_list": [
        208,
        61,
        0,
        108,
        339,
        22,
        6,
        44,
        8,
        181,
        94,
        169,
        269,
        4,
        58,
        143,
        16,
        74,
        2954,
        59,
        137,
        32,
        19,
        913,
        242,
        14,
        18,
        628,
        22,
        13,
        30,
        120,
        33,
        201,
        32,
        80,
        274,
        60,
        425,
        12,
        9,
        232,
        50,
        8,
        7,
        1959,
        55,
        71,
        135,
        187,
        271,
        11,
        394,
        40,
        28,
        45,
        285,
        505,
        115
      ],
      "intervention_topk": [
        [
          1,
          0.3220338983050847
        ],
        [
          2,
          0.8813559322033898
        ],
        [
          3,
          0.9491525423728814
        ]
      ],
      "intervention_rank_list": [
        1,
        1,
        0,
        1,
        1,
        1,
        0,
        1,
        0,
        0,
        1,
        1,
        2,
        0,
        1,
        0,
        1,
        1,
        25,
        1,
        1,
        0,
        1,
        6,
        1,
        1,
        1,
        1,
        0,
        1,
        0,
        1,
        1,
        1,
        0,
        1,
        2,
        0,
        1,
        0,
        0,
        1,
        0,
        1,
        0,
        7,
        1,
        1,
        1,
        1,
        1,
        0,
        0,
        2,
        0,
        1,
        1,
        2,
        0
      ]
    },
    "centred": {
      "clean_topk": [
        [
          1,
          0.01694915254237288
        ],
        [
          2,
          0.01694915254237288
        ],
        [
          3,
          0.01694915254237288
        ]
      ],
      "clean_rank_list": [
        208,
        61,
        0,
        108,
        339,
        22,
        6,
        44,
        8,
        181,
        94,
        169,
        269,
        4,
        58,
        143,
        16,
        74,
        2954,
        59,
        137,
        32,
        19,
        913,
        242,
        14,
        18,
        628,
        22,
        13,
        30,
        120,
        33,
        201,
        32,
        80,
        274,
        60,
        425,
        12,
        9,
        232,
        50,
        8,
        7,
        1959,
        55,
        71,
        135,
        187,
        271,
        11,
        394,
        40,
        28,
        45,
        285,
        505,
        115
      ],
      "intervention_topk": [
        [
          1,
          0.288135593220339
        ],
        [
          2,
          0.9152542372881356
        ],
        [
          3,
          0.9491525423728814
        ]
      ],
      "intervention_rank_list": [
        1,
        1,
        0,
        1,
        1,
        1,
        1,
        1,
        0,
        0,
        1,
        1,
        1,
        0,
        1,
        0,
        1,
        1,
        10,
        1,
        1,
        0,
        1,
        4,
        1,
        0,
        1,
        1,
        1,
        1,
        0,
        1,
        1,
        1,
        0,
        1,
        2,
        0,
        1,
        0,
        0,
        1,
        1,
        1,
        1,
        4,
        1,
        1,
        1,
        1,
        0,
        0,
        1,
        2,
        0,
        1,
        0,
        1,
        0
      ]
    }
  },
  "16": {
    "original": {
      "clean_topk": [
        [
          1,
          0.01694915254237288
        ],
        [
          2,
          0.01694915254237288
        ],
        [
          3,
          0.01694915254237288
        ]
      ],