{
  "14": {
    "original": {
      "clean_topk": [
        [
          1,
          0.03508771929824561
        ],
        [
          2,
          0.03508771929824561
        ],
        [
          3,
          0.03508771929824561
        ]
      ],
      "clean_rank_list": [
        44,
        73,
        490,
        238,
        0,
        147,
        314,
        8,
        59,
        15,
        549,
        238,
        35,
        134,
        492,
        425,
        406,
        108,
        274,
        182,
        18,
        524,
        27,
        628,
        309,
        10884,
        563,
        593,
        151,
        90,
        211,
        32,
        120,
        100,
        98,
        22,
        246,
        28,
        465,
        206,
        0,
        71,
        18,
        88,
        53,
        30,
        3421,
        94,
        55,
        66,
        394,
        111,
        24,
        76,
        27,
        339,
        4
      ],
      "intervention_topk": [
        [
          1,
          0.15789473684210525
        ],
        [
          2,
          0.8947368421052632
        ],
        [
          3,
          0.9298245614035088
        ]
      ],
      "intervention_rank_list": [
        1,
        1,
        1,
        0,
        0,
        1,
        1,
        1,
        1,
        0,
        3,
        1,
        1,
        1,
        1,
        1,
        1,
        1,
        2,
        1,
        1,
        2,
        0,
        1,
        1,
        77,
        3,
        1,
        1,
        1,
        1,
        0,
        1,
        1,
        1,
        1,
        1,
        0,
        1,
        1,
        0,
        1,
        1,
        1,
        1,
        1,
        4,
        1,
        1,
        1,
        0,
        1,
        1,
        1,
        1,
        1,
        0
      ]
    },
    "centred": {
      "clean_topk": [
        [
          1,
          0.03508771929824561
        ],
        [
          2,
          0.03508771929824561
        ],
        [
          3,
          0.03508771929824561
        ]
      ],
      "clean_rank_list": [
        44,
        73,
        490,
        238,
        0,
        147,
        314,
        8,
        59,
        15,
        549,
        238,
        35,
        134,
        492,
        425,
        406,
        108,
        274,
        182,
        18,
        524,
        27,
        628,
        309,
        10884,
        563,
        593,
        151,
        90,
        211,
        32,
        120,
        100,
        98,
        22,
        246,
        28,
        465,
        206,
        0,
        71,
        18,
        88,
        53,
        30,
        3421,
        94,
        55,
        66,
        394,
        111,
        24,
        76,
        27,
        339,
        4
      ],
      "intervention_topk": [
        [
          1,
          0.08771929824561403
        ],
        [
          2,
          0.8947368421052632
        ],
        [
          3,
          0.9649122807017544
        ]
      ],
      "intervention_rank_list": [
        1,
        1,
        1,
        1,
        0,
        1,
        1,
        1,
        1,
        0,
        2,
        1,
        1,
        1,
        1,
        1,
        1,
        1,
        2,
        1,
        1,
        2,
        1,
        1,
        1,
        262,
        1,
        1,
        1,
        1,
        1,
        0,
        1,
        1,
        1,
        1,
        1,
        1,
        1,
        1,
        0,
        1,
        1,
        1,
        1,
        1,
        9,
        1,
        1,
        1,
        1,
        1,
        1,
        1,
        1,
        2,
        0
      ]
    }
  },
  "15": {
    "original": {
      "clean_topk": [
        [
          1,
          0.03508771929824561
        ],
        [
          2,
          0.03508771929824561
        ],
        [
          3,
          0.03508771929824561
        ]
      ],
      "clean_rank_list": [
        44,
        73,
        490,
        238,
        0,
        147,
        314,
        8,
        59,
        15,
        549,
        238,
        35,
        134,
        492,
        425,
        406,
        108,
        274,
        182,
        18,
        524,
        27,
        628,
        309,
        10884,
        563,
        593,
        151,
        90,
        211,
        32,
        120,
        100,
        98,
        22,
        246,
        28,
        465,
        206,
        0,
        71,
        18,
        88,
        53,
        30,
        3421,
        94,
        55,
        66,
        394,
        111,
        24,
        76,
        27,
        339,
        4
      ],
      "intervention_topk": [
        [
          1,
          0.22807017543859648
        ],
        [
          2,
          0.9298245614035088
        ],
        [
          3,
          0.9824561403508771
        ]
      ],
      "intervention_rank_list": [
        1,
        1,
        1,
        0,
        0,
        0,
        1,
        1,
        1,
        0,
        1,
        1,
        1,
        1,
        1,
        1,
        1,
        1,
        2,
        1,
        1,
        2,
        0,
        1,
        1,
        33,
        1,
        1,
        1,
        1,
        1,
        0,
        1,
        1,
        1,
        0,
        1,
        0,
        1,
        1,
        0,
        1,
        1,
        1,
        1,
        0,
        2,
        1,
        1,
        1,
        0,
        1,
        1,
        0,
        1,
        1,
        0
      ]
    },
    "centred": {
      "clean_topk": [
        [
          1,
          0.03508771929824561
        ],
        [
          2,
          0.03508771929824561
        ],
        [
          3,
          0.03508771929824561
        ]
      ],
      "clean_rank_list": [
        44,
        73,
        490,
        238,
        0,
        147,
        314,
        8,
        59,
        15,
        549,
        238,
        35,
        134,
        492,
        425,
        406,
        108,
        274,
        182,
        18,
        524,
        27,
        628,
        309,
        10884,
        563,
        593,
        151,
        90,
        211,
        32,
        120,
        100,
        98,
        22,
        246,
        28,
        465,
        206,
        0,
        71,
        18,
        88,
        53,
        30,
        3421,
        94,
        55,
        66,
        394,
        111,
        24,
        76,
        27,
        339,
        4
      ],
      "intervention_topk": [
        [
          1,
          0.22807017543859648
        ],
        [
          2,
          0.9298245614035088
        ],
        [
          3,
          0.9824561403508771
        ]
      ],
      "intervention_rank_list": [
        1,
        1,
        1,
        1,
        0,
        0,
        1,
        1,
        1,
        0,
        1,
        1,
        1,
        1,
        1,
        1,
        1,
        1,
        2,
        1,
        1,
        2,
        0,
        1,
        1,
        38,
        0,
        1,
        1,
        1,
        1,
        0,
        1,
        0,
        1,
        1,
        0,
        0,
        1,
        1,
        0,
        1,
        1,
        1,
        1,
        0,
        2,
        1,
        1,
        1,
        1,
        0,
        1,
        1,
        1,
        1,
        0
      ]
    }
  },
  "16": {
    "original": {
      "clean_topk": [
        [
          1,
          0.03508771929824561
        ],
        [
          2,
          0.03508771929824561
        ],
        [
          3,
          0.03508771929824561
        ]
      ],