{
  "8": {
    "original": {
      "clean_topk": [
        [
          1,
          0.34705882352941175
        ],
        [
          2,
          0.6
        ],
        [
          3,
          0.7294117647058823
        ]
      ],
      "clean_rank_list": [
        2,
        5,
        5,
        1,
        1,
        0,
        11,
        0,
        0,
        0,
        0,
        0,
        5,
        30,
        1,
        0,
        8,
        0,
        2,
        3,
        0,
        0,
        2,
        1,
        2,
        5,
        0,
        1,
        1,
        13,
        4,
        0,
        2,
        4,
        2,
        2,
        3,
        0,
        0,
        0,
        0,
        1,
        0,
        5,
        0,
        0,
        3,
        0,
        0,
        3,
        0,
        0,
        0,
        0,
        4,
        0,
        1,
        0,
        0,
        5,
        0,
        7,
        0,
        1,
        2,
        0,
        0,
        1,
        5,
        1,
        0,
        6,
        1,
        1,
        1,
        1,
        1,
        19,
        0,
        4,
        0,
        3,
        1,
        1,
        1,
        0,
        2,
        3,
        4,
        2,
        5,
        1,
        14,
        1,
        1,
        1,
        1,
        7,
        1,
        0,
        0,
        4,
        1,
        16,
        2,
        1,
        0,
        5,
        9,
        1,
        0,
        0,
        0,
        2,
        3,
        0,
        0,
        0,
        1,
        1,
        2,
        5,
        4,
        3,
        1,
        4,
        1,
        3,
        0,
        0,
        2,
        0,
        0,
        8,
        4,
        0,
        0,
        0,
        4,
        2,
        0,
        0,
        1,
        2,
        4,
        1,
        1,
        3,
        0,
        2,
        2,
        1,
        1,
        1,
        1,
        2,
        3,
        2,
        3,
        0,
        1,
        0,
        2,
        2,
        1,
        3,
        0,
        1,
        0,
        1
      ],
      "intervention_topk": [
        [
          1,
          0.0
        ],
        [
          2,
          0.3764705882352941
        ],
        [
          3,
          0.611764705882353
        ]
      ],
      "intervention_rank_list": [
        2,
        5,
        4,
        1,
        3,
        2,
        3,
        1,
        1,
        1,
        1,
        1,
        4,
        51,
        2,
        1,
        21,
        1,
        3,
        6,
        2,
        1,
        3,
        2,
        3,
        5,
        1,
        2,
        2,
        5,
        8,
        1,
        3,
        4,
        4,
        2,
        7,
        1,
        2,
        1,
        1,
        2,
        1,
        6,
        1,
        1,
        3,
        2,
        1,
        1,
        2,
        1,
        1,
        2,
        7,
        1,
        2,
        1,
        2,
        5,
        2,
        5,
        3,
        2,
        2,
        1,
        1,
        3,
        5,
        1,
        1,
        5,
        2,
        1,
        2,
        4,
        2,
        4,
        1,
        4,
        1,
        1,
        1,
        2,
        3,
        1,
        2,
        5,
        7,
        2,
        6,
        1,
        7,
        1,
        2,
        4,
        2,
        4,
        1,
        1,
        1,
        6,
        3,
        34,
        6,
        2,
        1,
        5,
        14,
        1,
        2,
        1,
        1,
        4,
        2,
        1,
        1,
        1,
        1,
        4,
        3,
        5,
        5,
        4,
        2,
        8,
        2,
        4,
        1,
        1,
        3,
        1,
        1,
        3,
        10,
        1,
        1,
        2,
        5,
        2,
        1,
        1,
        2,
        5,
        5,
        1,
        1,
        2,
        1,
        3,
        2,
        3,
        2,
        1,
        1,
        5,
        4,
        3,
        4,
        2,
        2,
        1,
        1,
        4,
        1,
        3,
        1,
        3,
        2,
        1
      ]
    },
    "centred": {
      "clean_topk": [
        [
          1,
          0.34705882352941175
        ],
        [
          2,
          0.6
        ],
        [
          3,
          0.7294117647058823
        ]
      ],
      "clean_rank_list": [
        2,
        5,
        5,
        1,
        1,
        0,
        11,
        0,
        0,
        0,
        0,
        0,
        5,
        30,
        1,
        0,
        8,
        0,
        2,
        3,
        0,
        0,
        2,
        1,
        2,
        5,
        0,
        1,
        1,
        13,
        4,
        0,
        2,
        4,
        2,
        2,
        3,
        0,
        0,
        0,
        0,
        1,
        0,
        5,
        0,
        0,
        3,
        0,
        0,
        3,
        0,
        0,
        0,
        0,
        4,
        0,
        1,
        0,
        0,
        5,
        0,
        7,
        0,
        1,
        2,
        0,
        0,
        1,
        5,
        1,
        0,
        6,
        1,
        1,
        1,
        1,
        1,
        19,
        0,
        4,
        0,
        3,
        1,
        1,
        1,
        0,
        2,
        3,
        4,
        2,
        5,
        1,
        14,
        1,
        1,
        1,
        1,
        7,
        1,
        0,
        0,
        4,
        1,
        16,
        2,
        1,
        0,
        5,
        9,
        1,
        0,
        0,
        0,
        2,
        3,
        0,
        0,
        0,
        1,
        1,
        2,
        5,
        4,
        3,
        1,
        4,
        1,
        3,
        0,
        0,
        2,
        0,
        0,
        8,
        4,
        0,
        0,
        0,
        4,
        2,
        0,
        0,
        1,
        2,
        4,
        1,
        1,
        3,
        0,
        2,
        2,
        1,
        1,
        1,
        1,
        2,
        3,
        2,
        3,
        0,
        1,
        0,
        2,
        2,
        1,
        3,
        0,
        1,
        0,
        1
      ],
      "intervention_topk": [
        [
          1,
          0.0
        ],
        [
          2,
          0.5117647058823529
        ],
        [
          3,
          0.7
        ]
      ],