{
  "8": {
    "original": {
      "clean_topk": [
        [
          1,
          0.36470588235294116
        ],
        [
          2,
          0.6176470588235294
        ],
        [
          3,
          0.7529411764705882
        ]
      ],
      "clean_rank_list": [
        3,
        7,
        10,
        1,
        0,
        0,
        0,
        2,
        4,
        1,
        1,
        0,
        1,
        0,
        0,
        0,
        1,
        1,
        0,
        8,
        0,
        4,
        1,
        0,
        2,
        1,
        2,
        0,
        1,
        5,
        4,
        1,
        0,
        0,
        0,
        1,
        2,
        2,
        0,
        0,
        7,
        0,
        2,
        0,
        1,
        0,
        1,
        6,
        0,
        0,
        4,
        0,
        3,
        1,
        0,
        2,
        8,
        0,
        2,
        1,
        0,
        16,
        0,
        1,
        2,
        0,
        1,
        0,
        1,
        1,
        0,
        3,
        1,
        13,
        0,
        2,
        0,
        1,
        12,
        11,
        3,
        4,
        2,
        29,
        0,
        1,
        1,
        0,
        1,
        1,
        3,
        1,
        2,
        1,
        0,
        1,
        3,
        5,
        2,
        0,
        1,
        0,
        2,
        0,
        2,
        8,
        0,
        1,
        0,
        0,
        2,
        3,
        2,
        0,
        1,
        0,
        5,
        1,
        0,
        1,
        0,
        0,
        5,
        2,
        1,
        8,
        1,
        1,
        0,
        0,
        6,
        5,
        0,
        0,
        0,
        0,
        4,
        1,
        0,
        0,
        3,
        1,
        0,
        2,
        3,
        0,
        1,
        4,
        1,
        3,
        5,
        2,
        4,
        2,
        2,
        4,
        0,
        1,
        3,
        1,
        1,
        0,
        0,
        5,
        3,
        0,
        0,
        0,
        0,
        2
      ],
      "intervention_topk": [
        [
          1,
          0.0058823529411764705
        ],
        [
          2,
          0.38823529411764707
        ],
        [
          3,
          0.6352941176470588
        ]
      ],
      "intervention_rank_list": [
        5,
        5,
        7,
        3,
        1,
        2,
        0,
        3,
        5,
        2,
        2,
        1,
        3,
        1,
        1,
        1,
        2,
        2,
        1,
        4,
        1,
        5,
        1,
        1,
        2,
        2,
        2,
        1,
        2,
        3,
        5,
        4,
        1,
        1,
        1,
        1,
        4,
        3,
        1,
        1,
        4,
        2,
        2,
        2,
        1,
        1,
        1,
        10,
        1,
        1,
        6,
        1,
        2,
        1,
        2,
        3,
        21,
        1,
        3,
        3,
        1,
        33,
        1,
        1,
        2,
        1,
        1,
        1,
        2,
        6,
        1,
        5,
        3,
        5,
        1,
        2,
        1,
        2,
        11,
        11,
        3,
        6,
        3,
        28,
        1,
        1,
        4,
        2,
        1,
        1,
        3,
        1,
        1,
        2,
        1,
        2,
        4,
        7,
        2,
        1,
        2,
        1,
        3,
        1,
        2,
        8,
        2,
        1,
        1,
        1,
        3,
        4,
        1,
        2,
        1,
        2,
        4,
        2,
        1,
        2,
        2,
        1,
        4,
        3,
        1,
        9,
        3,
        2,
        1,
        1,
        5,
        5,
        2,
        2,
        2,
        1,
        3,
        2,
        1,
        1,
        3,
        2,
        1,
        5,
        4,
        1,
        2,
        6,
        1,
        9,
        5,
        2,
        7,
        3,
        3,
        4,
        2,
        1,
        2,
        4,
        2,
        1,
        1,
        6,
        4,
        1,
        2,
        1,
        1,
        3
      ]
    },
    "centred": {
      "clean_topk": [
        [
          1,
          0.36470588235294116
        ],
        [
          2,
          0.6176470588235294
        ],
        [
          3,
          0.7529411764705882
        ]
      ],
      "clean_rank_list": [
        3,
        7,
        10,
        1,
        0,
        0,
        0,
        2,
        4,
        1,
        1,
        0,
        1,
        0,
        0,
        0,
        1,
        1,
        0,
        8,
        0,
        4,
        1,
        0,
        2,
        1,
        2,
        0,
        1,
        5,
        4,
        1,
        0,
        0,
        0,
        1,
        2,
        2,
        0,
        0,
        7,
        0,
        2,
        0,
        1,
        0,
        1,
        6,
        0,
        0,
        4,
        0,
        3,
        1,
        0,
        2,
        8,
        0,
        2,
        1,
        0,
        16,
        0,
        1,
        2,
        0,
        1,
        0,
        1,
        1,
        0,
        3,
        1,
        13,
        0,
        2,
        0,
        1,
        12,
        11,
        3,
        4,
        2,
        29,
        0,
        1,
        1,
        0,
        1,
        1,
        3,
        1,
        2,
        1,
        0,
        1,
        3,
        5,
        2,
        0,
        1,
        0,
        2,
        0,
        2,
        8,
        0,
        1,
        0,
        0,
        2,
        3,
        2,
        0,
        1,
        0,
        5,
        1,
        0,
        1,
        0,
        0,
        5,
        2,
        1,
        8,
        1,
        1,
        0,
        0,
        6,
        5,
        0,
        0,
        0,
        0,
        4,
        1,
        0,
        0,
        3,
        1,
        0,
        2,
        3,
        0,
        1,
        4,
        1,
        3,
        5,
        2,
        4,
        2,
        2,
        4,
        0,
        1,
        3,
        1,
        1,
        0,
        0,
        5,
        3,
        0,
        0,
        0,
        0,
        2
      ],
      "intervention_topk": [
        [
          1,
          0.0
        ],
        [
          2,
          0.5176470588235295
        ],
        [
          3,
          0.6823529411764706
        ]
      ],