{
  "8": {
    "original": {
      "clean_topk": [
        [
          1,
          0.3764705882352941
        ],
        [
          2,
          0.5882352941176471
        ],
        [
          3,
          0.7588235294117647
        ]
      ],
      "clean_rank_list": [
        2,
        0,
        0,
        0,
        0,
        2,
        1,
        1,
        3,
        1,
        2,
        0,
        1,
        3,
        0,
        1,
        0,
        0,
        0,
        2,
        2,
        0,
        2,
        3,
        8,
        1,
        2,
        1,
        12,
        0,
        2,
        0,
        5,
        1,
        0,
        0,
        0,
        4,
        0,
        0,
        2,
        7,
        4,
        4,
        3,
        5,
        1,
        3,
        0,
        2,
        0,
        0,
        7,
        1,
        0,
        1,
        4,
        1,
        0,
        0,
        6,
        0,
        4,
        1,
        6,
        3,
        2,
        0,
        1,
        2,
        0,
        2,
        0,
        5,
        0,
        1,
        2,
        3,
        1,
        1,
        1,
        0,
        1,
        2,
        0,
        1,
        2,
        0,
        3,
        0,
        1,
        2,
        0,
        1,
        13,
        16,
        0,
        0,
        2,
        0,
        1,
        0,
        0,
        0,
        0,
        1,
        0,
        0,
        0,
        1,
        0,
        6,
        0,
        0,
        4,
        1,
        2,
        0,
        0,
        5,
        4,
        2,
        0,
        6,
        1,
        0,
        2,
        0,
        0,
        0,
        3,
        10,
        3,
        0,
        2,
        2,
        3,
        5,
        1,
        8,
        1,
        15,
        2,
        2,
        0,
        3,
        0,
        4,
        2,
        0,
        1,
        3,
        0,
        2,
        2,
        0,
        1,
        1,
        2,
        1,
        1,
        4,
        0,
        3,
        0,
        0,
        0,
        1,
        0,
        1
      ],
      "intervention_topk": [
        [
          1,
          0.011764705882352941
        ],
        [
          2,
          0.3352941176470588
        ],
        [
          3,
          0.5941176470588235
        ]
      ],
      "intervention_rank_list": [
        3,
        1,
        1,
        3,
        2,
        3,
        3,
        1,
        5,
        2,
        2,
        2,
        3,
        1,
        2,
        2,
        0,
        2,
        1,
        4,
        5,
        2,
        2,
        3,
        3,
        1,
        4,
        2,
        11,
        1,
        3,
        1,
        4,
        3,
        1,
        1,
        1,
        2,
        1,
        2,
        2,
        5,
        5,
        5,
        3,
        6,
        2,
        4,
        1,
        3,
        1,
        2,
        5,
        4,
        1,
        3,
        10,
        2,
        1,
        1,
        11,
        1,
        3,
        2,
        4,
        5,
        4,
        1,
        2,
        3,
        1,
        4,
        1,
        5,
        1,
        1,
        3,
        4,
        7,
        4,
        2,
        1,
        4,
        2,
        1,
        2,
        1,
        1,
        3,
        1,
        2,
        1,
        2,
        1,
        5,
        14,
        1,
        1,
        4,
        1,
        2,
        1,
        2,
        2,
        1,
        2,
        1,
        1,
        2,
        2,
        2,
        5,
        1,
        1,
        5,
        2,
        4,
        1,
        1,
        7,
        6,
        2,
        2,
        5,
        2,
        2,
        2,
        3,
        5,
        0,
        4,
        7,
        5,
        1,
        1,
        3,
        3,
        6,
        2,
        4,
        1,
        11,
        2,
        1,
        1,
        3,
        1,
        4,
        3,
        1,
        1,
        2,
        1,
        4,
        6,
        1,
        2,
        1,
        5,
        4,
        2,
        8,
        2,
        11,
        1,
        1,
        5,
        2,
        1,
        2
      ]
    },
    "centred": {
      "clean_topk": [
        [
          1,
          0.3764705882352941
        ],
        [
          2,
          0.5882352941176471
        ],
        [
          3,
          0.7588235294117647
        ]
      ],
      "clean_rank_list": [
        2,
        0,
        0,
        0,
        0,
        2,
        1,
        1,
        3,
        1,
        2,
        0,
        1,
        3,
        0,
        1,
        0,
        0,
        0,
        2,
        2,
        0,
        2,
        3,
        8,
        1,
        2,
        1,
        12,
        0,
        2,
        0,
        5,
        1,
        0,
        0,
        0,
        4,
        0,
        0,
        2,
        7,
        4,
        4,
        3,
        5,
        1,
        3,
        0,
        2,
        0,
        0,
        7,
        1,
        0,
        1,
        4,
        1,
        0,
        0,
        6,
        0,
        4,
        1,
        6,
        3,
        2,
        0,
        1,
        2,
        0,
        2,
        0,
        5,
        0,
        1,
        2,
        3,
        1,
        1,
        1,
        0,
        1,
        2,
        0,
        1,
        2,
        0,
        3,
        0,
        1,
        2,
        0,
        1,
        13,
        16,
        0,
        0,
        2,
        0,
        1,
        0,
        0,
        0,
        0,
        1,
        0,
        0,
        0,
        1,
        0,
        6,
        0,
        0,
        4,
        1,
        2,
        0,
        0,
        5,
        4,
        2,
        0,
        6,
        1,
        0,
        2,
        0,
        0,
        0,
        3,
        10,
        3,
        0,
        2,
        2,
        3,
        5,
        1,
        8,
        1,
        15,
        2,
        2,
        0,
        3,
        0,
        4,
        2,
        0,
        1,
        3,
        0,
        2,
        2,
        0,
        1,
        1,
        2,
        1,
        1,
        4,
        0,
        3,
        0,
        0,
        0,
        1,
        0,
        1
      ],
      "intervention_topk": [
        [
          1,
          0.0
        ],
        [
          2,
          0.48823529411764705
        ],
        [
          3,
          0.7058823529411765
        ]
      ],