{
  "8": {
    "original": {
      "clean_topk": [
        [
          1,
          0.38823529411764707
        ],
        [
          2,
          0.6
        ],
        [
          3,
          0.7352941176470589
        ]
      ],
      "clean_rank_list": [
        0,
        2,
        2,
        0,
        3,
        3,
        0,
        0,
        0,
        0,
        1,
        1,
        15,
        1,
        2,
        0,
        0,
        0,
        0,
        6,
        2,
        0,
        0,
        0,
        3,
        0,
        2,
        0,
        3,
        2,
        3,
        2,
        0,
        2,
        1,
        1,
        0,
        0,
        10,
        16,
        3,
        2,
        2,
        0,
        0,
        1,
        6,
        0,
        29,
        3,
        4,
        0,
        1,
        3,
        10,
        2,
        8,
        0,
        1,
        0,
        0,
        0,
        0,
        2,
        1,
        0,
        0,
        5,
        0,
        0,
        4,
        4,
        2,
        6,
        0,
        0,
        0,
        0,
        3,
        3,
        0,
        14,
        0,
        4,
        1,
        1,
        3,
        1,
        1,
        2,
        1,
        6,
        1,
        1,
        4,
        4,
        1,
        1,
        0,
        1,
        0,
        0,
        0,
        0,
        3,
        3,
        1,
        3,
        7,
        0,
        1,
        3,
        0,
        1,
        5,
        0,
        0,
        1,
        1,
        10,
        0,
        1,
        3,
        0,
        0,
        0,
        0,
        1,
        0,
        2,
        0,
        5,
        1,
        0,
        1,
        0,
        0,
        1,
        2,
        2,
        5,
        2,
        2,
        3,
        0,
        2,
        1,
        0,
        0,
        0,
        1,
        3,
        1,
        2,
        3,
        1,
        0,
        1,
        4,
        0,
        0,
        0,
        2,
        0,
        5,
        2,
        1,
        1,
        0,
        3
      ],
      "intervention_topk": [
        [
          1,
          0.023529411764705882
        ],
        [
          2,
          0.4117647058823529
        ],
        [
          3,
          0.5882352941176471
        ]
      ],
      "intervention_rank_list": [
        5,
        1,
        2,
        1,
        5,
        4,
        2,
        1,
        1,
        1,
        1,
        1,
        11,
        1,
        3,
        0,
        1,
        1,
        1,
        7,
        5,
        2,
        0,
        1,
        5,
        1,
        2,
        1,
        9,
        3,
        1,
        2,
        2,
        4,
        1,
        2,
        1,
        1,
        6,
        12,
        4,
        5,
        3,
        1,
        1,
        2,
        10,
        1,
        28,
        2,
        7,
        1,
        1,
        1,
        7,
        4,
        3,
        2,
        4,
        1,
        1,
        1,
        1,
        4,
        3,
        1,
        1,
        4,
        2,
        1,
        2,
        7,
        3,
        10,
        1,
        1,
        2,
        0,
        6,
        3,
        1,
        7,
        1,
        3,
        2,
        2,
        3,
        3,
        4,
        3,
        3,
        5,
        3,
        2,
        8,
        5,
        1,
        1,
        5,
        3,
        1,
        1,
        2,
        1,
        5,
        2,
        1,
        6,
        5,
        1,
        7,
        7,
        1,
        1,
        5,
        1,
        1,
        2,
        1,
        5,
        1,
        2,
        2,
        1,
        1,
        0,
        2,
        3,
        2,
        2,
        1,
        6,
        1,
        2,
        2,
        1,
        1,
        1,
        1,
        3,
        4,
        4,
        4,
        5,
        1,
        3,
        4,
        1,
        2,
        1,
        3,
        5,
        2,
        3,
        4,
        1,
        1,
        2,
        6,
        1,
        1,
        1,
        2,
        1,
        4,
        4,
        4,
        3,
        1,
        5
      ]
    },
    "centred": {
      "clean_topk": [
        [
          1,
          0.38823529411764707
        ],
        [
          2,
          0.6
        ],
        [
          3,
          0.7352941176470589
        ]
      ],
      "clean_rank_list": [
        0,
        2,
        2,
        0,
        3,
        3,
        0,
        0,
        0,
        0,
        1,
        1,
        15,
        1,
        2,
        0,
        0,
        0,
        0,
        6,
        2,
        0,
        0,
        0,
        3,
        0,
        2,
        0,
        3,
        2,
        3,
        2,
        0,
        2,
        1,
        1,
        0,
        0,
        10,
        16,
        3,
        2,
        2,
        0,
        0,
        1,
        6,
        0,
        29,
        3,
        4,
        0,
        1,
        3,
        10,
        2,
        8,
        0,
        1,
        0,
        0,
        0,
        0,
        2,
        1,
        0,
        0,
        5,
        0,
        0,
        4,
        4,
        2,
        6,
        0,
        0,
        0,
        0,
        3,
        3,
        0,
        14,
        0,
        4,
        1,
        1,
        3,
        1,
        1,
        2,
        1,
        6,
        1,
        1,
        4,
        4,
        1,
        1,
        0,
        1,
        0,
        0,
        0,
        0,
        3,
        3,
        1,
        3,
        7,
        0,
        1,
        3,
        0,
        1,
        5,
        0,
        0,
        1,
        1,
        10,
        0,
        1,
        3,
        0,
        0,
        0,
        0,
        1,
        0,
        2,
        0,
        5,
        1,
        0,
        1,
        0,
        0,
        1,
        2,
        2,
        5,
        2,
        2,
        3,
        0,
        2,
        1,
        0,
        0,
        0,
        1,
        3,
        1,
        2,
        3,
        1,
        0,
        1,
        4,
        0,
        0,
        0,
        2,
        0,
        5,
        2,
        1,
        1,
        0,
        3
      ],
      "intervention_topk": [
        [
          1,
          0.0058823529411764705
        ],
        [
          2,
          0.5411764705882353
        ],
        [
          3,
          0.7
        ]
      ],