{
  "8": {
    "original": {
      "clean_topk": [
        [
          1,
          0.3764705882352941
        ],
        [
          2,
          0.5588235294117647
        ],
        [
          3,
          0.7647058823529411
        ]
      ],
      "clean_rank_list": [
        0,
        4,
        0,
        5,
        0,
        2,
        1,
        0,
        2,
        4,
        0,
        2,
        0,
        0,
        1,
        3,
        0,
        0,
        1,
        0,
        0,
        4,
        1,
        0,
        3,
        0,
        3,
        0,
        3,
        4,
        0,
        0,
        2,
        0,
        0,
        0,
        5,
        1,
        0,
        1,
        2,
        0,
        0,
        1,
        0,
        3,
        0,
        2,
        0,
        0,
        2,
        2,
        3,
        0,
        1,
        0,
        0,
        2,
        11,
        4,
        0,
        4,
        1,
        0,
        3,
        7,
        22,
        0,
        2,
        0,
        2,
        0,
        0,
        0,
        2,
        1,
        1,
        0,
        4,
        0,
        0,
        0,
        14,
        1,
        12,
        2,
        0,
        1,
        2,
        5,
        0,
        1,
        0,
        1,
        2,
        4,
        2,
        2,
        0,
        2,
        4,
        0,
        0,
        5,
        2,
        1,
        2,
        1,
        0,
        2,
        2,
        3,
        0,
        0,
        1,
        0,
        2,
        0,
        1,
        2,
        2,
        0,
        2,
        7,
        1,
        1,
        1,
        3,
        2,
        0,
        0,
        4,
        0,
        1,
        4,
        2,
        16,
        0,
        1,
        6,
        2,
        37,
        1,
        2,
        2,
        3,
        3,
        18,
        2,
        0,
        0,
        1,
        3,
        0,
        1,
        0,
        1,
        0,
        2,
        1,
        2,
        2,
        1,
        5,
        0,
        3,
        3,
        0,
        0,
        1
      ],
      "intervention_topk": [
        [
          1,
          0.011764705882352941
        ],
        [
          2,
          0.4
        ],
        [
          3,
          0.5941176470588235
        ]
      ],
      "intervention_rank_list": [
        1,
        4,
        1,
        4,
        1,
        4,
        2,
        1,
        3,
        6,
        1,
        1,
        1,
        2,
        2,
        5,
        1,
        1,
        2,
        2,
        1,
        6,
        2,
        1,
        10,
        1,
        4,
        1,
        9,
        5,
        1,
        1,
        3,
        2,
        1,
        1,
        6,
        2,
        1,
        2,
        4,
        0,
        1,
        1,
        1,
        4,
        1,
        2,
        1,
        1,
        2,
        4,
        5,
        1,
        1,
        1,
        2,
        5,
        11,
        5,
        1,
        3,
        0,
        1,
        3,
        5,
        18,
        1,
        4,
        1,
        2,
        1,
        1,
        6,
        4,
        3,
        2,
        2,
        4,
        1,
        1,
        1,
        9,
        4,
        8,
        4,
        3,
        2,
        2,
        5,
        1,
        2,
        1,
        2,
        3,
        4,
        4,
        1,
        1,
        3,
        7,
        1,
        1,
        4,
        2,
        1,
        3,
        3,
        1,
        3,
        2,
        3,
        1,
        1,
        1,
        1,
        4,
        1,
        2,
        4,
        3,
        1,
        1,
        16,
        2,
        3,
        1,
        5,
        5,
        2,
        1,
        7,
        1,
        2,
        5,
        1,
        34,
        1,
        2,
        10,
        3,
        19,
        3,
        3,
        8,
        5,
        4,
        25,
        2,
        2,
        1,
        1,
        1,
        2,
        1,
        1,
        2,
        1,
        2,
        2,
        4,
        3,
        1,
        4,
        2,
        4,
        1,
        3,
        1,
        1
      ]
    },
    "centred": {
      "clean_topk": [
        [
          1,
          0.3764705882352941
        ],
        [
          2,
          0.5588235294117647
        ],
        [
          3,
          0.7647058823529411
        ]
      ],
      "clean_rank_list": [
        0,
        4,
        0,
        5,
        0,
        2,
        1,
        0,
        2,
        4,
        0,
        2,
        0,
        0,
        1,
        3,
        0,
        0,
        1,
        0,
        0,
        4,
        1,
        0,
        3,
        0,
        3,
        0,
        3,
        4,
        0,
        0,
        2,
        0,
        0,
        0,
        5,
        1,
        0,
        1,
        2,
        0,
        0,
        1,
        0,
        3,
        0,
        2,
        0,
        0,
        2,
        2,
        3,
        0,
        1,
        0,
        0,
        2,
        11,
        4,
        0,
        4,
        1,
        0,
        3,
        7,
        22,
        0,
        2,
        0,
        2,
        0,
        0,
        0,
        2,
        1,
        1,
        0,
        4,
        0,
        0,
        0,
        14,
        1,
        12,
        2,
        0,
        1,
        2,
        5,
        0,
        1,
        0,
        1,
        2,
        4,
        2,
        2,
        0,
        2,
        4,
        0,
        0,
        5,
        2,
        1,
        2,
        1,
        0,
        2,
        2,
        3,
        0,
        0,
        1,
        0,
        2,
        0,
        1,
        2,
        2,
        0,
        2,
        7,
        1,
        1,
        1,
        3,
        2,
        0,
        0,
        4,
        0,
        1,
        4,
        2,
        16,
        0,
        1,
        6,
        2,
        37,
        1,
        2,
        2,
        3,
        3,
        18,
        2,
        0,
        0,
        1,
        3,
        0,
        1,
        0,
        1,
        0,
        2,
        1,
        2,
        2,
        1,
        5,
        0,
        3,
        3,
        0,
        0,
        1
      ],
      "intervention_topk": [
        [
          1,
          0.0058823529411764705
        ],
        [
          2,
          0.5176470588235295
        ],
        [
          3,
          0.711764705882353
        ]
      ],