{
  "9": {
    "original": {
      "clean_topk": [
        [
          1,
          0.002898550724637681
        ],
        [
          2,
          0.002898550724637681
        ],
        [
          3,
          0.008695652173913044
        ]
      ],
      "clean_rank_list": [
        122,
        28,
        623,
        1760,
        91,
        194,
        1312,
        15,
        1256,
        551,
        298,
        41,
        272,
        93,
        5,
        30,
        53,
        99,
        191,
        375,
        1684,
        126,
        295,
        29,
        13,
        61,
        883,
        610,
        159,
        402,
        6,
        6774,
        134,
        1210,
        2192,
        444,
        157,
        29,
        103,
        10121,
        170,
        68,
        198,
        459,
        314,
        42,
        159,
        4,
        30,
        61,
        46,
        25,
        747,
        303,
        182,
        50,
        149,
        363,
        981,
        111,
        47,
        110,
        318,
        11,
        198,
        32,
        103,
        0,
        111,
        377,
        347,
        663,
        458,
        7,
        22,
        19,
        702,
        181,
        15,
        557,
        350,
        159,
        635,
        110,
        803,
        133,
        30,
        2589,
        197,
        236,
        22,
        261,
        24,
        127,
        487,
        50,
        185,
        4163,
        136,
        535,
        859,
        1029,
        786,
        191,
        92,
        2262,
        17,
        1171,
        133,
        1123,
        33,
        55,
        170,
        426,
        340,
        105,
        1691,
        1033,
        2,
        135,
        1910,
        713,
        455,
        98,
        360,
        117,
        59,
        161,
        143,
        190,
        3,
        18,
        220,
        129,
        293,
        191,
        291,
        1967,
        19,
        32,
        180,
        395,
        139,
        37,
        620,
        46,
        240,
        9,
        169,
        364,
        19,
        1721,
        208,
        100,
        164,
        2,
        30,
        111,
        74,
        72,
        78,
        53,
        25,
        185,
        1278,
        108,
        22,
        224,
        47,
        1132,
        361,
        42,
        151,
        138,
        637,
        17,
        1848,
        491,
        35,
        24,
        49,
        211,
        53,
        750,
        142,
        1318,
        1224,
        3801,
        237,
        2942,
        66,
        839,
        885,
        5,
        210,
        94,
        1199,
        99,
        2310,
        286,
        834,
        2461,
        47,
        18,
        939,
        5,
        126,
        17,
        429,
        825,
        114,
        99,
        204,
        45,
        84,
        96,
        308,
        107,
        19,
        315,
        526,
        964,
        170,
        228,
        239,
        522,
        84,
        123,
        1689,
        52,
        38,
        89,
        2021,
        247,
        1413,
        350,
        77,
        106,
        60,
        21,
        196,
        11,
        574,
        2068,
        69,
        135,
        356,
        4035,
        76,
        28,
        393,
        84,
        43,
        281,
        282,
        521,
        732,
        6183,
        141,
        465,
        255,
        131,
        954,
        141,
        852,
        118,
        99,
        23,
        806,
        292,
        9,
        504,
        50,
        15,
        36,
        1484,
        269,
        94,
        32,
        242,
        2931,
        311,
        4771,
        26,
        283,
        582,
        428,
        149,
        1130,
        977,
        399,
        376,
        1360,
        14,
        13,
        605,
        17,
        162,
        256,
        620,
        102,
        113,
        659,
        384,
        368,
        87,
        3654,
        130,
        14,
        30,
        173,
        960,
        23,
        55,
        575,
        298,
        351,
        210,
        1784,
        767,
        38,
        94,
        89,
        519,
        105,
        266,
        230,
        71,
        371,
        24,
        163,
        36,
        220,
        84,
        2080,
        48,
        59,
        173,
        443,
        4,
        126,
        208,
        480,
        622,
        36
      ],
      "intervention_topk": [
        [
          1,
          0.07536231884057971
        ],
        [
          2,
          0.3101449275362319
        ],
        [
          3,
          0.37681159420289856
        ]
      ],