{
  "9": {
    "original": {
      "clean_topk": [
        [
          1,
          0.0029069767441860465
        ],
        [
          2,
          0.0029069767441860465
        ],
        [
          3,
          0.00872093023255814
        ]
      ],
      "clean_rank_list": [
        171,
        244,
        1396,
        1677,
        939,
        67,
        236,
        7576,
        1132,
        770,
        29,
        2,
        91,
        108,
        990,
        112,
        1028,
        141,
        569,
        52,
        99,
        516,
        30,
        425,
        229,
        292,
        355,
        864,
        29,
        834,
        81,
        60,
        63,
        25,
        82,
        77,
        638,
        1314,
        30,
        55,
        23,
        205,
        270,
        142,
        634,
        126,
        36,
        966,
        263,
        208,
        1980,
        1800,
        35,
        196,
        186,
        450,
        96,
        83,
        18,
        92,
        69,
        419,
        212,
        130,
        487,
        60,
        170,
        1799,
        1632,
        218,
        803,
        1200,
        70,
        255,
        17,
        1180,
        720,
        25,
        717,
        76,
        658,
        343,
        88,
        46,
        48,
        90,
        5451,
        27,
        6,
        846,
        19,
        66,
        767,
        1274,
        1318,
        13,
        1545,
        75,
        43,
        45,
        895,
        19,
        4,
        175,
        30,
        192,
        2,
        929,
        444,
        539,
        111,
        130,
        3,
        201,
        108,
        32,
        906,
        2566,
        170,
        929,
        153,
        43,
        315,
        37,
        25,
        296,
        80,
        23,
        284,
        121,
        33,
        26,
        581,
        16,
        97,
        1144,
        27,
        66,
        4567,
        384,
        254,
        43,
        202,
        1095,
        1563,
        171,
        20,
        13,
        173,
        1280,
        133,
        23,
        191,
        435,
        0,
        939,
        354,
        52,
        110,
        360,
        174,
        2001,
        157,
        1400,
        345,
        157,
        37,
        257,
        81,
        676,
        974,
        376,
        47,
        80,
        17,
        94,
        93,
        399,
        29,
        80,
        449,
        600,
        46,
        279,
        169,
        212,
        569,
        566,
        84,
        350,
        43,
        468,
        64,
        2883,
        366,
        1721,
        213,
        191,
        204,
        948,
        3,
        1284,
        826,
        241,
        31,
        94,
        38,
        439,
        562,
        147,
        220,
        77,
        827,
        167,
        165,
        79,
        463,
        12,
        36,
        22,
        190,
        99,
        149,
        307,
        598,
        737,
        389,
        236,
        96,
        40,
        6,
        78,
        201,
        83,
        80,
        410,
        1598,
        11,
        1821,
        358,
        343,
        605,
        198,
        257,
        35,
        375,
        37,
        29,
        26,
        521,
        74,
        20,
        2577,
        67,
        116,
        26,
        2126,
        36,
        51,
        127,
        366,
        2922,
        1617,
        99,
        1484,
        622,
        770,
        2612,
        48,
        224,
        171,
        1463,
        222,
        844,
        620,
        2192,
        403,
        25,
        73,
        287,
        98,
        106,
        291,
        31,
        5,
        77,
        32,
        741,
        237,
        192,
        77,
        72,
        42,
        210,
        968,
        389,
        465,
        66,
        1505,
        111,
        229,
        216,
        72,
        427,
        41,
        100,
        38,
        51,
        247,
        7,
        993,
        618,
        18,
        38,
        61,
        4686,
        119,
        294,
        210,
        106,
        5,
        6118,
        132,
        10121,
        14,
        17,
        28,
        189,
        523,
        186,
        17,
        48,
        216,
        695,
        2182,
        58,
        87,
        191,
        280,
        199,
        230,
        361,
        84,
        442
      ],
      "intervention_topk": [
        [
          1,
          0.08139534883720931
        ],
        [
          2,
          0.311046511627907
        ],
        [
          3,
          0.4011627906976744
        ]
      ],