{
  "14": {
    "original": {
      "clean_topk": [
        [
          1,
          0.04878048780487805
        ],
        [
          2,
          0.04878048780487805
        ],
        [
          3,
          0.04878048780487805
        ]
      ],
      "clean_rank_list": [
        12,
        5,
        28,
        56,
        782,
        76,
        15,
        0,
        199,
        13,
        342,
        34,
        44,
        32,
        9,
        24,
        9,
        42,
        23,
        58,
        117,
        61,
        938,
        25,
        19,
        158,
        24,
        6,
        171,
        0,
        39,
        5,
        18,
        177,
        7,
        45,
        11,
        32,
        9,
        34,
        61
      ],
      "intervention_topk": [
        [
          1,
          0.5609756097560976
        ],
        [
          2,
          0.6829268292682927
        ],
        [
          3,
          0.8048780487804879
        ]
      ],
      "intervention_rank_list": [
        0,
        0,
        0,
        0,
        37,
        0,
        0,
        0,
        9,
        0,
        176,
        2,
        9,
        2,
        0,
        0,
        0,
        2,
        1,
        0,
        1,
        1,
        75,
        3,
        0,
        14,
        0,
        1,
        18,
        0,
        0,
        0,
        2,
        2,
        0,
        0,
        0,
        0,
        0,
        0,
        1
      ]
    },
    "centred": {
      "clean_topk": [
        [
          1,
          0.04878048780487805
        ],
        [
          2,
          0.04878048780487805
        ],
        [
          3,
          0.04878048780487805
        ]
      ],
      "clean_rank_list": [
        12,
        5,
        28,
        56,
        782,
        76,
        15,
        0,
        199,
        13,
        342,
        34,
        44,
        32,
        9,
        24,
        9,
        42,
        23,
        58,
        117,
        61,
        938,
        25,
        19,
        158,
        24,
        6,
        171,
        0,
        39,
        5,
        18,
        177,
        7,
        45,
        11,
        32,
        9,
        34,
        61
      ],
      "intervention_topk": [
        [
          1,
          0.8536585365853658
        ],
        [
          2,
          0.926829268292683
        ],
        [
          3,
          0.9512195121951219
        ]
      ],
      "intervention_rank_list": [
        0,
        0,
        0,
        0,
        0,
        0,
        0,
        0,
        0,
        0,
        2,
        0,
        0,
        0,
        3,
        0,
        0,
        0,
        0,
        0,
        0,
        0,
        7,
        0,
        0,
        1,
        0,
        0,
        0,
        0,
        0,
        0,
        1,
        1,
        0,
        0,
        0,
        0,
        0,
        0,
        0
      ]
    }
  },
  "15": {
    "original": {
      "clean_topk": [
        [
          1,
          0.04878048780487805
        ],
        [
          2,
          0.04878048780487805
        ],
        [
          3,
          0.04878048780487805
        ]
      ],
      "clean_rank_list": [
        12,
        5,
        28,
        56,
        782,
        76,
        15,
        0,
        199,
        13,
        342,
        34,
        44,
        32,
        9,
        24,
        9,
        42,
        23,
        58,
        117,
        61,
        938,
        25,
        19,
        158,
        24,
        6,
        171,
        0,
        39,
        5,
        18,
        177,
        7,
        45,
        11,
        32,
        9,
        34,
        61
      ],
      "intervention_topk": [
        [
          1,
          0.3902439024390244
        ],
        [
          2,
          0.5853658536585366
        ],
        [
          3,
          0.6585365853658537
        ]
      ],
      "intervention_rank_list": [
        0,
        0,
        0,
        1,
        213,
        0,
        0,
        0,
        16,
        0,
        354,
        5,
        25,
        5,
        0,
        1,
        1,
        5,
        2,
        0,
        2,
        4,
        179,
        5,
        1,
        35,
        1,
        1,
        56,
        0,
        1,
        0,
        3,
        2,
        0,
        1,
        0,
        0,
        0,
        0,
        3
      ]
    },
    "centred": {
      "clean_topk": [
        [
          1,
          0.04878048780487805
        ],
        [
          2,
          0.04878048780487805
        ],
        [
          3,
          0.04878048780487805
        ]
      ],
      "clean_rank_list": [
        12,
        5,
        28,
        56,
        782,
        76,
        15,
        0,
        199,
        13,
        342,
        34,
        44,
        32,
        9,
        24,
        9,
        42,
        23,
        58,
        117,
        61,
        938,
        25,
        19,
        158,
        24,
        6,
        171,
        0,
        39,
        5,
        18,
        177,
        7,
        45,
        11,
        32,
        9,
        34,
        61
      ],
      "intervention_topk": [
        [
          1,
          0.8536585365853658
        ],
        [
          2,
          0.926829268292683
        ],
        [
          3,
          0.975609756097561
        ]
      ],
      "intervention_rank_list": [
        0,
        0,
        0,
        0,
        1,
        0,
        0,
        0,
        0,
        0,
        2,
        0,
        0,
        0,
        2,
        0,
        0,
        0,
        0,
        0,
        0,
        0,
        23,
        0,
        0,
        1,
        0,
        0,
        0,
        0,
        0,
        0,
        0,
        0,
        0,
        0,
        0,
        0,
        0,
        0,
        1
      ]
    }
  },
  "16": {
    "original": {
      "clean_topk": [
        [
          1,
          0.04878048780487805
        ],
        [
          2,
          0.04878048780487805
        ],
        [
          3,
          0.04878048780487805
        ]
      ],
      "clean_rank_list": [
        12,
        5,
        28,
        56,
        782,
        76,
        15,
        0,
        199,
        13,
        342,
        34,
        44,
        32,
        9,
        24,
        9,
        42,
        23,
        58,
        117,
        61,
        938,
        25,
        19,
        158,
        24,
        6,
        171,
        0,
        39,
        5,
        18,
        177,
        7,
        45,
        11,
        32,
        9,
        34,
        61
      ],
      "intervention_topk": [
        [
          1,
          0.4146341463414634
        ],
        [
          2,
          0.5853658536585366
        ],
        [
          3,
          0.6585365853658537
        ]
      ],
      "intervention_rank_list": [
        0,
        0,
        0,
        1,
        280,
        0,
        1,
        0,
        23,
        0,
        368,
        5,
        31,
        7,
        0,
        1,
        0,
        7,
        2,
        0,
        2,
        7,
        193,
        4,
        1,
        37,
        1,
        1,
        58,
        0,
        0,
        0,
        2,
        3,
        0,
        1,
        0,
        0,
        0,
        0,
        5
      ]
    },
    "centred": {
      "clean_topk": [
        [
          1,
          0.04878048780487805
        ],
        [
          2,
          0.04878048780487805
        ],
        [
          3,
          0.04878048780487805
        ]
      ],