{
  "9": {
    "original": {
      "clean_topk": [
        [
          1,
          0.03333333333333333
        ],
        [
          2,
          0.03333333333333333
        ],
        [
          3,
          0.03333333333333333
        ]
      ],
      "clean_rank_list": [
        225,
        593,
        88,
        723,
        76,
        120,
        20,
        66,
        287,
        1261,
        27,
        90,
        48,
        32,
        85,
        15,
        16,
        0,
        68,
        135,
        269,
        169,
        58,
        59,
        147,
        69,
        28,
        44,
        134,
        1192,
        27,
        208,
        82,
        913,
        6,
        227,
        61,
        12,
        195,
        32,
        8,
        6,
        31,
        22,
        26,
        12,
        82,
        13,
        1959,
        2645,
        34,
        134,
        169,
        120,
        0,
        230,
        238,
        55,
        41,
        32
      ],
      "intervention_topk": [
        [
          1,
          0.03333333333333333
        ],
        [
          2,
          0.25
        ],
        [
          3,
          0.35
        ]
      ],
      "intervention_rank_list": [
        18,
        37,
        6,
        28,
        8,
        16,
        5,
        3,
        16,
        117,
        6,
        2,
        1,
        1,
        5,
        1,
        1,
        0,
        4,
        9,
        12,
        2,
        3,
        3,
        6,
        6,
        2,
        3,
        15,
        67,
        2,
        16,
        5,
        130,
        1,
        7,
        4,
        1,
        4,
        1,
        1,
        1,
        9,
        1,
        4,
        1,
        5,
        3,
        228,
        324,
        3,
        8,
        10,
        2,
        0,
        15,
        30,
        1,
        2,
        1
      ]
    },
    "centred": {
      "clean_topk": [
        [
          1,
          0.03333333333333333
        ],
        [
          2,
          0.03333333333333333
        ],
        [
          3,
          0.03333333333333333
        ]
      ],
      "clean_rank_list": [
        225,
        593,
        88,
        723,
        76,
        120,
        20,
        66,
        287,
        1261,
        27,
        90,
        48,
        32,
        85,
        15,
        16,
        0,
        68,
        135,
        269,
        169,
        58,
        59,
        147,
        69,
        28,
        44,
        134,
        1192,
        27,
        208,
        82,
        913,
        6,
        227,
        61,
        12,
        195,
        32,
        8,
        6,
        31,
        22,
        26,
        12,
        82,
        13,
        1959,
        2645,
        34,
        134,
        169,
        120,
        0,
        230,
        238,
        55,
        41,
        32
      ],
      "intervention_topk": [
        [
          1,
          0.03333333333333333
        ],
        [
          2,
          0.2
        ],
        [
          3,
          0.2833333333333333
        ]
      ],
      "intervention_rank_list": [
        59,
        102,
        6,
        29,
        15,
        21,
        5,
        1,
        17,
        160,
        5,
        12,
        3,
        2,
        6,
        3,
        1,
        0,
        3,
        14,
        14,
        2,
        4,
        1,
        26,
        10,
        5,
        10,
        28,
        158,
        2,
        14,
        7,
        181,
        1,
        5,
        9,
        1,
        4,
        3,
        1,
        2,
        9,
        1,
        6,
        1,
        11,
        3,
        207,
        402,
        2,
        9,
        11,
        4,
        0,
        17,
        87,
        1,
        4,
        1
      ]
    }
  }
}