{
  "9": {
    "original": {
      "clean_topk": [
        [
          1,
          0.01694915254237288
        ],
        [
          2,
          0.01694915254237288
        ],
        [
          3,
          0.01694915254237288
        ]
      ],
      "clean_rank_list": [
        134,
        53,
        22,
        5,
        16,
        14,
        22,
        16,
        8,
        25,
        134,
        11,
        182,
        187,
        132,
        8401,
        27,
        59,
        29,
        111,
        235,
        82,
        26,
        177,
        9,
        219,
        149,
        32,
        10884,
        221,
        99,
        44,
        207,
        33,
        71,
        10,
        18,
        6,
        90,
        16,
        54,
        28,
        632,
        135,
        169,
        106,
        246,
        0,
        81,
        285,
        53,
        100,
        271,
        211,
        94,
        32,
        18,
        9,
        176
      ],
      "intervention_topk": [
        [
          1,
          0.01694915254237288
        ],
        [
          2,
          0.288135593220339
        ],
        [
          3,
          0.423728813559322
        ]
      ],
      "intervention_rank_list": [
        6,
        5,
        1,
        1,
        2,
        1,
        1,
        3,
        1,
        1,
        13,
        1,
        14,
        10,
        3,
        2219,
        1,
        2,
        2,
        6,
        7,
        4,
        4,
        6,
        2,
        13,
        8,
        1,
        1425,
        13,
        14,
        2,
        11,
        3,
        4,
        1,
        1,
        1,
        2,
        1,
        1,
        3,
        25,
        7,
        14,
        5,
        16,
        0,
        5,
        6,
        5,
        2,
        14,
        8,
        9,
        1,
        2,
        1,
        3
      ]
    },
    "centred": {
      "clean_topk": [
        [
          1,
          0.01694915254237288
        ],
        [
          2,
          0.01694915254237288
        ],
        [
          3,
          0.01694915254237288
        ]
      ],
      "clean_rank_list": [
        134,
        53,
        22,
        5,
        16,
        14,
        22,
        16,
        8,
        25,
        134,
        11,
        182,
        187,
        132,
        8401,
        27,
        59,
        29,
        111,
        235,
        82,
        26,
        177,
        9,
        219,
        149,
        32,
        10884,
        221,
        99,
        44,
        207,
        33,
        71,
        10,
        18,
        6,
        90,
        16,
        54,
        28,
        632,
        135,
        169,
        106,
        246,
        0,
        81,
        285,
        53,
        100,
        271,
        211,
        94,
        32,
        18,
        9,
        176
      ],
      "intervention_topk": [
        [
          1,
          0.01694915254237288
        ],
        [
          2,
          0.23728813559322035
        ],
        [
          3,
          0.3220338983050847
        ]
      ],
      "intervention_rank_list": [
        8,
        12,
        1,
        1,
        2,
        1,
        1,
        4,
        1,
        1,
        7,
        3,
        8,
        13,
        9,
        1587,
        2,
        1,
        2,
        4,
        9,
        5,
        6,
        17,
        4,
        23,
        5,
        2,
        2654,
        20,
        9,
        6,
        20,
        5,
        6,
        1,
        1,
        2,
        12,
        1,
        7,
        3,
        68,
        11,
        21,
        7,
        22,
        0,
        3,
        13,
        18,
        5,
        52,
        6,
        24,
        1,
        1,
        1,
        6
      ]
    }
  }
}