{
  "14": {
    "original": {
      "clean_topk": [
        [
          1,
          0.19047619047619047
        ],
        [
          2,
          0.19047619047619047
        ],
        [
          3,
          0.21428571428571427
        ]
      ],
      "clean_rank_list": [
        116,
        7,
        0,
        3,
        0,
        0,
        65,
        47,
        184,
        58,
        4021,
        25,
        0,
        44,
        2,
        15,
        44,
        67,
        39,
        13,
        96,
        56,
        0,
        16,
        12,
        0,
        9,
        32,
        3,
        18,
        122,
        22,
        0,
        12,
        53,
        135,
        91,
        0,
        3,
        56,
        36,
        453
      ],
      "intervention_topk": [
        [
          1,
          0.2857142857142857
        ],
        [
          2,
          0.8809523809523809
        ],
        [
          3,
          0.9523809523809523
        ]
      ],
      "intervention_rank_list": [
        1,
        1,
        0,
        0,
        0,
        0,
        2,
        1,
        1,
        1,
        693,
        1,
        0,
        1,
        0,
        6,
        1,
        1,
        1,
        0,
        1,
        1,
        0,
        2,
        1,
        0,
        1,
        1,
        0,
        1,
        1,
        1,
        0,
        1,
        1,
        1,
        1,
        0,
        1,
        1,
        1,
        2
      ]
    },
    "centred": {
      "clean_topk": [
        [
          1,
          0.19047619047619047
        ],
        [
          2,
          0.19047619047619047
        ],
        [
          3,
          0.21428571428571427
        ]
      ],
      "clean_rank_list": [
        116,
        7,
        0,
        3,
        0,
        0,
        65,
        47,
        184,
        58,
        4021,
        25,
        0,
        44,
        2,
        15,
        44,
        67,
        39,
        13,
        96,
        56,
        0,
        16,
        12,
        0,
        9,
        32,
        3,
        18,
        122,
        22,
        0,
        12,
        53,
        135,
        91,
        0,
        3,
        56,
        36,
        453
      ],
      "intervention_topk": [
        [
          1,
          0.2857142857142857
        ],
        [
          2,
          0.8571428571428571
        ],
        [
          3,
          0.9285714285714286
        ]
      ],
      "intervention_rank_list": [
        1,
        1,
        0,
        0,
        0,
        0,
        3,
        2,
        1,
        1,
        385,
        1,
        0,
        1,
        0,
        3,
        1,
        1,
        1,
        1,
        1,
        1,
        0,
        2,
        1,
        0,
        1,
        0,
        0,
        1,
        1,
        1,
        0,
        1,
        1,
        1,
        1,
        0,
        1,
        1,
        1,
        2
      ]
    }
  },
  "15": {
    "original": {
      "clean_topk": [
        [
          1,
          0.19047619047619047
        ],
        [
          2,
          0.19047619047619047
        ],
        [
          3,
          0.21428571428571427
        ]
      ],
      "clean_rank_list": [
        116,
        7,
        0,
        3,
        0,
        0,
        65,
        47,
        184,
        58,
        4021,
        25,
        0,
        44,
        2,
        15,
        44,
        67,
        39,
        13,
        96,
        56,
        0,
        16,
        12,
        0,
        9,
        32,
        3,
        18,
        122,
        22,
        0,
        12,
        53,
        135,
        91,
        0,
        3,
        56,
        36,
        453
      ],
      "intervention_topk": [
        [
          1,
          0.5238095238095238
        ],
        [
          2,
          0.9047619047619048
        ],
        [
          3,
          0.9523809523809523
        ]
      ],
      "intervention_rank_list": [
        1,
        1,
        0,
        0,
        0,
        0,
        2,
        1,
        1,
        0,
        416,
        0,
        0,
        0,
        0,
        4,
        1,
        0,
        1,
        0,
        0,
        1,
        0,
        2,
        0,
        0,
        1,
        0,
        0,
        1,
        1,
        0,
        0,
        0,
        1,
        1,
        1,
        0,
        1,
        1,
        0,
        1
      ]
    },
    "centred": {
      "clean_topk": [
        [
          1,
          0.19047619047619047
        ],
        [
          2,
          0.19047619047619047
        ],
        [
          3,
          0.21428571428571427
        ]
      ],
      "clean_rank_list": [
        116,
        7,
        0,
        3,
        0,
        0,
        65,
        47,
        184,
        58,
        4021,
        25,
        0,
        44,
        2,
        15,
        44,
        67,
        39,
        13,
        96,
        56,
        0,
        16,
        12,
        0,
        9,
        32,
        3,
        18,
        122,
        22,
        0,
        12,
        53,
        135,
        91,
        0,
        3,
        56,
        36,
        453
      ],
      "intervention_topk": [
        [
          1,
          0.6190476190476191
        ],
        [
          2,
          0.9523809523809523
        ],
        [
          3,
          0.9761904761904762
        ]
      ],
      "intervention_rank_list": [
        1,
        1,
        0,
        0,
        0,
        0,
        2,
        1,
        1,
        0,
        200,
        0,
        0,
        0,
        0,
        1,
        1,
        0,
        0,
        0,
        1,
        0,
        0,
        1,
        0,
        0,
        0,
        0,
        0,
        0,
        1,
        0,
        0,
        0,
        0,
        1,
        1,
        0,
        1,
        1,
        0,
        1
      ]
    }
  },
  "16": {
    "original": {
      "clean_topk": [
        [
          1,
          0.19047619047619047
        ],
        [
          2,
          0.19047619047619047
        ],
        [
          3,
          0.21428571428571427
        ]
      ],
      "clean_rank_list": [
        116,
        7,
        0,
        3,
        0,
        0,
        65,
        47,
        184,
        58,
        4021,
        25,
        0,
        44,
        2,
        15,
        44,
        67,
        39,
        13,
        96,
        56,
        0,
        16,
        12,
        0,
        9,
        32,
        3,
        18,
        122,
        22,
        0,
        12,
        53,
        135,
        91,
        0,
        3,
        56,
        36,
        453
      ],
      "intervention_topk": [
        [
          1,
          0.4523809523809524
        ],
        [
          2,
          0.9047619047619048
        ],
        [
          3,
          0.9523809523809523
        ]
      ],
      "intervention_rank_list": [
        1,
        1,
        0,
        0,
        0,
        0,
        2,
        1,
        1,
        0,
        333,
        0,
        0,
        0,
        0,
        8,
        1,
        0,
        1,
        0,
        1,
        1,
        0,
        2,
        0,
        0,
        1,
        0,
        0,
        1,
        1,
        1,
        0,
        0,
        1,
        1,
        1,
        0,
        1,
        1,
        1,
        1
      ]
    },
    "centred": {
      "clean_topk": [
        [
          1,
          0.19047619047619047
        ],
        [
          2,
          0.19047619047619047
        ],
        [
          3,
          0.21428571428571427
        ]
      ],