{
  "14": {
    "original": {
      "clean_topk": [
        [
          1,
          0.27906976744186046
        ],
        [
          2,
          0.3023255813953488
        ],
        [
          3,
          0.3023255813953488
        ]
      ],
      "clean_rank_list": [
        0,
        0,
        0,
        12,
        85,
        0,
        4,
        139,
        16,
        1,
        49,
        44,
        20,
        0,
        78,
        209,
        91,
        0,
        70,
        17,
        32,
        405,
        0,
        56,
        0,
        0,
        35,
        32,
        0,
        453,
        347,
        19,
        0,
        149,
        0,
        21,
        29,
        44,
        23,
        85,
        36,
        132,
        208
      ],
      "intervention_topk": [
        [
          1,
          0.27906976744186046
        ],
        [
          2,
          0.8604651162790697
        ],
        [
          3,
          0.9069767441860465
        ]
      ],
      "intervention_rank_list": [
        0,
        0,
        0,
        1,
        1,
        0,
        1,
        1,
        2,
        1,
        1,
        1,
        1,
        0,
        7,
        1,
        1,
        0,
        6,
        1,
        1,
        35,
        0,
        1,
        0,
        0,
        1,
        1,
        0,
        2,
        1,
        1,
        0,
        8,
        0,
        1,
        1,
        1,
        1,
        1,
        1,
        1,
        1
      ]
    },
    "centred": {
      "clean_topk": [
        [
          1,
          0.27906976744186046
        ],
        [
          2,
          0.3023255813953488
        ],
        [
          3,
          0.3023255813953488
        ]
      ],
      "clean_rank_list": [
        0,
        0,
        0,
        12,
        85,
        0,
        4,
        139,
        16,
        1,
        49,
        44,
        20,
        0,
        78,
        209,
        91,
        0,
        70,
        17,
        32,
        405,
        0,
        56,
        0,
        0,
        35,
        32,
        0,
        453,
        347,
        19,
        0,
        149,
        0,
        21,
        29,
        44,
        23,
        85,
        36,
        132,
        208
      ],
      "intervention_topk": [
        [
          1,
          0.3023255813953488
        ],
        [
          2,
          0.8372093023255814
        ],
        [
          3,
          0.9302325581395349
        ]
      ],
      "intervention_rank_list": [
        0,
        0,
        0,
        1,
        1,
        0,
        1,
        1,
        2,
        1,
        1,
        1,
        1,
        0,
        2,
        1,
        1,
        0,
        6,
        1,
        1,
        8,
        0,
        1,
        0,
        0,
        1,
        0,
        0,
        2,
        1,
        1,
        0,
        7,
        0,
        1,
        1,
        1,
        1,
        1,
        1,
        2,
        1
      ]
    }
  },
  "15": {
    "original": {
      "clean_topk": [
        [
          1,
          0.27906976744186046
        ],
        [
          2,
          0.3023255813953488
        ],
        [
          3,
          0.3023255813953488
        ]
      ],
      "clean_rank_list": [
        0,
        0,
        0,
        12,
        85,
        0,
        4,
        139,
        16,
        1,
        49,
        44,
        20,
        0,
        78,
        209,
        91,
        0,
        70,
        17,
        32,
        405,
        0,
        56,
        0,
        0,
        35,
        32,
        0,
        453,
        347,
        19,
        0,
        149,
        0,
        21,
        29,
        44,
        23,
        85,
        36,
        132,
        208
      ],
      "intervention_topk": [
        [
          1,
          0.5581395348837209
        ],
        [
          2,
          0.8837209302325582
        ],
        [
          3,
          0.9302325581395349
        ]
      ],
      "intervention_rank_list": [
        0,
        0,
        0,
        0,
        0,
        0,
        1,
        1,
        2,
        1,
        0,
        1,
        1,
        0,
        6,
        1,
        1,
        0,
        4,
        0,
        0,
        15,
        0,
        1,
        0,
        0,
        1,
        0,
        0,
        1,
        1,
        0,
        0,
        2,
        0,
        1,
        0,
        0,
        0,
        1,
        0,
        0,
        1
      ]
    },
    "centred": {
      "clean_topk": [
        [
          1,
          0.27906976744186046
        ],
        [
          2,
          0.3023255813953488
        ],
        [
          3,
          0.3023255813953488
        ]
      ],
      "clean_rank_list": [
        0,
        0,
        0,
        12,
        85,
        0,
        4,
        139,
        16,
        1,
        49,
        44,
        20,
        0,
        78,
        209,
        91,
        0,
        70,
        17,
        32,
        405,
        0,
        56,
        0,
        0,
        35,
        32,
        0,
        453,
        347,
        19,
        0,
        149,
        0,
        21,
        29,
        44,
        23,
        85,
        36,
        132,
        208
      ],
      "intervention_topk": [
        [
          1,
          0.6046511627906976
        ],
        [
          2,
          0.9767441860465116
        ],
        [
          3,
          1.0
        ]
      ],
      "intervention_rank_list": [
        0,
        0,
        0,
        0,
        0,
        0,
        1,
        1,
        1,
        1,
        0,
        1,
        1,
        0,
        1,
        1,
        1,
        0,
        2,
        0,
        0,
        1,
        0,
        0,
        0,
        0,
        1,
        0,
        0,
        1,
        1,
        0,
        0,
        1,
        0,
        0,
        0,
        0,
        0,
        1,
        0,
        0,
        1
      ]
    }
  },
  "16": {
    "original": {
      "clean_topk": [
        [
          1,
          0.27906976744186046
        ],
        [
          2,
          0.3023255813953488
        ],
        [
          3,
          0.3023255813953488
        ]
      ],
      "clean_rank_list": [
        0,
        0,
        0,
        12,
        85,
        0,
        4,
        139,
        16,
        1,
        49,
        44,
        20,
        0,
        78,
        209,
        91,
        0,
        70,
        17,
        32,
        405,
        0,
        56,
        0,
        0,
        35,
        32,
        0,
        453,
        347,
        19,
        0,
        149,
        0,
        21,
        29,
        44,
        23,
        85,
        36,
        132,
        208
      ],
      "intervention_topk": [
        [
          1,
          0.4418604651162791
        ],
        [
          2,
          0.8604651162790697
        ],
        [
          3,
          0.9069767441860465
        ]
      ],
      "intervention_rank_list": [
        0,
        0,
        0,
        0,
        1,
        0,
        1,
        1,
        2,
        1,
        1,
        1,
        1,
        0,
        9,
        1,
        1,
        0,
        4,
        0,
        0,
        21,
        0,
        1,
        0,
        0,
        1,
        0,
        0,
        2,
        1,
        0,
        0,
        7,
        0,
        1,
        0,
        0,
        1,
        1,
        1,
        1,
        1
      ]
    },
    "centred": {
      "clean_topk": [
        [
          1,
          0.27906976744186046
        ],
        [
          2,
          0.3023255813953488
        ],
        [
          3,
          0.3023255813953488
        ]
      ],