{
  "9": {
    "original": {
      "clean_topk": [
        [
          1,
          0.09523809523809523
        ],
        [
          2,
          0.09523809523809523
        ],
        [
          3,
          0.09523809523809523
        ]
      ],
      "clean_rank_list": [
        1316,
        33,
        23,
        21,
        11,
        76,
        60,
        19,
        21,
        24,
        17,
        0,
        111,
        15,
        56,
        34,
        39,
        37,
        84,
        16,
        0,
        13,
        179,
        23,
        107,
        0,
        111,
        11,
        45,
        11,
        16,
        0,
        9,
        34,
        45,
        7,
        18,
        20,
        23,
        37,
        7,
        32
      ],
      "intervention_topk": [
        [
          1,
          0.09523809523809523
        ],
        [
          2,
          0.6904761904761905
        ],
        [
          3,
          0.8095238095238095
        ]
      ],
      "intervention_rank_list": [
        33,
        1,
        1,
        1,
        2,
        1,
        6,
        2,
        1,
        1,
        1,
        0,
        5,
        1,
        1,
        1,
        1,
        1,
        9,
        1,
        0,
        1,
        9,
        1,
        4,
        0,
        2,
        1,
        4,
        1,
        1,
        0,
        1,
        3,
        2,
        1,
        1,
        1,
        1,
        2,
        1,
        1
      ]
    },
    "centred": {
      "clean_topk": [
        [
          1,
          0.09523809523809523
        ],
        [
          2,
          0.09523809523809523
        ],
        [
          3,
          0.09523809523809523
        ]
      ],
      "clean_rank_list": [
        1316,
        33,
        23,
        21,
        11,
        76,
        60,
        19,
        21,
        24,
        17,
        0,
        111,
        15,
        56,
        34,
        39,
        37,
        84,
        16,
        0,
        13,
        179,
        23,
        107,
        0,
        111,
        11,
        45,
        11,
        16,
        0,
        9,
        34,
        45,
        7,
        18,
        20,
        23,
        37,
        7,
        32
      ],
      "intervention_topk": [
        [
          1,
          0.09523809523809523
        ],
        [
          2,
          0.2619047619047619
        ],
        [
          3,
          0.5
        ]
      ],
      "intervention_rank_list": [
        18,
        1,
        3,
        5,
        2,
        12,
        7,
        3,
        1,
        2,
        4,
        0,
        14,
        2,
        3,
        4,
        1,
        2,
        18,
        3,
        0,
        2,
        21,
        3,
        3,
        0,
        7,
        2,
        8,
        1,
        1,
        0,
        1,
        4,
        5,
        1,
        2,
        3,
        6,
        2,
        2,
        2
      ]
    }
  }
}