{
  "9": {
    "original": {
      "clean_topk": [
        [
          1,
          0.024390243902439025
        ],
        [
          2,
          0.024390243902439025
        ],
        [
          3,
          0.024390243902439025
        ]
      ],
      "clean_rank_list": [
        171,
        56,
        59,
        474,
        61,
        1316,
        5,
        16,
        120,
        18,
        17,
        34,
        120,
        14,
        12,
        12,
        32,
        76,
        19,
        101,
        34,
        60,
        164,
        66,
        0,
        15,
        18,
        23,
        130,
        27,
        11,
        53,
        26,
        44,
        14,
        19,
        39,
        21,
        61,
        21,
        10
      ],
      "intervention_topk": [
        [
          1,
          0.0975609756097561
        ],
        [
          2,
          0.5365853658536586
        ],
        [
          3,
          0.7073170731707317
        ]
      ],
      "intervention_rank_list": [
        15,
        1,
        3,
        12,
        2,
        31,
        0,
        1,
        9,
        1,
        1,
        1,
        6,
        1,
        1,
        1,
        6,
        3,
        1,
        5,
        2,
        6,
        8,
        1,
        0,
        1,
        2,
        1,
        3,
        2,
        1,
        1,
        1,
        2,
        1,
        2,
        0,
        2,
        1,
        0,
        1
      ]
    },
    "centred": {
      "clean_topk": [
        [
          1,
          0.024390243902439025
        ],
        [
          2,
          0.024390243902439025
        ],
        [
          3,
          0.024390243902439025
        ]
      ],
      "clean_rank_list": [
        171,
        56,
        59,
        474,
        61,
        1316,
        5,
        16,
        120,
        18,
        17,
        34,
        120,
        14,
        12,
        12,
        32,
        76,
        19,
        101,
        34,
        60,
        164,
        66,
        0,
        15,
        18,
        23,
        130,
        27,
        11,
        53,
        26,
        44,
        14,
        19,
        39,
        21,
        61,
        21,
        10
      ],
      "intervention_topk": [
        [
          1,
          0.024390243902439025
        ],
        [
          2,
          0.14634146341463414
        ],
        [
          3,
          0.3902439024390244
        ]
      ],
      "intervention_rank_list": [
        30,
        3,
        19,
        28,
        7,
        13,
        1,
        2,
        4,
        1,
        4,
        4,
        6,
        2,
        1,
        2,
        7,
        9,
        3,
        11,
        4,
        5,
        42,
        5,
        0,
        2,
        2,
        3,
        5,
        4,
        2,
        2,
        3,
        2,
        2,
        8,
        1,
        4,
        3,
        2,
        1
      ]
    }
  }
}