{
  "12": {
    "original": {
      "clean_topk": [
        [
          1,
          0.0
        ],
        [
          2,
          0.029585798816568046
        ],
        [
          3,
          0.0650887573964497
        ]
      ],
      "clean_rank_list": [
        2,
        25,
        16,
        22,
        61,
        9,
        10,
        22,
        68,
        6,
        13,
        10,
        73,
        4,
        9,
        29,
        6,
        44,
        10,
        10,
        24,
        48,
        207,
        14,
        10,
        10,
        1,
        58,
        27,
        14,
        8,
        5,
        45,
        10,
        8,
        20,
        40,
        25,
        55,
        21,
        23,
        13,
        243,
        3,
        26,
        9,
        147,
        9,
        2,
        56,
        38,
        1,
        22,
        57,
        13,
        3,
        36,
        16,
        100,
        17,
        3,
        13,
        17,
        10,
        29,
        24,
        7,
        30,
        81,
        1,
        57,
        7,
        12,
        68,
        53,
        98,
        19,
        1,
        10,
        12,
        150,
        8,
        12,
        40,
        25,
        32,
        58,
        171,
        11,
        47,
        16,
        40,
        18,
        32,
        64,
        25,
        14,
        18,
        9,
        159,
        23,
        3,
        78,
        19,
        12,
        2,
        37,
        15,
        33,
        19,
        13,
        14,
        10,
        22,
        2,
        14,
        62,
        4,
        1,
        3,
        88,
        11,
        13,
        8,
        56,
        34,
        6,
        28,
        370,
        48,
        73,
        2,
        10,
        45,
        14,
        13,
        15,
        60,
        3,
        13,
        2,
        16,
        9,
        23,
        7,
        32,
        20,
        6,
        26,
        67,
        3,
        79,
        25,
        6,
        21,
        22,
        72,
        13,
        14,
        104,
        11,
        38,
        46,
        201,
        26,
        8,
        11,
        4,
        39
      ],
      "intervention_topk": [
        [
          1,
          0.04142011834319527
        ],
        [
          2,
          0.7988165680473372
        ],
        [
          3,
          0.9112426035502958
        ]
      ],
      "intervention_rank_list": [
        1,
        1,
        1,
        1,
        2,
        1,
        1,
        1,
        1,
        1,
        0,
        1,
        1,
        1,
        2,
        2,
        0,
        1,
        1,
        1,
        2,
        2,
        2,
        1,
        1,
        1,
        1,
        1,
        1,
        1,
        1,
        1,
        2,
        1,
        1,
        1,
        1,
        1,
        3,
        1,
        2,
        1,
        6,
        0,
        1,
        1,
        2,
        1,
        1,
        14,
        1,
        1,
        1,
        1,
        1,
        1,
        2,
        2,
        3,
        1,
        1,
        1,
        1,
        1,
        1,
        3,
        1,
        1,
        1,
        1,
        1,
        1,
        1,
        5,
        3,
        2,
        1,
        1,
        1,
        1,
        7,
        1,
        1,
        1,
        1,
        1,
        1,
        5,
        1,
        1,
        1,
        1,
        1,
        1,
        1,
        1,
        1,
        1,
        1,
        3,
        1,
        1,
        1,
        1,
        0,
        1,
        1,
        1,
        1,
        1,
        1,
        2,
        1,
        2,
        1,
        1,
        1,
        0,
        0,
        1,
        1,
        2,
        1,
        1,
        1,
        7,
        1,
        1,
        2,
        1,
        1,
        1,
        2,
        3,
        1,
        1,
        1,
        1,
        1,
        1,
        1,
        1,
        1,
        4,
        1,
        4,
        1,
        1,
        1,
        4,
        1,
        1,
        1,
        0,
        1,
        2,
        1,
        1,
        1,
        1,
        1,
        1,
        1,
        2,
        1,
        1,
        1,
        1,
        1
      ]
    },
    "centred": {
      "clean_topk": [
        [
          1,
          0.0
        ],
        [
          2,
          0.029585798816568046
        ],
        [
          3,
          0.0650887573964497
        ]
      ],
      "clean_rank_list": [
        2,
        25,
        16,
        22,
        61,
        9,
        10,
        22,
        68,
        6,
        13,
        10,
        73,
        4,
        9,
        29,
        6,
        44,
        10,
        10,
        24,
        48,
        207,
        14,
        10,
        10,
        1,
        58,
        27,
        14,
        8,
        5,
        45,
        10,
        8,
        20,
        40,
        25,
        55,
        21,
        23,
        13,
        243,
        3,
        26,
        9,
        147,
        9,
        2,
        56,
        38,
        1,
        22,
        57,
        13,
        3,
        36,
        16,
        100,
        17,
        3,
        13,
        17,
        10,
        29,
        24,
        7,
        30,
        81,
        1,
        57,
        7,
        12,
        68,
        53,
        98,
        19,
        1,
        10,
        12,
        150,
        8,
        12,
        40,
        25,
        32,
        58,
        171,
        11,
        47,
        16,
        40,
        18,
        32,
        64,
        25,
        14,
        18,
        9,
        159,
        23,
        3,
        78,
        19,
        12,
        2,
        37,
        15,
        33,
        19,
        13,
        14,
        10,
        22,
        2,
        14,
        62,
        4,
        1,
        3,
        88,
        11,
        13,
        8,
        56,
        34,
        6,
        28,
        370,
        48,
        73,
        2,
        10,
        45,
        14,
        13,
        15,
        60,
        3,
        13,
        2,
        16,
        9,
        23,
        7,
        32,
        20,
        6,
        26,
        67,
        3,
        79,
        25,
        6,
        21,
        22,
        72,
        13,
        14,
        104,
        11,
        38,
        46,
        201,
        26,
        8,
        11,
        4,
        39
      ],
      "intervention_topk": [
        [
          1,
          0.05325443786982249
        ],
        [
          2,
          0.7100591715976331
        ],
        [
          3,
          0.8461538461538461
        ]
      ],