{
  "12": {
    "original": {
      "clean_topk": [
        [
          1,
          0.0
        ],
        [
          2,
          0.047337278106508875
        ],
        [
          3,
          0.07692307692307693
        ]
      ],
      "clean_rank_list": [
        11,
        5,
        31,
        58,
        14,
        8,
        26,
        4,
        14,
        29,
        40,
        36,
        41,
        2,
        37,
        10,
        61,
        18,
        5,
        64,
        5,
        13,
        2,
        8,
        20,
        2,
        12,
        7,
        12,
        61,
        2,
        1,
        28,
        14,
        9,
        5,
        15,
        4,
        6,
        9,
        19,
        36,
        9,
        15,
        28,
        29,
        86,
        13,
        12,
        46,
        39,
        17,
        26,
        1,
        60,
        31,
        33,
        2,
        4,
        1,
        13,
        15,
        5,
        3,
        8,
        58,
        99,
        23,
        6,
        6,
        5,
        13,
        22,
        10,
        26,
        61,
        8,
        20,
        22,
        9,
        38,
        10,
        6,
        4,
        11,
        104,
        7,
        9,
        21,
        32,
        20,
        10,
        6,
        50,
        14,
        30,
        5,
        14,
        23,
        3,
        14,
        11,
        17,
        9,
        15,
        20,
        17,
        14,
        100,
        52,
        5,
        3,
        10,
        17,
        7,
        1,
        11,
        39,
        95,
        5,
        11,
        16,
        65,
        36,
        1,
        15,
        17,
        38,
        11,
        68,
        16,
        27,
        8,
        40,
        100,
        15,
        8,
        14,
        123,
        25,
        10,
        9,
        1,
        9,
        7,
        14,
        7,
        15,
        3,
        13,
        18,
        156,
        20,
        39,
        1,
        25,
        33,
        5,
        1,
        16,
        3,
        25,
        25,
        3,
        10,
        167,
        25,
        40,
        12
      ],
      "intervention_topk": [
        [
          1,
          0.05917159763313609
        ],
        [
          2,
          0.8579881656804734
        ],
        [
          3,
          0.9467455621301775
        ]
      ],
      "intervention_rank_list": [
        1,
        1,
        1,
        1,
        1,
        1,
        1,
        1,
        1,
        4,
        2,
        2,
        1,
        1,
        1,
        1,
        2,
        1,
        1,
        2,
        1,
        0,
        0,
        1,
        1,
        0,
        1,
        1,
        1,
        9,
        1,
        1,
        2,
        1,
        1,
        1,
        1,
        1,
        1,
        1,
        1,
        1,
        2,
        1,
        1,
        1,
        4,
        1,
        1,
        1,
        1,
        1,
        1,
        1,
        2,
        1,
        1,
        1,
        1,
        1,
        1,
        1,
        1,
        0,
        1,
        5,
        2,
        1,
        1,
        1,
        1,
        1,
        1,
        0,
        1,
        1,
        2,
        1,
        1,
        1,
        1,
        1,
        1,
        0,
        1,
        1,
        1,
        1,
        1,
        1,
        1,
        1,
        1,
        1,
        1,
        1,
        1,
        1,
        1,
        1,
        1,
        1,
        1,
        1,
        1,
        1,
        1,
        1,
        1,
        1,
        1,
        1,
        1,
        1,
        1,
        1,
        1,
        2,
        1,
        1,
        1,
        1,
        1,
        2,
        1,
        1,
        1,
        1,
        1,
        6,
        2,
        1,
        1,
        1,
        3,
        1,
        1,
        1,
        1,
        1,
        1,
        1,
        0,
        2,
        1,
        1,
        1,
        1,
        0,
        1,
        1,
        3,
        1,
        1,
        1,
        1,
        5,
        0,
        1,
        1,
        1,
        1,
        2,
        0,
        1,
        5,
        2,
        1,
        1
      ]
    },
    "centred": {
      "clean_topk": [
        [
          1,
          0.0
        ],
        [
          2,
          0.047337278106508875
        ],
        [
          3,
          0.07692307692307693
        ]
      ],
      "clean_rank_list": [
        11,
        5,
        31,
        58,
        14,
        8,
        26,
        4,
        14,
        29,
        40,
        36,
        41,
        2,
        37,
        10,
        61,
        18,
        5,
        64,
        5,
        13,
        2,
        8,
        20,
        2,
        12,
        7,
        12,
        61,
        2,
        1,
        28,
        14,
        9,
        5,
        15,
        4,
        6,
        9,
        19,
        36,
        9,
        15,
        28,
        29,
        86,
        13,
        12,
        46,
        39,
        17,
        26,
        1,
        60,
        31,
        33,
        2,
        4,
        1,
        13,
        15,
        5,
        3,
        8,
        58,
        99,
        23,
        6,
        6,
        5,
        13,
        22,
        10,
        26,
        61,
        8,
        20,
        22,
        9,
        38,
        10,
        6,
        4,
        11,
        104,
        7,
        9,
        21,
        32,
        20,
        10,
        6,
        50,
        14,
        30,
        5,
        14,
        23,
        3,
        14,
        11,
        17,
        9,
        15,
        20,
        17,
        14,
        100,
        52,
        5,
        3,
        10,
        17,
        7,
        1,
        11,
        39,
        95,
        5,
        11,
        16,
        65,
        36,
        1,
        15,
        17,
        38,
        11,
        68,
        16,
        27,
        8,
        40,
        100,
        15,
        8,
        14,
        123,
        25,
        10,
        9,
        1,
        9,
        7,
        14,
        7,
        15,
        3,
        13,
        18,
        156,
        20,
        39,
        1,
        25,
        33,
        5,
        1,
        16,
        3,
        25,
        25,
        3,
        10,
        167,
        25,
        40,
        12
      ],
      "intervention_topk": [
        [
          1,
          0.07692307692307693
        ],
        [
          2,
          0.8106508875739645
        ],
        [
          3,
          0.9112426035502958
        ]
      ],