{
  "12": {
    "original": {
      "clean_topk": [
        [
          1,
          0.0
        ],
        [
          2,
          0.023668639053254437
        ],
        [
          3,
          0.03550295857988166
        ]
      ],
      "clean_rank_list": [
        10,
        22,
        13,
        33,
        26,
        1,
        17,
        40,
        11,
        32,
        13,
        17,
        13,
        10,
        9,
        3,
        63,
        41,
        16,
        19,
        10,
        18,
        13,
        100,
        35,
        20,
        35,
        78,
        5,
        8,
        8,
        45,
        16,
        85,
        123,
        23,
        11,
        12,
        15,
        25,
        9,
        3,
        81,
        3,
        28,
        23,
        5,
        14,
        45,
        54,
        7,
        41,
        3,
        16,
        19,
        4,
        33,
        23,
        40,
        3,
        11,
        68,
        57,
        7,
        7,
        17,
        6,
        5,
        9,
        11,
        13,
        13,
        11,
        32,
        10,
        8,
        10,
        15,
        4,
        32,
        14,
        13,
        18,
        37,
        5,
        10,
        17,
        3,
        5,
        8,
        56,
        8,
        21,
        56,
        72,
        18,
        10,
        171,
        96,
        50,
        11,
        19,
        14,
        6,
        3,
        34,
        7,
        6,
        15,
        16,
        13,
        16,
        192,
        12,
        12,
        6,
        26,
        2,
        39,
        6,
        3,
        24,
        10,
        15,
        1,
        16,
        1,
        44,
        7,
        15,
        12,
        12,
        14,
        11,
        5,
        10,
        1,
        25,
        14,
        12,
        38,
        6,
        26,
        15,
        13,
        40,
        11,
        26,
        34,
        11,
        5,
        25,
        57,
        3,
        9,
        2,
        17,
        14,
        14,
        11,
        9,
        32,
        14,
        26,
        3,
        7,
        30,
        11,
        19
      ],
      "intervention_topk": [
        [
          1,
          0.011834319526627219
        ],
        [
          2,
          0.863905325443787
        ],
        [
          3,
          0.9349112426035503
        ]
      ],
      "intervention_rank_list": [
        1,
        2,
        1,
        5,
        1,
        1,
        1,
        1,
        1,
        1,
        1,
        1,
        1,
        1,
        1,
        1,
        3,
        1,
        1,
        1,
        1,
        1,
        2,
        3,
        1,
        1,
        1,
        1,
        1,
        1,
        1,
        3,
        1,
        1,
        1,
        1,
        1,
        1,
        1,
        2,
        1,
        1,
        3,
        1,
        2,
        2,
        1,
        1,
        2,
        1,
        1,
        1,
        2,
        1,
        1,
        1,
        1,
        2,
        1,
        1,
        1,
        5,
        1,
        1,
        1,
        1,
        1,
        1,
        2,
        1,
        0,
        1,
        1,
        1,
        1,
        1,
        1,
        1,
        1,
        1,
        1,
        1,
        1,
        1,
        1,
        1,
        1,
        0,
        1,
        1,
        1,
        1,
        1,
        1,
        1,
        1,
        2,
        5,
        1,
        1,
        2,
        1,
        1,
        1,
        1,
        1,
        1,
        1,
        1,
        1,
        1,
        1,
        36,
        1,
        1,
        1,
        1,
        1,
        1,
        1,
        1,
        2,
        1,
        1,
        1,
        1,
        1,
        1,
        1,
        1,
        1,
        1,
        1,
        1,
        1,
        1,
        1,
        1,
        1,
        1,
        1,
        1,
        1,
        1,
        1,
        11,
        1,
        1,
        1,
        3,
        1,
        1,
        1,
        1,
        1,
        1,
        1,
        1,
        1,
        1,
        1,
        5,
        1,
        1,
        1,
        1,
        1,
        1,
        1
      ]
    },
    "centred": {
      "clean_topk": [
        [
          1,
          0.0
        ],
        [
          2,
          0.023668639053254437
        ],
        [
          3,
          0.03550295857988166
        ]
      ],
      "clean_rank_list": [
        10,
        22,
        13,
        33,
        26,
        1,
        17,
        40,
        11,
        32,
        13,
        17,
        13,
        10,
        9,
        3,
        63,
        41,
        16,
        19,
        10,
        18,
        13,
        100,
        35,
        20,
        35,
        78,
        5,
        8,
        8,
        45,
        16,
        85,
        123,
        23,
        11,
        12,
        15,
        25,
        9,
        3,
        81,
        3,
        28,
        23,
        5,
        14,
        45,
        54,
        7,
        41,
        3,
        16,
        19,
        4,
        33,
        23,
        40,
        3,
        11,
        68,
        57,
        7,
        7,
        17,
        6,
        5,
        9,
        11,
        13,
        13,
        11,
        32,
        10,
        8,
        10,
        15,
        4,
        32,
        14,
        13,
        18,
        37,
        5,
        10,
        17,
        3,
        5,
        8,
        56,
        8,
        21,
        56,
        72,
        18,
        10,
        171,
        96,
        50,
        11,
        19,
        14,
        6,
        3,
        34,
        7,
        6,
        15,
        16,
        13,
        16,
        192,
        12,
        12,
        6,
        26,
        2,
        39,
        6,
        3,
        24,
        10,
        15,
        1,
        16,
        1,
        44,
        7,
        15,
        12,
        12,
        14,
        11,
        5,
        10,
        1,
        25,
        14,
        12,
        38,
        6,
        26,
        15,
        13,
        40,
        11,
        26,
        34,
        11,
        5,
        25,
        57,
        3,
        9,
        2,
        17,
        14,
        14,
        11,
        9,
        32,
        14,
        26,
        3,
        7,
        30,
        11,
        19
      ],
      "intervention_topk": [
        [
          1,
          0.029585798816568046
        ],
        [
          2,
          0.7692307692307693
        ],
        [
          3,
          0.8875739644970414
        ]
      ],