{
  "12": {
    "original": {
      "clean_topk": [
        [
          1,
          0.017543859649122806
        ],
        [
          2,
          0.017543859649122806
        ],
        [
          3,
          0.017543859649122806
        ]
      ],
      "clean_rank_list": [
        19,
        279,
        299,
        14,
        465,
        169,
        24,
        232,
        90,
        151,
        45,
        147,
        630,
        134,
        593,
        44,
        139,
        8,
        48,
        1959,
        220,
        339,
        129,
        246,
        30,
        59,
        6,
        59,
        61,
        134,
        10,
        131,
        61,
        425,
        32,
        16,
        18,
        9,
        14,
        30,
        227,
        247,
        27,
        285,
        7,
        43,
        46,
        85,
        26,
        34,
        428,
        24,
        149,
        0,
        80,
        13,
        9
      ],
      "intervention_topk": [
        [
          1,
          0.0
        ],
        [
          2,
          0.017543859649122806
        ],
        [
          3,
          0.017543859649122806
        ]
      ],
      "intervention_rank_list": [
        50,
        83,
        12,
        426,
        9,
        1476,
        67,
        118,
        162,
        1060,
        192,
        462,
        646,
        458,
        13,
        325,
        1257,
        38,
        164,
        1607,
        1064,
        7095,
        1372,
        53,
        181,
        132,
        1178,
        1063,
        13,
        1807,
        286,
        171,
        264,
        66,
        49,
        735,
        274,
        47,
        1,
        2026,
        464,
        3057,
        2013,
        549,
        186,
        1112,
        314,
        32,
        328,
        73,
        2222,
        65,
        74,
        12,
        344,
        775,
        401
      ]
    },
    "centred": {
      "clean_topk": [
        [
          1,
          0.017543859649122806
        ],
        [
          2,
          0.017543859649122806
        ],
        [
          3,
          0.017543859649122806
        ]
      ],
      "clean_rank_list": [
        19,
        279,
        299,
        14,
        465,
        169,
        24,
        232,
        90,
        151,
        45,
        147,
        630,
        134,
        593,
        44,
        139,
        8,
        48,
        1959,
        220,
        339,
        129,
        246,
        30,
        59,
        6,
        59,
        61,
        134,
        10,
        131,
        61,
        425,
        32,
        16,
        18,
        9,
        14,
        30,
        227,
        247,
        27,
        285,
        7,
        43,
        46,
        85,
        26,
        34,
        428,
        24,
        149,
        0,
        80,
        13,
        9
      ],
      "intervention_topk": [
        [
          1,
          0.0
        ],
        [
          2,
          0.0
        ],
        [
          3,
          0.0
        ]
      ],
      "intervention_rank_list": [
        159,
        25,
        12,
        523,
        31,
        720,
        65,
        226,
        128,
        2015,
        80,
        284,
        382,
        360,
        65,
        224,
        911,
        10,
        498,
        2080,
        702,
        5093,
        1473,
        88,
        99,
        127,
        1867,
        814,
        6,
        1539,
        249,
        269,
        259,
        184,
        86,
        791,
        178,
        86,
        14,
        2413,
        541,
        1656,
        2539,
        1172,
        752,
        2650,
        368,
        43,
        523,
        115,
        1625,
        60,
        269,
        53,
        779,
        1328,
        279
      ]
    }
  }
}