{
  "12": {
    "original": {
      "clean_topk": [
        [
          1,
          0.21052631578947367
        ],
        [
          2,
          0.2982456140350877
        ],
        [
          3,
          0.3684210526315789
        ]
      ],
      "clean_rank_list": [
        3,
        13,
        0,
        14,
        29,
        32,
        10,
        1,
        23,
        2,
        8,
        11,
        0,
        14,
        9,
        0,
        12,
        21,
        8,
        6,
        0,
        12,
        1,
        3,
        2,
        116,
        0,
        11,
        22,
        3,
        2,
        4,
        0,
        0,
        9,
        2,
        14,
        3,
        1,
        16,
        12,
        1,
        0,
        0,
        38,
        16,
        1,
        4,
        14,
        0,
        98,
        3,
        0,
        9,
        10,
        8,
        0
      ],
      "intervention_topk": [
        [
          1,
          0.0
        ],
        [
          2,
          0.07017543859649122
        ],
        [
          3,
          0.08771929824561403
        ]
      ],
      "intervention_rank_list": [
        25,
        43,
        1,
        277,
        1,
        771,
        22,
        41,
        48,
        845,
        93,
        417,
        416,
        156,
        2,
        159,
        787,
        53,
        112,
        702,
        557,
        3189,
        876,
        12,
        121,
        83,
        1025,
        556,
        3,
        893,
        231,
        147,
        183,
        17,
        23,
        560,
        150,
        50,
        1,
        1305,
        341,
        1739,
        1133,
        376,
        135,
        834,
        180,
        21,
        152,
        38,
        1719,
        40,
        55,
        1,
        165,
        414,
        350
      ]
    },
    "centred": {
      "clean_topk": [
        [
          1,
          0.17543859649122806
        ],
        [
          2,
          0.19298245614035087
        ],
        [
          3,
          0.2631578947368421
        ]
      ],
      "clean_rank_list": [
        10,
        16,
        8,
        0,
        5,
        9,
        3,
        9,
        10,
        0,
        32,
        0,
        1,
        3,
        0,
        0,
        7,
        13,
        11,
        0,
        24,
        50,
        22,
        14,
        3,
        36,
        3,
        0,
        3,
        10,
        10,
        0,
        2,
        15,
        4,
        2,
        15,
        8,
        4,
        187,
        11,
        146,
        2,
        0,
        2,
        0,
        27,
        64,
        6,
        5,
        14,
        6,
        15,
        8,
        7,
        4,
        8
      ],
      "intervention_topk": [
        [
          1,
          0.0
        ],
        [
          2,
          0.0
        ],
        [
          3,
          0.0
        ]
      ],
      "intervention_rank_list": [
        121,
        15,
        4,
        400,
        10,
        644,
        56,
        170,
        65,
        1388,
        91,
        342,
        172,
        114,
        31,
        172,
        630,
        20,
        449,
        1477,
        371,
        2502,
        1021,
        38,
        81,
        49,
        2299,
        424,
        3,
        930,
        190,
        127,
        172,
        62,
        48,
        795,
        58,
        97,
        7,
        3045,
        503,
        1292,
        1660,
        734,
        500,
        2048,
        298,
        7,
        346,
        64,
        1251,
        28,
        90,
        8,
        373,
        905,
        177
      ]
    }
  }
}