{
  "8": {
    "original": {
      "clean_topk": [
        [
          1,
          0.20930232558139536
        ],
        [
          2,
          0.23255813953488372
        ],
        [
          3,
          0.23255813953488372
        ]
      ],
      "clean_rank_list": [
        65,
        0,
        132,
        426,
        39,
        151,
        0,
        0,
        0,
        64,
        12,
        91,
        0,
        116,
        22,
        56,
        0,
        15,
        0,
        1,
        11,
        0,
        20,
        4,
        14,
        32,
        0,
        347,
        9,
        4021,
        111,
        40,
        46,
        19,
        116,
        49,
        13,
        139,
        12,
        67,
        36,
        208,
        3
      ],
      "intervention_topk": [
        [
          1,
          0.20930232558139536
        ],
        [
          2,
          0.37209302325581395
        ],
        [
          3,
          0.46511627906976744
        ]
      ],
      "intervention_rank_list": [
        4,
        0,
        7,
        54,
        10,
        22,
        0,
        0,
        0,
        2,
        2,
        7,
        0,
        26,
        6,
        7,
        0,
        4,
        0,
        1,
        4,
        0,
        4,
        1,
        1,
        5,
        0,
        23,
        1,
        1591,
        36,
        1,
        7,
        2,
        14,
        4,
        1,
        16,
        2,
        3,
        3,
        17,
        1
      ]
    },
    "centred": {
      "clean_topk": [
        [
          1,
          0.20930232558139536
        ],
        [
          2,
          0.23255813953488372
        ],
        [
          3,
          0.23255813953488372
        ]
      ],
      "clean_rank_list": [
        65,
        0,
        132,
        426,
        39,
        151,
        0,
        0,
        0,
        64,
        12,
        91,
        0,
        116,
        22,
        56,
        0,
        15,
        0,
        1,
        11,
        0,
        20,
        4,
        14,
        32,
        0,
        347,
        9,
        4021,
        111,
        40,
        46,
        19,
        116,
        49,
        13,
        139,
        12,
        67,
        36,
        208,
        3
      ],
      "intervention_topk": [
        [
          1,
          0.20930232558139536
        ],
        [
          2,
          0.32558139534883723
        ],
        [
          3,
          0.32558139534883723
        ]
      ],
      "intervention_rank_list": [
        7,
        0,
        12,
        204,
        35,
        55,
        0,
        0,
        0,
        5,
        6,
        29,
        0,
        74,
        12,
        12,
        0,
        7,
        0,
        1,
        6,
        0,
        4,
        1,
        5,
        6,
        0,
        79,
        1,
        2185,
        57,
        6,
        13,
        4,
        62,
        7,
        4,
        41,
        1,
        13,
        10,
        39,
        1
      ]
    }
  },
  "10": {
    "original": {
      "clean_topk": [
        [
          1,
          0.20930232558139536
        ],
        [
          2,
          0.23255813953488372
        ],
        [
          3,
          0.23255813953488372
        ]
      ],
      "clean_rank_list": [
        65,
        0,
        132,
        426,
        39,
        151,
        0,
        0,
        0,
        64,
        12,
        91,
        0,
        116,
        22,
        56,
        0,
        15,
        0,
        1,
        11,
        0,
        20,
        4,
        14,
        32,
        0,
        347,
        9,
        4021,
        111,
        40,
        46,
        19,
        116,
        49,
        13,
        139,
        12,
        67,
        36,
        208,
        3
      ],
      "intervention_topk": [
        [
          1,
          0.20930232558139536
        ],
        [
          2,
          0.5348837209302325
        ],
        [
          3,
          0.6744186046511628
        ]
      ],
      "intervention_rank_list": [
        4,
        0,
        4,
        16,
        4,
        8,
        0,
        0,
        0,
        1,
        1,
        6,
        0,
        4,
        2,
        2,
        0,
        3,
        0,
        1,
        1,
        0,
        1,
        1,
        1,
        2,
        0,
        12,
        1,
        1279,
        6,
        1,
        5,
        1,
        2,
        1,
        1,
        9,
        1,
        2,
        2,
        5,
        1
      ]
    },
    "centred": {
      "clean_topk": [
        [
          1,
          0.20930232558139536
        ],
        [
          2,
          0.23255813953488372
        ],
        [
          3,
          0.23255813953488372
        ]
      ],
      "clean_rank_list": [
        65,
        0,
        132,
        426,
        39,
        151,
        0,
        0,
        0,
        64,
        12,
        91,
        0,
        116,
        22,
        56,
        0,
        15,
        0,
        1,
        11,
        0,
        20,
        4,
        14,
        32,
        0,
        347,
        9,
        4021,
        111,
        40,
        46,
        19,
        116,
        49,
        13,
        139,
        12,
        67,
        36,
        208,
        3
      ],
      "intervention_topk": [
        [
          1,
          0.20930232558139536
        ],
        [
          2,
          0.4186046511627907
        ],
        [
          3,
          0.5581395348837209
        ]
      ],
      "intervention_rank_list": [
        8,
        0,
        3,
        90,
        6,
        16,
        0,
        0,
        0,
        3,
        1,
        8,
        0,
        18,
        4,
        2,
        0,
        4,
        0,
        1,
        1,
        0,
        2,
        1,
        1,
        4,
        0,
        34,
        1,
        1018,
        28,
        2,
        7,
        2,
        21,
        3,
        1,
        12,
        2,
        1,
        2,
        8,
        1
      ]
    }
  },
  "11": {
    "original": {
      "clean_topk": [
        [
          1,
          0.20930232558139536
        ],
        [
          2,
          0.23255813953488372
        ],
        [
          3,
          0.23255813953488372
        ]
      ],
      "clean_rank_list": [
        65,
        0,
        132,
        426,
        39,
        151,
        0,
        0,
        0,
        64,
        12,
        91,
        0,
        116,
        22,
        56,
        0,
        15,
        0,
        1,
        11,
        0,
        20,
        4,
        14,
        32,
        0,
        347,
        9,
        4021,
        111,
        40,
        46,
        19,
        116,
        49,
        13,
        139,
        12,
        67,
        36,
        208,
        3
      ],
      "intervention_topk": [
        [
          1,
          0.20930232558139536
        ],
        [
          2,
          0.6744186046511628
        ],
        [
          3,
          0.8604651162790697
        ]
      ],
      "intervention_rank_list": [
        2,
        0,
        3,
        2,
        2,
        2,
        0,
        0,
        0,
        1,
        1,
        4,
        0,
        1,
        2,
        1,
        0,
        3,
        0,
        1,
        1,
        0,
        1,
        1,
        1,
        1,
        0,
        5,
        1,
        1000,
        2,
        1,
        2,
        1,
        1,
        1,
        1,
        4,
        1,
        1,
        2,
        1,
        1
      ]
    },