{
  "8": {
    "original": {
      "clean_topk": [
        [
          1,
          0.23255813953488372
        ],
        [
          2,
          0.2558139534883721
        ],
        [
          3,
          0.3023255813953488
        ]
      ],
      "clean_rank_list": [
        3,
        25,
        57,
        172,
        69,
        0,
        426,
        0,
        135,
        59,
        2,
        0,
        144,
        96,
        0,
        87,
        0,
        39,
        17,
        4,
        31,
        5,
        132,
        0,
        14,
        2,
        167,
        416,
        0,
        28,
        32,
        1,
        121,
        14,
        13,
        0,
        0,
        91,
        111,
        96,
        40,
        56,
        0
      ],
      "intervention_topk": [
        [
          1,
          0.27906976744186046
        ],
        [
          2,
          0.4883720930232558
        ],
        [
          3,
          0.4883720930232558
        ]
      ],
      "intervention_rank_list": [
        0,
        6,
        8,
        10,
        19,
        0,
        54,
        0,
        10,
        3,
        1,
        0,
        16,
        12,
        0,
        9,
        0,
        10,
        1,
        1,
        6,
        1,
        11,
        0,
        1,
        1,
        19,
        122,
        0,
        6,
        4,
        0,
        5,
        1,
        1,
        0,
        0,
        7,
        34,
        9,
        1,
        6,
        0
      ]
    },
    "centred": {
      "clean_topk": [
        [
          1,
          0.23255813953488372
        ],
        [
          2,
          0.2558139534883721
        ],
        [
          3,
          0.3023255813953488
        ]
      ],
      "clean_rank_list": [
        3,
        25,
        57,
        172,
        69,
        0,
        426,
        0,
        135,
        59,
        2,
        0,
        144,
        96,
        0,
        87,
        0,
        39,
        17,
        4,
        31,
        5,
        132,
        0,
        14,
        2,
        167,
        416,
        0,
        28,
        32,
        1,
        121,
        14,
        13,
        0,
        0,
        91,
        111,
        96,
        40,
        56,
        0
      ],
      "intervention_topk": [
        [
          1,
          0.27906976744186046
        ],
        [
          2,
          0.3953488372093023
        ],
        [
          3,
          0.3953488372093023
        ]
      ],
      "intervention_rank_list": [
        0,
        9,
        7,
        29,
        20,
        0,
        206,
        0,
        13,
        12,
        1,
        0,
        60,
        27,
        0,
        10,
        0,
        34,
        3,
        1,
        11,
        1,
        48,
        0,
        1,
        1,
        35,
        243,
        0,
        8,
        11,
        0,
        21,
        5,
        4,
        0,
        0,
        25,
        56,
        23,
        6,
        9,
        0
      ]
    }
  },
  "10": {
    "original": {
      "clean_topk": [
        [
          1,
          0.23255813953488372
        ],
        [
          2,
          0.2558139534883721
        ],
        [
          3,
          0.3023255813953488
        ]
      ],
      "clean_rank_list": [
        3,
        25,
        57,
        172,
        69,
        0,
        426,
        0,
        135,
        59,
        2,
        0,
        144,
        96,
        0,
        87,
        0,
        39,
        17,
        4,
        31,
        5,
        132,
        0,
        14,
        2,
        167,
        416,
        0,
        28,
        32,
        1,
        121,
        14,
        13,
        0,
        0,
        91,
        111,
        96,
        40,
        56,
        0
      ],
      "intervention_topk": [
        [
          1,
          0.27906976744186046
        ],
        [
          2,
          0.5581395348837209
        ],
        [
          3,
          0.6511627906976745
        ]
      ],
      "intervention_rank_list": [
        0,
        2,
        4,
        6,
        9,
        0,
        15,
        0,
        4,
        3,
        1,
        0,
        9,
        2,
        0,
        3,
        0,
        4,
        1,
        1,
        2,
        1,
        4,
        0,
        1,
        1,
        7,
        50,
        0,
        3,
        1,
        0,
        1,
        1,
        1,
        0,
        0,
        1,
        6,
        3,
        1,
        2,
        0
      ]
    },
    "centred": {
      "clean_topk": [
        [
          1,
          0.23255813953488372
        ],
        [
          2,
          0.2558139534883721
        ],
        [
          3,
          0.3023255813953488
        ]
      ],
      "clean_rank_list": [
        3,
        25,
        57,
        172,
        69,
        0,
        426,
        0,
        135,
        59,
        2,
        0,
        144,
        96,
        0,
        87,
        0,
        39,
        17,
        4,
        31,
        5,
        132,
        0,
        14,
        2,
        167,
        416,
        0,
        28,
        32,
        1,
        121,
        14,
        13,
        0,
        0,
        91,
        111,
        96,
        40,
        56,
        0
      ],
      "intervention_topk": [
        [
          1,
          0.27906976744186046
        ],
        [
          2,
          0.46511627906976744
        ],
        [
          3,
          0.5348837209302325
        ]
      ],
      "intervention_rank_list": [
        0,
        12,
        3,
        7,
        9,
        0,
        93,
        0,
        11,
        6,
        1,
        0,
        6,
        12,
        0,
        5,
        0,
        6,
        1,
        1,
        2,
        1,
        12,
        0,
        1,
        1,
        29,
        91,
        0,
        4,
        3,
        0,
        9,
        1,
        1,
        0,
        0,
        6,
        28,
        8,
        2,
        2,
        0
      ]
    }
  },
  "11": {
    "original": {
      "clean_topk": [
        [
          1,
          0.23255813953488372
        ],
        [
          2,
          0.2558139534883721
        ],
        [
          3,
          0.3023255813953488
        ]
      ],
      "clean_rank_list": [
        3,
        25,
        57,
        172,
        69,
        0,
        426,
        0,
        135,
        59,
        2,
        0,
        144,
        96,
        0,
        87,
        0,
        39,
        17,
        4,
        31,
        5,
        132,
        0,
        14,
        2,
        167,
        416,
        0,
        28,
        32,
        1,
        121,
        14,
        13,
        0,
        0,
        91,
        111,
        96,
        40,
        56,
        0
      ],
      "intervention_topk": [
        [
          1,
          0.27906976744186046
        ],
        [
          2,
          0.7441860465116279
        ],
        [
          3,
          0.9534883720930233
        ]
      ],
      "intervention_rank_list": [
        0,
        1,
        1,
        2,
        2,
        0,
        2,
        0,
        1,
        1,
        1,
        0,
        3,
        1,
        0,
        2,
        0,
        2,
        1,
        1,
        1,
        1,
        2,
        0,
        1,
        1,
        2,
        8,
        0,
        2,
        1,
        0,
        1,
        1,
        1,
        0,
        0,
        1,
        2,
        1,
        1,
        1,
        0
      ]
    },
    "centred": {
      "clean_topk": [
        [
          1,
          0.23255813953488372
        ],
        [
          2,
          0.2558139534883721
        ],
        [
          3,
          0.3023255813953488
        ]
      ],