{
  "12": {
    "original": {
      "clean_topk": [
        [
          1,
          0.20930232558139536
        ],
        [
          2,
          0.32558139534883723
        ],
        [
          3,
          0.3488372093023256
        ]
      ],
      "clean_rank_list": [
        0,
        0,
        32,
        1504,
        1,
        25,
        27,
        0,
        0,
        622,
        4,
        995,
        3,
        4,
        240,
        1,
        1,
        0,
        0,
        0,
        12,
        57,
        5,
        38,
        5,
        0,
        19,
        6,
        3,
        0,
        21,
        287,
        68,
        15,
        86,
        303,
        2,
        26,
        11,
        16,
        1,
        1,
        20
      ],
      "intervention_topk": [
        [
          1,
          0.8604651162790697
        ],
        [
          2,
          1.0
        ],
        [
          3,
          1.0
        ]
      ],
      "intervention_rank_list": [
        0,
        0,
        0,
        0,
        0,
        0,
        0,
        0,
        0,
        0,
        0,
        0,
        0,
        0,
        1,
        0,
        1,
        0,
        0,
        0,
        1,
        0,
        0,
        0,
        0,
        0,
        0,
        0,
        0,
        0,
        0,
        1,
        1,
        0,
        0,
        0,
        0,
        0,
        0,
        0,
        1,
        0,
        0
      ]
    },
    "centred": {
      "clean_topk": [
        [
          1,
          0.3023255813953488
        ],
        [
          2,
          0.3953488372093023
        ],
        [
          3,
          0.46511627906976744
        ]
      ],
      "clean_rank_list": [
        0,
        55,
        15,
        417,
        40,
        20,
        1,
        49,
        0,
        28,
        0,
        79,
        1,
        6,
        102,
        0,
        2,
        2,
        13,
        0,
        76,
        0,
        1,
        22,
        0,
        8,
        52,
        0,
        0,
        10,
        21,
        0,
        7,
        1,
        47,
        7,
        0,
        0,
        0,
        5,
        25,
        2,
        24
      ],
      "intervention_topk": [
        [
          1,
          0.8604651162790697
        ],
        [
          2,
          0.9534883720930233
        ],
        [
          3,
          0.9767441860465116
        ]
      ],
      "intervention_rank_list": [
        0,
        0,
        0,
        2,
        1,
        0,
        0,
        0,
        0,
        0,
        0,
        0,
        0,
        0,
        9,
        0,
        1,
        1,
        0,
        0,
        0,
        0,
        0,
        0,
        0,
        0,
        1,
        0,
        0,
        0,
        0,
        0,
        0,
        0,
        0,
        0,
        0,
        0,
        0,
        0,
        0,
        0,
        0
      ]
    }
  }
}