{
  "12": {
    "original": {
      "clean_topk": [
        [
          1,
          0.27906976744186046
        ],
        [
          2,
          0.3023255813953488
        ],
        [
          3,
          0.3023255813953488
        ]
      ],
      "clean_rank_list": [
        0,
        0,
        0,
        0,
        91,
        53,
        20,
        208,
        40,
        0,
        73,
        0,
        57,
        5,
        1,
        78,
        49,
        36,
        18,
        4,
        151,
        3,
        0,
        16,
        132,
        87,
        9,
        75,
        51,
        16,
        407,
        0,
        0,
        10,
        91,
        14,
        144,
        4021,
        0,
        0,
        20,
        0,
        23
      ],
      "intervention_topk": [
        [
          1,
          0.3023255813953488
        ],
        [
          2,
          0.8604651162790697
        ],
        [
          3,
          0.9534883720930233
        ]
      ],
      "intervention_rank_list": [
        0,
        0,
        0,
        0,
        2,
        1,
        1,
        1,
        1,
        0,
        1,
        0,
        1,
        1,
        1,
        3,
        1,
        1,
        1,
        1,
        1,
        0,
        0,
        2,
        1,
        1,
        1,
        1,
        1,
        1,
        2,
        0,
        0,
        1,
        1,
        1,
        2,
        860,
        0,
        0,
        1,
        0,
        1
      ]
    },
    "centred": {
      "clean_topk": [
        [
          1,
          0.27906976744186046
        ],
        [
          2,
          0.3023255813953488
        ],
        [
          3,
          0.3023255813953488
        ]
      ],
      "clean_rank_list": [
        0,
        0,
        0,
        0,
        91,
        53,
        20,
        208,
        40,
        0,
        73,
        0,
        57,
        5,
        1,
        78,
        49,
        36,
        18,
        4,
        151,
        3,
        0,
        16,
        132,
        87,
        9,
        75,
        51,
        16,
        407,
        0,
        0,
        10,
        91,
        14,
        144,
        4021,
        0,
        0,
        20,
        0,
        23
      ],
      "intervention_topk": [
        [
          1,
          0.3023255813953488
        ],
        [
          2,
          0.6511627906976745
        ],
        [
          3,
          0.813953488372093
        ]
      ],
      "intervention_rank_list": [
        0,
        0,
        0,
        0,
        3,
        1,
        2,
        1,
        1,
        0,
        1,
        0,
        1,
        1,
        1,
        3,
        1,
        3,
        4,
        1,
        2,
        0,
        0,
        2,
        2,
        3,
        1,
        1,
        1,
        2,
        1,
        0,
        0,
        3,
        1,
        1,
        2,
        591,
        0,
        0,
        2,
        0,
        3
      ]
    }
  }
}