{
  "12": {
    "original": {
      "clean_topk": [
        [
          1,
          0.27906976744186046
        ],
        [
          2,
          0.32558139534883723
        ],
        [
          3,
          0.3488372093023256
        ]
      ],
      "clean_rank_list": [
        153,
        30,
        0,
        1,
        57,
        0,
        0,
        149,
        1,
        0,
        0,
        0,
        16,
        15,
        0,
        40,
        0,
        208,
        20,
        56,
        0,
        85,
        0,
        4,
        23,
        9,
        9,
        2,
        159,
        426,
        0,
        53,
        18,
        139,
        32,
        32,
        3,
        0,
        7,
        16,
        14,
        21,
        58
      ],
      "intervention_topk": [
        [
          1,
          0.3023255813953488
        ],
        [
          2,
          0.9534883720930233
        ],
        [
          3,
          1.0
        ]
      ],
      "intervention_rank_list": [
        1,
        1,
        0,
        1,
        1,
        0,
        0,
        1,
        0,
        0,
        0,
        0,
        2,
        1,
        0,
        1,
        0,
        1,
        1,
        1,
        0,
        1,
        0,
        1,
        1,
        1,
        1,
        1,
        2,
        1,
        0,
        1,
        1,
        1,
        1,
        1,
        1,
        0,
        1,
        1,
        1,
        1,
        1
      ]
    },
    "centred": {
      "clean_topk": [
        [
          1,
          0.27906976744186046
        ],
        [
          2,
          0.32558139534883723
        ],
        [
          3,
          0.3488372093023256
        ]
      ],
      "clean_rank_list": [
        153,
        30,
        0,
        1,
        57,
        0,
        0,
        149,
        1,
        0,
        0,
        0,
        16,
        15,
        0,
        40,
        0,
        208,
        20,
        56,
        0,
        85,
        0,
        4,
        23,
        9,
        9,
        2,
        159,
        426,
        0,
        53,
        18,
        139,
        32,
        32,
        3,
        0,
        7,
        16,
        14,
        21,
        58
      ],
      "intervention_topk": [
        [
          1,
          0.27906976744186046
        ],
        [
          2,
          0.7674418604651163
        ],
        [
          3,
          0.8372093023255814
        ]
      ],
      "intervention_rank_list": [
        4,
        4,
        0,
        1,
        1,
        0,
        0,
        13,
        1,
        0,
        0,
        0,
        2,
        1,
        0,
        1,
        0,
        1,
        2,
        1,
        0,
        1,
        0,
        1,
        3,
        1,
        1,
        1,
        3,
        23,
        0,
        1,
        3,
        1,
        1,
        1,
        1,
        0,
        1,
        2,
        1,
        1,
        1
      ]
    }
  }
}