{
  "12": {
    "original": {
      "clean_topk": [
        [
          1,
          0.32558139534883723
        ],
        [
          2,
          0.32558139534883723
        ],
        [
          3,
          0.32558139534883723
        ]
      ],
      "clean_rank_list": [
        0,
        122,
        3,
        0,
        0,
        59,
        0,
        11,
        0,
        0,
        416,
        0,
        64,
        0,
        0,
        172,
        0,
        65,
        30,
        36,
        35,
        60,
        159,
        0,
        96,
        14,
        0,
        36,
        40,
        0,
        9,
        47,
        135,
        142,
        116,
        23,
        57,
        0,
        29,
        6,
        3,
        9,
        32
      ],
      "intervention_topk": [
        [
          1,
          0.3488372093023256
        ],
        [
          2,
          0.9069767441860465
        ],
        [
          3,
          0.9534883720930233
        ]
      ],
      "intervention_rank_list": [
        0,
        1,
        0,
        0,
        0,
        1,
        0,
        1,
        0,
        0,
        3,
        0,
        1,
        0,
        0,
        1,
        0,
        2,
        1,
        1,
        1,
        1,
        1,
        0,
        1,
        1,
        0,
        1,
        1,
        0,
        2,
        1,
        1,
        3,
        1,
        1,
        1,
        0,
        1,
        1,
        1,
        1,
        1
      ]
    },
    "centred": {
      "clean_topk": [
        [
          1,
          0.32558139534883723
        ],
        [
          2,
          0.32558139534883723
        ],
        [
          3,
          0.32558139534883723
        ]
      ],
      "clean_rank_list": [
        0,
        122,
        3,
        0,
        0,
        59,
        0,
        11,
        0,
        0,
        416,
        0,
        64,
        0,
        0,
        172,
        0,
        65,
        30,
        36,
        35,
        60,
        159,
        0,
        96,
        14,
        0,
        36,
        40,
        0,
        9,
        47,
        135,
        142,
        116,
        23,
        57,
        0,
        29,
        6,
        3,
        9,
        32
      ],
      "intervention_topk": [
        [
          1,
          0.3488372093023256
        ],
        [
          2,
          0.6511627906976745
        ],
        [
          3,
          0.7441860465116279
        ]
      ],
      "intervention_rank_list": [
        0,
        4,
        0,
        0,
        0,
        3,
        0,
        1,
        0,
        0,
        30,
        0,
        1,
        0,
        0,
        1,
        0,
        5,
        4,
        2,
        1,
        9,
        1,
        0,
        5,
        1,
        0,
        2,
        1,
        0,
        2,
        6,
        3,
        3,
        1,
        3,
        1,
        0,
        2,
        1,
        1,
        1,
        1
      ]
    }
  }
}