{
  "12": {
    "original": {
      "clean_topk": [
        [
          1,
          0.20930232558139536
        ],
        [
          2,
          0.27906976744186046
        ],
        [
          3,
          0.3023255813953488
        ]
      ],
      "clean_rank_list": [
        38,
        209,
        0,
        39,
        0,
        22,
        16,
        0,
        14,
        167,
        20,
        125,
        26,
        44,
        426,
        0,
        16,
        58,
        0,
        121,
        1,
        0,
        14,
        2,
        3,
        51,
        1,
        1,
        28,
        23,
        122,
        16,
        59,
        208,
        11,
        16,
        0,
        0,
        35,
        53,
        85,
        0,
        85
      ],
      "intervention_topk": [
        [
          1,
          0.27906976744186046
        ],
        [
          2,
          0.9302325581395349
        ],
        [
          3,
          1.0
        ]
      ],
      "intervention_rank_list": [
        1,
        1,
        0,
        1,
        0,
        1,
        2,
        0,
        1,
        1,
        1,
        1,
        1,
        1,
        1,
        0,
        1,
        2,
        0,
        1,
        1,
        0,
        1,
        0,
        0,
        1,
        1,
        0,
        1,
        1,
        1,
        1,
        1,
        1,
        1,
        2,
        0,
        0,
        1,
        1,
        1,
        0,
        1
      ]
    },
    "centred": {
      "clean_topk": [
        [
          1,
          0.20930232558139536
        ],
        [
          2,
          0.27906976744186046
        ],
        [
          3,
          0.3023255813953488
        ]
      ],
      "clean_rank_list": [
        38,
        209,
        0,
        39,
        0,
        22,
        16,
        0,
        14,
        167,
        20,
        125,
        26,
        44,
        426,
        0,
        16,
        58,
        0,
        121,
        1,
        0,
        14,
        2,
        3,
        51,
        1,
        1,
        28,
        23,
        122,
        16,
        59,
        208,
        11,
        16,
        0,
        0,
        35,
        53,
        85,
        0,
        85
      ],
      "intervention_topk": [
        [
          1,
          0.27906976744186046
        ],
        [
          2,
          0.7209302325581395
        ],
        [
          3,
          0.813953488372093
        ]
      ],
      "intervention_rank_list": [
        1,
        10,
        0,
        1,
        0,
        1,
        2,
        0,
        1,
        3,
        1,
        1,
        1,
        1,
        26,
        0,
        2,
        8,
        0,
        3,
        1,
        0,
        1,
        0,
        0,
        1,
        1,
        0,
        1,
        3,
        4,
        1,
        3,
        1,
        1,
        2,
        0,
        0,
        1,
        1,
        2,
        0,
        1
      ]
    }
  }
}