{
  "12": {
    "original": {
      "clean_topk": [
        [
          1,
          0.16279069767441862
        ],
        [
          2,
          0.2558139534883721
        ],
        [
          3,
          0.3023255813953488
        ]
      ],
      "clean_rank_list": [
        1,
        3,
        1,
        3,
        35,
        43,
        0,
        0,
        3,
        26,
        0,
        1,
        52,
        61,
        17,
        952,
        36,
        8,
        7,
        28,
        268,
        133,
        227,
        5,
        20,
        0,
        15,
        0,
        14,
        2,
        155,
        97,
        2,
        182,
        0,
        1,
        7,
        42,
        57,
        3,
        92,
        209,
        0
      ],
      "intervention_topk": [
        [
          1,
          0.8372093023255814
        ],
        [
          2,
          0.9534883720930233
        ],
        [
          3,
          1.0
        ]
      ],
      "intervention_rank_list": [
        0,
        0,
        0,
        0,
        0,
        0,
        0,
        0,
        0,
        0,
        0,
        0,
        0,
        1,
        0,
        2,
        0,
        0,
        1,
        0,
        0,
        1,
        1,
        0,
        0,
        0,
        0,
        0,
        0,
        0,
        0,
        1,
        0,
        2,
        0,
        0,
        0,
        0,
        0,
        0,
        0,
        0,
        0
      ]
    },
    "centred": {
      "clean_topk": [
        [
          1,
          0.13953488372093023
        ],
        [
          2,
          0.20930232558139536
        ],
        [
          3,
          0.27906976744186046
        ]
      ],
      "clean_rank_list": [
        8,
        2,
        10,
        222,
        49,
        9,
        13,
        2,
        23,
        1,
        14,
        19,
        31,
        14,
        17,
        43,
        21,
        2,
        294,
        0,
        10,
        113,
        133,
        37,
        275,
        20,
        0,
        9,
        55,
        158,
        26,
        8,
        5,
        1,
        0,
        0,
        0,
        8,
        21,
        1,
        285,
        0,
        473
      ],
      "intervention_topk": [
        [
          1,
          0.9069767441860465
        ],
        [
          2,
          0.9302325581395349
        ],
        [
          3,
          0.9534883720930233
        ]
      ],
      "intervention_rank_list": [
        0,
        0,
        0,
        3,
        0,
        0,
        0,
        0,
        0,
        0,
        0,
        0,
        0,
        0,
        0,
        0,
        0,
        0,
        4,
        0,
        0,
        0,
        2,
        0,
        0,
        0,
        0,
        0,
        0,
        0,
        0,
        0,
        0,
        0,
        0,
        0,
        0,
        1,
        0,
        0,
        0,
        0,
        0
      ]
    }
  }
}