{
  "12": {
    "original": {
      "clean_topk": [
        [
          1,
          0.27906976744186046
        ],
        [
          2,
          0.3488372093023256
        ],
        [
          3,
          0.4186046511627907
        ]
      ],
      "clean_rank_list": [
        22,
        0,
        19,
        0,
        0,
        3,
        7,
        88,
        19,
        11,
        29,
        0,
        26,
        14,
        64,
        36,
        33,
        1,
        3,
        0,
        13,
        12,
        0,
        12,
        0,
        0,
        53,
        0,
        55,
        199,
        16,
        31,
        2,
        2,
        15,
        1,
        25,
        2,
        0,
        0,
        0,
        4,
        1
      ],
      "intervention_topk": [
        [
          1,
          0.9069767441860465
        ],
        [
          2,
          0.9767441860465116
        ],
        [
          3,
          1.0
        ]
      ],
      "intervention_rank_list": [
        0,
        0,
        0,
        0,
        0,
        0,
        0,
        2,
        0,
        0,
        1,
        0,
        0,
        0,
        1,
        0,
        0,
        0,
        0,
        0,
        0,
        0,
        0,
        0,
        0,
        0,
        0,
        0,
        0,
        1,
        0,
        0,
        0,
        0,
        0,
        0,
        0,
        0,
        0,
        0,
        0,
        0,
        0
      ]
    },
    "centred": {
      "clean_topk": [
        [
          1,
          0.18604651162790697
        ],
        [
          2,
          0.2558139534883721
        ],
        [
          3,
          0.27906976744186046
        ]
      ],
      "clean_rank_list": [
        12,
        6,
        29,
        2,
        0,
        24,
        59,
        23,
        10,
        5,
        70,
        0,
        6,
        10,
        4,
        11,
        4,
        28,
        14,
        0,
        1,
        21,
        8,
        0,
        3,
        1,
        0,
        0,
        101,
        0,
        8,
        5,
        0,
        65,
        36,
        11,
        11,
        41,
        5,
        48,
        1,
        6,
        13
      ],
      "intervention_topk": [
        [
          1,
          0.8604651162790697
        ],
        [
          2,
          0.9302325581395349
        ],
        [
          3,
          0.9767441860465116
        ]
      ],
      "intervention_rank_list": [
        0,
        0,
        0,
        0,
        0,
        1,
        0,
        2,
        0,
        0,
        1,
        0,
        0,
        0,
        0,
        0,
        0,
        0,
        0,
        0,
        0,
        0,
        0,
        0,
        0,
        0,
        0,
        0,
        0,
        0,
        0,
        0,
        0,
        1,
        5,
        0,
        0,
        0,
        0,
        2,
        0,
        0,
        0
      ]
    }
  }
}