{
  "12": {
    "original": {
      "clean_topk": [
        [
          1,
          0.18604651162790697
        ],
        [
          2,
          0.37209302325581395
        ],
        [
          3,
          0.4186046511627907
        ]
      ],
      "clean_rank_list": [
        140,
        0,
        20,
        2,
        2,
        1,
        0,
        21,
        0,
        0,
        0,
        5,
        757,
        20,
        116,
        1,
        80,
        0,
        1,
        11,
        31,
        1,
        1,
        1,
        16,
        107,
        17,
        95,
        150,
        8,
        93,
        82,
        13,
        5,
        1,
        11,
        30,
        3,
        7,
        10,
        0,
        0,
        1
      ],
      "intervention_topk": [
        [
          1,
          0.8837209302325582
        ],
        [
          2,
          0.9767441860465116
        ],
        [
          3,
          0.9767441860465116
        ]
      ],
      "intervention_rank_list": [
        0,
        0,
        0,
        0,
        0,
        0,
        0,
        0,
        0,
        0,
        0,
        0,
        3,
        0,
        0,
        0,
        0,
        0,
        0,
        0,
        0,
        0,
        0,
        0,
        0,
        1,
        0,
        0,
        1,
        0,
        0,
        1,
        1,
        0,
        0,
        0,
        0,
        0,
        0,
        0,
        0,
        0,
        0
      ]
    },
    "centred": {
      "clean_topk": [
        [
          1,
          0.20930232558139536
        ],
        [
          2,
          0.3023255813953488
        ],
        [
          3,
          0.3953488372093023
        ]
      ],
      "clean_rank_list": [
        4,
        1,
        62,
        6,
        11,
        113,
        5,
        75,
        25,
        2,
        0,
        1,
        177,
        1,
        569,
        0,
        12,
        0,
        10,
        2,
        0,
        2,
        0,
        0,
        0,
        192,
        12,
        27,
        20,
        12,
        234,
        3,
        334,
        6,
        1,
        0,
        2,
        34,
        42,
        0,
        4,
        18,
        19
      ],
      "intervention_topk": [
        [
          1,
          0.813953488372093
        ],
        [
          2,
          0.9069767441860465
        ],
        [
          3,
          0.9302325581395349
        ]
      ],
      "intervention_rank_list": [
        0,
        0,
        3,
        0,
        0,
        3,
        0,
        2,
        0,
        0,
        0,
        0,
        1,
        0,
        0,
        0,
        0,
        0,
        0,
        0,
        0,
        0,
        0,
        0,
        0,
        6,
        0,
        0,
        1,
        0,
        0,
        0,
        1,
        0,
        0,
        0,
        0,
        1,
        0,
        0,
        0,
        0,
        0
      ]
    }
  }
}