{
  "12": {
    "original": {
      "clean_topk": [
        [
          1,
          0.16279069767441862
        ],
        [
          2,
          0.20930232558139536
        ],
        [
          3,
          0.3488372093023256
        ]
      ],
      "clean_rank_list": [
        0,
        20,
        13,
        11,
        55,
        2,
        402,
        623,
        0,
        2,
        2,
        12,
        10,
        1,
        0,
        3,
        1,
        14,
        0,
        0,
        2,
        16,
        26,
        2,
        22,
        38,
        0,
        0,
        6,
        8,
        71,
        8,
        100,
        5,
        2,
        366,
        15,
        80,
        50,
        24,
        12,
        14,
        34
      ],
      "intervention_topk": [
        [
          1,
          0.8604651162790697
        ],
        [
          2,
          0.9302325581395349
        ],
        [
          3,
          1.0
        ]
      ],
      "intervention_rank_list": [
        0,
        0,
        2,
        1,
        1,
        0,
        2,
        0,
        0,
        0,
        0,
        0,
        0,
        0,
        0,
        0,
        0,
        0,
        0,
        0,
        0,
        0,
        0,
        0,
        0,
        1,
        0,
        0,
        0,
        0,
        0,
        0,
        0,
        0,
        0,
        2,
        0,
        0,
        0,
        0,
        0,
        0,
        0
      ]
    },
    "centred": {
      "clean_topk": [
        [
          1,
          0.09302325581395349
        ],
        [
          2,
          0.18604651162790697
        ],
        [
          3,
          0.20930232558139536
        ]
      ],
      "clean_rank_list": [
        5,
        15,
        29,
        26,
        363,
        10,
        51,
        3,
        10,
        12,
        5,
        4,
        4,
        0,
        0,
        0,
        79,
        1,
        268,
        8,
        17,
        12,
        52,
        5,
        4,
        3,
        8,
        19,
        3,
        374,
        59,
        2,
        111,
        1,
        19,
        49,
        0,
        69,
        1,
        11,
        60,
        4,
        1
      ],
      "intervention_topk": [
        [
          1,
          0.8372093023255814
        ],
        [
          2,
          0.9767441860465116
        ],
        [
          3,
          1.0
        ]
      ],
      "intervention_rank_list": [
        0,
        0,
        0,
        0,
        1,
        0,
        0,
        1,
        0,
        0,
        0,
        0,
        0,
        0,
        0,
        0,
        0,
        0,
        0,
        0,
        0,
        1,
        0,
        0,
        2,
        0,
        0,
        0,
        0,
        0,
        1,
        0,
        0,
        1,
        0,
        0,
        0,
        0,
        0,
        0,
        1,
        0,
        0
      ]
    }
  }
}