{
  "12": {
    "original": {
      "clean_topk": [
        [
          1,
          0.18604651162790697
        ],
        [
          2,
          0.20930232558139536
        ],
        [
          3,
          0.20930232558139536
        ]
      ],
      "clean_rank_list": [
        184,
        85,
        0,
        208,
        21,
        91,
        0,
        18,
        87,
        19,
        159,
        56,
        159,
        116,
        0,
        4,
        51,
        36,
        144,
        17,
        11,
        6,
        9,
        142,
        58,
        14,
        149,
        0,
        85,
        0,
        39,
        132,
        1,
        0,
        0,
        12,
        56,
        0,
        453,
        135,
        65,
        172,
        447
      ],
      "intervention_topk": [
        [
          1,
          0.20930232558139536
        ],
        [
          2,
          0.8372093023255814
        ],
        [
          3,
          0.9767441860465116
        ]
      ],
      "intervention_rank_list": [
        1,
        1,
        0,
        1,
        1,
        2,
        0,
        1,
        1,
        1,
        2,
        1,
        1,
        1,
        0,
        1,
        1,
        1,
        2,
        1,
        1,
        1,
        1,
        3,
        2,
        1,
        1,
        0,
        1,
        0,
        1,
        1,
        0,
        0,
        0,
        1,
        1,
        0,
        2,
        1,
        2,
        1,
        1
      ]
    },
    "centred": {
      "clean_topk": [
        [
          1,
          0.18604651162790697
        ],
        [
          2,
          0.20930232558139536
        ],
        [
          3,
          0.20930232558139536
        ]
      ],
      "clean_rank_list": [
        184,
        85,
        0,
        208,
        21,
        91,
        0,
        18,
        87,
        19,
        159,
        56,
        159,
        116,
        0,
        4,
        51,
        36,
        144,
        17,
        11,
        6,
        9,
        142,
        58,
        14,
        149,
        0,
        85,
        0,
        39,
        132,
        1,
        0,
        0,
        12,
        56,
        0,
        453,
        135,
        65,
        172,
        447
      ],
      "intervention_topk": [
        [
          1,
          0.20930232558139536
        ],
        [
          2,
          0.5581395348837209
        ],
        [
          3,
          0.6744186046511628
        ]
      ],
      "intervention_rank_list": [
        2,
        3,
        0,
        1,
        1,
        3,
        0,
        4,
        6,
        1,
        6,
        1,
        1,
        6,
        0,
        1,
        1,
        2,
        2,
        1,
        1,
        1,
        2,
        3,
        8,
        1,
        16,
        0,
        2,
        0,
        1,
        6,
        0,
        0,
        0,
        1,
        1,
        0,
        13,
        3,
        6,
        1,
        4
      ]
    }
  }
}