{
  "12": {
    "original": {
      "clean_topk": [
        [
          1,
          0.01875
        ],
        [
          2,
          0.15625
        ],
        [
          3,
          0.19375
        ]
      ],
      "clean_rank_list": [
        1158,
        58,
        10,
        63,
        31,
        32,
        12,
        28,
        25,
        78,
        25,
        4,
        270,
        1926,
        16,
        39,
        7,
        8,
        14,
        50,
        145,
        418,
        41,
        3,
        631,
        9,
        55,
        33,
        487,
        205,
        47,
        17,
        1,
        1,
        6,
        2502,
        6,
        23,
        9,
        244,
        66,
        27,
        15,
        94,
        17,
        7,
        268,
        360,
        1,
        6233,
        60,
        360,
        1,
        4,
        11,
        7,
        32,
        68,
        88,
        16,
        6,
        24,
        54,
        633,
        27,
        4,
        315,
        1,
        73,
        3,
        51,
        25,
        38,
        48,
        15,
        4,
        32,
        0,
        1,
        10269,
        1,
        179,
        20,
        143,
        1,
        47,
        5,
        3,
        2,
        276,
        1,
        53,
        1853,
        52,
        4,
        144,
        3,
        1,
        51,
        32,
        1,
        0,
        2136,
        1242,
        52,
        68,
        131,
        3,
        1,
        34,
        9,
        7,
        1,
        37,
        93,
        2,
        264,
        2266,
        1,
        18,
        29,
        102,
        5904,
        188,
        139,
        0,
        1,
        16,
        7,
        54,
        0,
        9,
        284,
        726,
        299,
        1160,
        29,
        19,
        1,
        20,
        136,
        47,
        7,
        48,
        232,
        1,
        134,
        20,
        9,
        0,
        5,
        2243,
        118,
        1,
        1,
        123,
        133,
        38,
        2,
        5872,
        9,
        14,
        229,
        3109,
        199,
        223,
        11,
        19,
        52,
        2,
        29,
        1,
        51,
        1,
        23,
        4,
        1,
        1222,
        125,
        2,
        16,
        91,
        55,
        2,
        214,
        179,
        12,
        71,
        23,
        41,
        2991,
        169,
        5,
        32,
        1,
        1,
        7,
        287,
        14,
        18,
        62,
        1,
        18,
        44,
        40,
        98,
        1153,
        6,
        5,
        243,
        137,
        4891,
        360,
        18,
        155,
        285,
        2,
        1979,
        243,
        208,
        11,
        13,
        29,
        55,
        3,
        7,
        8,
        4,
        453,
        1,
        3,
        47,
        13,
        310,
        345,
        10,
        738,
        252,
        55,
        1,
        5,
        1,
        46,
        10,
        75,
        1,
        5231,
        1129,
        61,
        40,
        17,
        244,
        5,
        19,
        350,
        1,
        10,
        111,
        2,
        4,
        37,
        1,
        32,
        1,
        7,
        78,
        457,
        1,
        9,
        1,
        1,
        118,
        331,
        126,
        11,
        2,
        6,
        5,
        1,
        6,
        1030,
        23,
        1,
        17,
        113,
        45,
        20,
        0,
        296,
        1,
        1,
        1,
        199,
        74,
        20,
        18,
        697,
        20,
        4,
        11,
        47,
        1,
        2,
        2,
        109,
        3,
        29,
        944,
        1,
        80,
        1,
        12,
        2,
        3,
        11,
        1,
        63,
        9,
        4,
        62
      ],
      "intervention_topk": [
        [
          1,
          0.25
        ],
        [
          2,
          0.646875
        ],
        [
          3,
          0.715625
        ]
      ],
      "intervention_rank_list": [
        5,
        1,
        1,
        1,
        6,
        3,
        1,
        2,
        1,
        8,
        1,
        0,
        2,
        32,
        1,
        2,
        1,
        1,
        2,
        3,
        1,
        37,
        2,
        1,
        51,
        0,
        2,
        1,
        8,
        95,
        2,
        1,
        0,
        0,
        1,
        1105,
        0,
        1,
        1,
        2,
        2,
        1,
        0,
        1,
        1,
        1,
        9,
        26,
        0,
        930,
        5,
        68,
        0,
        0,
        0,
        0,
        1,
        1,
        1,
        0,
        1,
        1,
        7,
        205,
        1,
        0,
        1,
        1,
        1,
        0,
        1,
        1,
        1,
        3,
        1,
        1,
        2,
        0,
        0,
        1521,
        0,
        9,
        0,
        2,
        0,
        4,
        1,
        0,
        0,
        24,
        0,
        1,
        40,
        1,
        0,
        11,
        0,
        1,
        1,
        1,
        1,
        0,
        307,
        45,
        3,
        4,
        3,
        0,
        0,
        2,
        1,
        0,
        0,
        2,
        1,
        0,
        10,
        39,
        0,
        1,
        1,
        4,
        783,
        11,
        42,
        0,
        0,
        1,
        0,
        1,
        0,
        1,
        19,
        42,
        14,
        8,
        1,
        1,
        0,
        1,
        4,
        1,
        0,
        1,
        6,
        0,
        11,
        0,
        0,
        0,
        0,
        78,
        9,
        0,
        0,
        13,
        4,
        1,
        1,
        644,
        1,
        1,
        38,
        131,
        11,
        2,
        1,
        5,
        7,
        0,
        2,
        1,
        1,
        1,
        1,
        0,
        1,
        8,
        2,
        0,
        1,
        3,
        1,
        0,
        2,
        4,
        1,
        2,
        1,
        1,
        143,
        8,
        0,
        1,
        1,
        0,
        1,
        4,
        0,
        1,
        1,
        1,
        1,
        2,
        5,
        1,
        77,
        1,
        0,
        2,
        1,
        2385,
        21,
        1,
        1,
        5,
        1,
        263,
        8,
        10,
        1,
        1,
        1,
        1,
        1,
        1,
        2,
        0,
        126,
        0,
        1,
        1,
        1,
        9,
        5,
        1,
        46,
        1,
        5,
        0,
        1,
        1,
        1,
        1,
        1,
        0,
        457,
        46,
        1,
        1,
        1,
        7,
        1,
        1,
        48,
        0,
        1,
        5,
        0,
        0,
        0,
        0,
        1,
        0,
        1,
        4,
        13,
        0,
        1,
        0,
        0,
        1,
        55,
        4,
        0,
        0,
        0,
        1,
        0,
        1,
        14,
        1,
        0,
        3,
        1,
        1,
        1,
        0,
        12,
        0,
        1,
        0,
        8,
        5,
        1,
        1,
        19,
        1,
        1,
        1,
        1,
        0,
        1,
        0,
        9,
        0,
        1,
        216,
        0,
        6,
        0,
        1,
        1,
        0,
        1,
        0,
        2,
        1,
        1,
        4
      ]
    },