{
  "12": {
    "original": {
      "clean_topk": [
        [
          1,
          0.022292993630573247
        ],
        [
          2,
          0.10509554140127389
        ],
        [
          3,
          0.1464968152866242
        ]
      ],
      "clean_rank_list": [
        81,
        0,
        16,
        32,
        70,
        24,
        3,
        2,
        125,
        27,
        137,
        14,
        45,
        31,
        2,
        1,
        49,
        305,
        11,
        2,
        9,
        10,
        8,
        1,
        67,
        115,
        2971,
        7,
        13,
        54,
        5,
        11,
        26,
        26,
        1,
        28,
        25,
        1,
        6,
        32,
        3,
        7,
        16,
        1,
        12,
        13,
        48,
        1,
        3,
        3,
        57,
        40,
        253,
        3,
        40,
        2,
        16,
        39,
        293,
        85,
        14,
        44,
        2838,
        482,
        15,
        4,
        18,
        1,
        127,
        37,
        123,
        53,
        73,
        118,
        62,
        30,
        178,
        4,
        176,
        2523,
        287,
        42,
        2,
        1,
        25,
        223,
        1,
        246,
        27,
        120,
        2,
        55,
        2,
        620,
        1,
        113,
        1770,
        112,
        3,
        31,
        28,
        33,
        3,
        10,
        172,
        36,
        147,
        264,
        352,
        495,
        3,
        260,
        1,
        174,
        29,
        37,
        4,
        13,
        20,
        1351,
        7,
        1,
        1,
        13,
        199,
        55,
        9,
        1,
        1,
        38,
        99,
        2,
        569,
        32,
        197,
        8,
        36,
        23,
        78,
        2,
        14,
        350,
        3,
        6,
        1,
        18,
        62,
        2469,
        10,
        310,
        6867,
        17,
        1129,
        1,
        720,
        2,
        15,
        0,
        5,
        11,
        236,
        243,
        1926,
        66,
        2,
        11,
        20,
        3,
        99,
        198,
        488,
        19,
        154,
        10764,
        34,
        1,
        36,
        151,
        21,
        1478,
        4,
        4,
        0,
        60,
        6,
        0,
        0,
        2136,
        35,
        72,
        54,
        243,
        4,
        3,
        268,
        4,
        112,
        140,
        4891,
        178,
        143,
        229,
        7,
        5,
        6,
        25,
        191,
        3,
        17,
        7,
        0,
        3,
        55,
        56,
        5,
        16,
        3,
        155,
        3,
        412,
        42,
        104,
        6,
        58,
        564,
        8,
        3,
        4,
        25,
        534,
        4,
        43,
        404,
        13,
        4,
        2,
        1,
        2,
        140,
        251,
        1,
        11,
        1550,
        5,
        12,
        18,
        69,
        8,
        35,
        3,
        575,
        1,
        203,
        10,
        1,
        66,
        79,
        77,
        23,
        99,
        491,
        130,
        89,
        59,
        11,
        318,
        4489,
        53,
        62,
        15,
        7,
        179,
        16,
        107,
        17,
        9,
        10,
        1,
        1484,
        15,
        8,
        3,
        7,
        111,
        75,
        3,
        47,
        286,
        357,
        100,
        5,
        13,
        136,
        4,
        1,
        1329,
        49,
        46,
        9,
        1,
        118,
        28,
        190,
        391,
        21,
        3021,
        30,
        1,
        5465,
        4,
        9,
        0,
        5,
        199
      ],
      "intervention_topk": [
        [
          1,
          0.20382165605095542
        ],
        [
          2,
          0.6114649681528662
        ],
        [
          3,
          0.6942675159235668
        ]
      ],
      "intervention_rank_list": [
        3,
        0,
        1,
        1,
        29,
        1,
        1,
        1,
        1,
        1,
        13,
        2,
        1,
        1,
        0,
        0,
        1,
        32,
        0,
        0,
        0,
        0,
        2,
        0,
        12,
        1,
        45,
        1,
        2,
        1,
        0,
        1,
        1,
        1,
        0,
        1,
        1,
        0,
        0,
        1,
        0,
        1,
        1,
        1,
        1,
        1,
        12,
        0,
        0,
        1,
        1,
        2,
        22,
        1,
        2,
        0,
        2,
        4,
        7,
        3,
        1,
        3,
        115,
        11,
        2,
        0,
        1,
        0,
        11,
        1,
        14,
        1,
        1,
        11,
        1,
        2,
        11,
        1,
        2,
        103,
        2,
        1,
        1,
        1,
        1,
        2,
        0,
        21,
        1,
        1,
        0,
        1,
        0,
        57,
        0,
        17,
        233,
        3,
        1,
        1,
        1,
        1,
        1,
        1,
        4,
        19,
        2,
        23,
        16,
        96,
        0,
        9,
        1,
        27,
        1,
        1,
        0,
        1,
        1,
        113,
        1,
        1,
        0,
        1,
        10,
        2,
        2,
        1,
        0,
        1,
        6,
        0,
        174,
        1,
        6,
        1,
        0,
        0,
        12,
        0,
        0,
        33,
        1,
        0,
        0,
        1,
        17,
        193,
        0,
        7,
        1685,
        1,
        54,
        0,
        45,
        0,
        3,
        1,
        1,
        1,
        7,
        8,
        32,
        12,
        1,
        0,
        1,
        0,
        3,
        12,
        42,
        1,
        1,
        1025,
        2,
        0,
        2,
        3,
        4,
        534,
        0,
        1,
        0,
        6,
        1,
        0,
        0,
        306,
        3,
        1,
        1,
        84,
        1,
        1,
        10,
        1,
        1,
        17,
        2517,
        40,
        2,
        31,
        1,
        1,
        0,
        1,
        1,
        1,
        1,
        0,
        0,
        1,
        5,
        2,
        1,
        3,
        1,
        1,
        1,
        27,
        2,
        4,
        1,
        2,
        22,
        1,
        1,
        1,
        1,
        77,
        0,
        1,
        62,
        1,
        1,
        1,
        0,
        0,
        1,
        18,
        0,
        1,
        168,
        1,
        1,
        1,
        2,
        1,
        2,
        0,
        61,
        0,
        16,
        0,
        1,
        2,
        18,
        9,
        1,
        1,
        107,
        15,
        1,
        5,
        1,
        16,
        203,
        2,
        1,
        1,
        0,
        10,
        1,
        5,
        1,
        1,
        1,
        1,
        93,
        1,
        0,
        0,
        0,
        6,
        2,
        0,
        5,
        2,
        0,
        8,
        1,
        1,
        13,
        1,
        0,
        132,
        1,
        0,
        1,
        1,
        1,
        5,
        3,
        1,
        1,
        61,
        1,
        0,
        593,
        1,
        1,
        0,
        0,
        11
      ]
    },