{
  "12": {
    "original": {
      "clean_topk": [
        [
          1,
          0.015479876160990712
        ],
        [
          2,
          0.13312693498452013
        ],
        [
          3,
          0.16718266253869968
        ]
      ],
      "clean_rank_list": [
        4,
        34,
        15,
        30,
        50,
        422,
        1,
        5,
        114,
        4,
        560,
        2556,
        184,
        176,
        46,
        13,
        58,
        6,
        515,
        63,
        26,
        236,
        2793,
        20,
        154,
        10,
        36,
        7,
        9,
        116,
        9,
        17,
        1,
        130,
        2511,
        2,
        4,
        95,
        21,
        1418,
        6,
        387,
        1,
        2,
        23,
        49,
        11,
        264,
        11,
        1,
        10,
        34,
        192,
        1770,
        22,
        4,
        4,
        113,
        13,
        49,
        30,
        131,
        180,
        29,
        3,
        131,
        0,
        12,
        11,
        6,
        48,
        5,
        7,
        15,
        1,
        65,
        222,
        67,
        5,
        1,
        4,
        2,
        26,
        1,
        15,
        7,
        23,
        11,
        3,
        828,
        50,
        27,
        1158,
        32,
        105,
        80,
        1,
        1,
        5,
        712,
        1,
        1,
        7,
        1,
        4,
        487,
        38,
        81,
        32,
        6,
        47,
        1,
        2,
        7,
        2266,
        6,
        137,
        13,
        23,
        15,
        1,
        55,
        142,
        45,
        49,
        3,
        223,
        1,
        214,
        20,
        108,
        70,
        13,
        46,
        28,
        142,
        126,
        145,
        5,
        1153,
        4,
        3,
        3445,
        1,
        1,
        1219,
        1,
        0,
        101,
        14,
        1,
        9,
        62,
        91,
        118,
        18,
        31,
        15,
        418,
        9,
        299,
        287,
        53,
        137,
        77,
        5,
        693,
        1,
        16,
        271,
        1,
        8,
        19,
        126,
        0,
        1,
        15,
        13,
        350,
        1924,
        6,
        188,
        37,
        134,
        4891,
        1,
        6,
        18,
        3666,
        208,
        116,
        257,
        11,
        16,
        1,
        4,
        43,
        4,
        38,
        5,
        4,
        2,
        7,
        3,
        34,
        3,
        8,
        3,
        11,
        71,
        8,
        79,
        32,
        113,
        3,
        1,
        273,
        6565,
        14,
        7,
        187,
        3,
        1,
        1,
        2,
        203,
        720,
        172,
        1,
        157,
        52,
        112,
        75,
        2,
        40,
        2,
        1,
        424,
        11,
        29,
        153,
        3,
        488,
        8143,
        107,
        1,
        1,
        10,
        57,
        10,
        0,
        3,
        56,
        55,
        22,
        592,
        1,
        14,
        373,
        78,
        2,
        3,
        11,
        1,
        1,
        59,
        38,
        56,
        10,
        70,
        16,
        311,
        21,
        0,
        23,
        51,
        4,
        20,
        55,
        12,
        3,
        6,
        20,
        35,
        134,
        5,
        61,
        5,
        1,
        23,
        15,
        5,
        282,
        27,
        26,
        1160,
        14,
        183,
        3,
        28,
        24,
        3,
        40,
        48,
        2589,
        1,
        33,
        1787,
        3,
        3,
        37,
        75,
        6,
        3,
        313,
        1,
        1,
        2,
        12,
        3021,
        7,
        2,
        51
      ],
      "intervention_topk": [
        [
          1,
          0.21671826625386997
        ],
        [
          2,
          0.6160990712074303
        ],
        [
          3,
          0.7151702786377709
        ]
      ],