{
  "17": {
    "original": {
      "clean_topk": [
        [
          1,
          0.0
        ],
        [
          2,
          0.02976190476190476
        ],
        [
          3,
          0.05357142857142857
        ]
      ],
      "clean_rank_list": [
        6,
        13,
        11,
        6,
        32,
        81,
        6,
        14,
        45,
        9,
        22,
        9,
        17,
        862,
        8,
        74,
        4,
        40,
        6,
        11,
        254,
        213,
        2,
        34,
        103,
        7,
        45,
        196,
        3,
        9,
        1,
        153,
        12,
        37,
        3,
        29,
        11,
        73,
        17,
        9,
        20,
        13,
        22,
        380,
        20,
        14,
        22,
        7,
        9,
        4,
        19,
        61,
        34,
        21,
        20,
        3,
        41,
        19,
        12,
        14,
        15,
        493,
        15,
        92,
        28,
        52,
        34,
        16,
        35,
        34,
        125,
        126,
        11,
        40,
        6,
        35,
        4,
        37,
        30,
        1,
        8,
        17,
        2,
        26,
        3,
        5,
        64,
        17,
        30,
        18,
        8,
        113,
        26,
        3,
        94,
        150,
        3,
        9,
        12,
        4,
        15,
        44,
        7,
        19,
        3,
        29,
        61,
        46,
        8,
        88,
        6,
        3,
        40,
        25,
        15,
        10,
        4,
        16,
        3,
        23,
        48,
        10,
        20,
        6,
        61,
        16,
        31,
        38,
        34,
        4,
        6,
        1,
        14,
        10,
        1,
        18,
        13,
        56,
        39,
        58,
        35,
        2,
        25,
        10,
        39,
        12,
        12,
        13,
        28,
        13,
        3,
        19,
        13,
        2,
        13,
        7,
        17,
        14,
        16,
        58,
        13,
        11,
        8,
        5,
        20,
        1,
        10,
        17
      ],
      "intervention_topk": [
        [
          1,
          0.13690476190476192
        ],
        [
          2,
          0.7619047619047619
        ],
        [
          3,
          0.8452380952380952
        ]
      ],
      "intervention_rank_list": [
        1,
        1,
        0,
        1,
        1,
        1,
        1,
        1,
        2,
        0,
        1,
        1,
        1,
        17,
        1,
        2,
        1,
        1,
        1,
        3,
        39,
        51,
        1,
        0,
        9,
        1,
        3,
        9,
        1,
        1,
        0,
        26,
        0,
        0,
        0,
        1,
        1,
        1,
        1,
        0,
        0,
        1,
        1,
        97,
        1,
        1,
        2,
        1,
        1,
        1,
        1,
        10,
        0,
        1,
        1,
        1,
        4,
        3,
        1,
        1,
        1,
        24,
        1,
        10,
        1,
        5,
        4,
        1,
        21,
        2,
        1,
        8,
        1,
        1,
        1,
        1,
        0,
        1,
        4,
        1,
        1,
        2,
        1,
        1,
        0,
        0,
        14,
        1,
        1,
        0,
        1,
        1,
        1,
        1,
        6,
        21,
        0,
        1,
        1,
        1,
        1,
        2,
        1,
        1,
        1,
        2,
        2,
        2,
        1,
        2,
        1,
        1,
        1,
        1,
        1,
        1,
        1,
        3,
        1,
        2,
        2,
        1,
        1,
        0,
        27,
        1,
        1,
        1,
        1,
        1,
        0,
        0,
        1,
        1,
        0,
        1,
        1,
        1,
        1,
        3,
        1,
        1,
        2,
        1,
        1,
        1,
        1,
        1,
        1,
        0,
        1,
        3,
        1,
        1,
        1,
        1,
        1,
        1,
        1,
        1,
        1,
        1,
        1,
        0,
        0,
        0,
        1,
        2
      ]
    },
    "centred": {
      "clean_topk": [
        [
          1,
          0.0
        ],
        [
          2,
          0.02976190476190476
        ],
        [
          3,
          0.05357142857142857
        ]
      ],
      "clean_rank_list": [
        6,
        13,
        11,
        6,
        32,
        81,
        6,
        14,
        45,
        9,
        22,
        9,
        17,
        862,
        8,
        74,
        4,
        40,
        6,
        11,
        254,
        213,
        2,
        34,
        103,
        7,
        45,
        196,
        3,
        9,
        1,
        153,
        12,
        37,
        3,
        29,
        11,
        73,
        17,
        9,
        20,
        13,
        22,
        380,
        20,
        14,
        22,
        7,
        9,
        4,
        19,
        61,
        34,
        21,
        20,
        3,
        41,
        19,
        12,
        14,
        15,
        493,
        15,
        92,
        28,
        52,
        34,
        16,
        35,
        34,
        125,
        126,
        11,
        40,
        6,
        35,
        4,
        37,
        30,
        1,
        8,
        17,
        2,
        26,
        3,
        5,
        64,
        17,
        30,
        18,
        8,
        113,
        26,
        3,
        94,
        150,
        3,
        9,
        12,
        4,
        15,
        44,
        7,
        19,
        3,
        29,
        61,
        46,
        8,
        88,
        6,
        3,
        40,
        25,
        15,
        10,
        4,
        16,
        3,
        23,
        48,
        10,
        20,
        6,
        61,
        16,
        31,
        38,
        34,
        4,
        6,
        1,
        14,
        10,
        1,
        18,
        13,
        56,
        39,
        58,
        35,
        2,
        25,
        10,
        39,
        12,
        12,
        13,
        28,
        13,
        3,
        19,
        13,
        2,
        13,
        7,
        17,
        14,
        16,
        58,
        13,
        11,
        8,
        5,
        20,
        1,
        10,
        17
      ],
      "intervention_topk": [
        [
          1,
          0.3392857142857143
        ],
        [
          2,
          0.8869047619047619
        ],
        [
          3,
          0.9166666666666666
        ]
      ],