{
  "17": {
    "original": {
      "clean_topk": [
        [
          1,
          0.0
        ],
        [
          2,
          0.03571428571428571
        ],
        [
          3,
          0.08333333333333333
        ]
      ],
      "clean_rank_list": [
        10,
        23,
        65,
        38,
        73,
        15,
        18,
        57,
        6,
        29,
        1,
        2,
        2,
        150,
        72,
        10,
        14,
        3,
        27,
        1,
        10,
        3,
        19,
        39,
        19,
        10,
        11,
        493,
        2,
        6,
        9,
        19,
        26,
        11,
        112,
        6,
        5,
        178,
        18,
        20,
        13,
        11,
        141,
        4,
        2,
        6,
        15,
        1,
        17,
        26,
        20,
        95,
        1,
        13,
        6,
        15,
        17,
        2,
        10,
        56,
        7,
        13,
        16,
        12,
        56,
        5,
        15,
        14,
        12,
        14,
        10,
        8,
        32,
        9,
        8,
        24,
        31,
        33,
        2,
        20,
        6,
        2,
        11,
        7,
        10,
        1,
        9,
        88,
        21,
        27,
        6,
        30,
        8,
        28,
        18,
        67,
        6,
        40,
        862,
        12,
        8,
        3,
        7,
        60,
        3,
        20,
        29,
        125,
        156,
        37,
        10,
        31,
        6,
        11,
        13,
        33,
        16,
        23,
        8,
        4,
        1,
        6,
        54,
        41,
        2,
        26,
        14,
        167,
        8,
        8,
        13,
        8,
        16,
        13,
        13,
        15,
        11,
        16,
        8,
        16,
        3,
        15,
        9,
        12,
        14,
        5,
        36,
        14,
        3,
        33,
        113,
        33,
        7,
        13,
        29,
        5,
        40,
        8,
        4,
        20,
        26,
        104,
        8,
        280,
        52,
        61,
        25,
        30
      ],
      "intervention_topk": [
        [
          1,
          0.14285714285714285
        ],
        [
          2,
          0.8511904761904762
        ],
        [
          3,
          0.9226190476190477
        ]
      ],
      "intervention_rank_list": [
        1,
        1,
        1,
        1,
        1,
        1,
        1,
        13,
        1,
        2,
        0,
        1,
        1,
        18,
        1,
        1,
        1,
        1,
        1,
        0,
        0,
        1,
        1,
        1,
        0,
        1,
        1,
        23,
        1,
        0,
        1,
        1,
        2,
        1,
        18,
        0,
        1,
        2,
        0,
        1,
        1,
        1,
        2,
        1,
        0,
        1,
        1,
        0,
        1,
        1,
        1,
        1,
        1,
        2,
        1,
        1,
        1,
        1,
        1,
        1,
        1,
        1,
        1,
        1,
        12,
        0,
        1,
        1,
        1,
        1,
        1,
        1,
        1,
        1,
        1,
        1,
        1,
        2,
        0,
        1,
        1,
        1,
        1,
        1,
        0,
        0,
        1,
        2,
        1,
        1,
        2,
        2,
        1,
        1,
        1,
        1,
        0,
        2,
        17,
        1,
        0,
        1,
        1,
        1,
        0,
        1,
        2,
        1,
        4,
        0,
        1,
        3,
        1,
        1,
        1,
        1,
        1,
        4,
        1,
        1,
        0,
        1,
        1,
        1,
        1,
        1,
        1,
        1,
        1,
        1,
        1,
        1,
        7,
        1,
        0,
        1,
        1,
        1,
        1,
        0,
        1,
        1,
        1,
        0,
        1,
        1,
        1,
        0,
        1,
        1,
        1,
        1,
        1,
        1,
        3,
        0,
        1,
        1,
        0,
        1,
        3,
        1,
        1,
        1,
        7,
        2,
        1,
        1
      ]
    },
    "centred": {
      "clean_topk": [
        [
          1,
          0.0
        ],
        [
          2,
          0.03571428571428571
        ],
        [
          3,
          0.08333333333333333
        ]
      ],
      "clean_rank_list": [
        10,
        23,
        65,
        38,
        73,
        15,
        18,
        57,
        6,
        29,
        1,
        2,
        2,
        150,
        72,
        10,
        14,
        3,
        27,
        1,
        10,
        3,
        19,
        39,
        19,
        10,
        11,
        493,
        2,
        6,
        9,
        19,
        26,
        11,
        112,
        6,
        5,
        178,
        18,
        20,
        13,
        11,
        141,
        4,
        2,
        6,
        15,
        1,
        17,
        26,
        20,
        95,
        1,
        13,
        6,
        15,
        17,
        2,
        10,
        56,
        7,
        13,
        16,
        12,
        56,
        5,
        15,
        14,
        12,
        14,
        10,
        8,
        32,
        9,
        8,
        24,
        31,
        33,
        2,
        20,
        6,
        2,
        11,
        7,
        10,
        1,
        9,
        88,
        21,
        27,
        6,
        30,
        8,
        28,
        18,
        67,
        6,
        40,
        862,
        12,
        8,
        3,
        7,
        60,
        3,
        20,
        29,
        125,
        156,
        37,
        10,
        31,
        6,
        11,
        13,
        33,
        16,
        23,
        8,
        4,
        1,
        6,
        54,
        41,
        2,
        26,
        14,
        167,
        8,
        8,
        13,
        8,
        16,
        13,
        13,
        15,
        11,
        16,
        8,
        16,
        3,
        15,
        9,
        12,
        14,
        5,
        36,
        14,
        3,
        33,
        113,
        33,
        7,
        13,
        29,
        5,
        40,
        8,
        4,
        20,
        26,
        104,
        8,
        280,
        52,
        61,
        25,
        30
      ],
      "intervention_topk": [
        [
          1,
          0.32142857142857145
        ],
        [
          2,
          0.9464285714285714
        ],
        [
          3,
          0.9642857142857143
        ]
      ],