{
  "17": {
    "original": {
      "clean_topk": [
        [
          1,
          0.0
        ],
        [
          2,
          0.029585798816568046
        ],
        [
          3,
          0.0650887573964497
        ]
      ],
      "clean_rank_list": [
        5,
        31,
        12,
        61,
        10,
        15,
        46,
        5,
        141,
        16,
        4,
        32,
        28,
        65,
        2,
        14,
        57,
        14,
        18,
        36,
        13,
        1,
        30,
        9,
        8,
        6,
        11,
        16,
        6,
        29,
        72,
        39,
        10,
        10,
        12,
        21,
        81,
        9,
        14,
        5,
        7,
        13,
        5,
        16,
        13,
        15,
        8,
        3,
        2,
        58,
        3,
        20,
        7,
        8,
        56,
        22,
        2,
        9,
        6,
        31,
        27,
        6,
        21,
        56,
        21,
        7,
        8,
        2,
        11,
        13,
        23,
        6,
        153,
        13,
        35,
        1,
        11,
        66,
        9,
        35,
        46,
        1,
        20,
        24,
        25,
        12,
        493,
        5,
        9,
        14,
        68,
        6,
        13,
        17,
        103,
        12,
        20,
        1,
        26,
        13,
        56,
        37,
        4,
        7,
        12,
        38,
        18,
        40,
        32,
        6,
        13,
        14,
        31,
        8,
        3,
        15,
        16,
        32,
        6,
        6,
        4,
        15,
        17,
        22,
        20,
        9,
        23,
        14,
        78,
        3,
        4,
        19,
        45,
        11,
        15,
        73,
        14,
        29,
        28,
        5,
        10,
        14,
        14,
        66,
        23,
        8,
        16,
        26,
        96,
        5,
        23,
        1,
        36,
        8,
        2,
        14,
        16,
        21,
        48,
        213,
        12,
        10,
        3,
        4,
        39,
        11,
        43,
        61,
        2
      ],
      "intervention_topk": [
        [
          1,
          0.1301775147928994
        ],
        [
          2,
          0.8402366863905325
        ],
        [
          3,
          0.8994082840236687
        ]
      ],
      "intervention_rank_list": [
        0,
        1,
        1,
        2,
        5,
        0,
        1,
        1,
        3,
        1,
        1,
        2,
        1,
        4,
        1,
        1,
        1,
        1,
        1,
        11,
        1,
        1,
        1,
        1,
        1,
        0,
        1,
        1,
        0,
        1,
        1,
        2,
        1,
        0,
        1,
        2,
        1,
        1,
        1,
        1,
        1,
        1,
        1,
        1,
        1,
        1,
        1,
        1,
        1,
        1,
        1,
        0,
        1,
        0,
        1,
        2,
        0,
        1,
        0,
        5,
        1,
        0,
        1,
        1,
        1,
        1,
        1,
        1,
        3,
        1,
        1,
        1,
        26,
        1,
        2,
        0,
        1,
        1,
        1,
        21,
        1,
        0,
        1,
        1,
        2,
        1,
        22,
        1,
        0,
        1,
        10,
        1,
        1,
        1,
        11,
        1,
        1,
        1,
        1,
        1,
        1,
        1,
        0,
        0,
        1,
        1,
        1,
        1,
        1,
        1,
        1,
        1,
        2,
        1,
        0,
        1,
        1,
        2,
        1,
        1,
        0,
        1,
        1,
        1,
        1,
        1,
        1,
        1,
        2,
        1,
        1,
        1,
        3,
        1,
        1,
        1,
        1,
        1,
        1,
        0,
        1,
        1,
        1,
        1,
        1,
        1,
        1,
        1,
        10,
        1,
        4,
        0,
        1,
        1,
        1,
        0,
        1,
        1,
        1,
        55,
        1,
        1,
        0,
        1,
        1,
        1,
        6,
        29,
        0
      ]
    },
    "centred": {
      "clean_topk": [
        [
          1,
          0.0
        ],
        [
          2,
          0.029585798816568046
        ],
        [
          3,
          0.0650887573964497
        ]
      ],
      "clean_rank_list": [
        5,
        31,
        12,
        61,
        10,
        15,
        46,
        5,
        141,
        16,
        4,
        32,
        28,
        65,
        2,
        14,
        57,
        14,
        18,
        36,
        13,
        1,
        30,
        9,
        8,
        6,
        11,
        16,
        6,
        29,
        72,
        39,
        10,
        10,
        12,
        21,
        81,
        9,
        14,
        5,
        7,
        13,
        5,
        16,
        13,
        15,
        8,
        3,
        2,
        58,
        3,
        20,
        7,
        8,
        56,
        22,
        2,
        9,
        6,
        31,
        27,
        6,
        21,
        56,
        21,
        7,
        8,
        2,
        11,
        13,
        23,
        6,
        153,
        13,
        35,
        1,
        11,
        66,
        9,
        35,
        46,
        1,
        20,
        24,
        25,
        12,
        493,
        5,
        9,
        14,
        68,
        6,
        13,
        17,
        103,
        12,
        20,
        1,
        26,
        13,
        56,
        37,
        4,
        7,
        12,
        38,
        18,
        40,
        32,
        6,
        13,
        14,
        31,
        8,
        3,
        15,
        16,
        32,
        6,
        6,
        4,
        15,
        17,
        22,
        20,
        9,
        23,
        14,
        78,
        3,
        4,
        19,
        45,
        11,
        15,
        73,
        14,
        29,
        28,
        5,
        10,
        14,
        14,
        66,
        23,
        8,
        16,
        26,
        96,
        5,
        23,
        1,
        36,
        8,
        2,
        14,
        16,
        21,
        48,
        213,
        12,
        10,
        3,
        4,
        39,
        11,
        43,
        61,
        2
      ],
      "intervention_topk": [
        [
          1,
          0.33136094674556216
        ],
        [
          2,
          0.9171597633136095
        ],
        [
          3,
          0.9349112426035503
        ]
      ],