{
  "17": {
    "original": {
      "clean_topk": [
        [
          1,
          0.0
        ],
        [
          2,
          0.01775147928994083
        ],
        [
          3,
          0.03550295857988166
        ]
      ],
      "clean_rank_list": [
        6,
        5,
        5,
        45,
        4,
        12,
        23,
        123,
        65,
        9,
        38,
        4,
        16,
        5,
        3,
        6,
        24,
        57,
        40,
        27,
        81,
        8,
        10,
        28,
        5,
        14,
        13,
        14,
        1,
        27,
        5,
        2,
        6,
        13,
        95,
        36,
        52,
        10,
        8,
        10,
        12,
        13,
        15,
        8,
        19,
        10,
        9,
        4,
        21,
        21,
        27,
        7,
        10,
        12,
        37,
        41,
        380,
        31,
        6,
        21,
        33,
        6,
        8,
        31,
        18,
        56,
        10,
        3,
        40,
        11,
        12,
        26,
        2,
        1,
        11,
        4,
        54,
        14,
        28,
        27,
        14,
        32,
        9,
        35,
        12,
        11,
        4,
        30,
        8,
        6,
        10,
        15,
        3,
        21,
        13,
        9,
        9,
        167,
        171,
        62,
        28,
        20,
        103,
        12,
        26,
        213,
        23,
        6,
        9,
        3,
        94,
        17,
        3,
        19,
        6,
        42,
        7,
        8,
        27,
        4,
        14,
        6,
        33,
        14,
        8,
        17,
        3,
        19,
        12,
        14,
        7,
        35,
        10,
        11,
        31,
        50,
        3,
        23,
        32,
        17,
        23,
        10,
        44,
        3,
        21,
        26,
        7,
        26,
        47,
        18,
        73,
        20,
        5,
        5,
        100,
        9,
        25,
        39,
        21,
        21,
        141,
        8,
        15,
        85,
        1,
        2,
        20,
        131,
        104
      ],
      "intervention_topk": [
        [
          1,
          0.11834319526627218
        ],
        [
          2,
          0.8106508875739645
        ],
        [
          3,
          0.8461538461538461
        ]
      ],
      "intervention_rank_list": [
        1,
        1,
        0,
        1,
        1,
        1,
        1,
        7,
        1,
        1,
        1,
        0,
        2,
        1,
        1,
        1,
        2,
        12,
        1,
        1,
        1,
        1,
        5,
        1,
        1,
        1,
        1,
        0,
        1,
        4,
        0,
        1,
        1,
        1,
        1,
        1,
        8,
        1,
        1,
        1,
        1,
        1,
        1,
        1,
        1,
        1,
        1,
        1,
        1,
        1,
        1,
        1,
        0,
        1,
        3,
        1,
        103,
        2,
        0,
        1,
        6,
        1,
        1,
        3,
        1,
        1,
        1,
        1,
        4,
        1,
        1,
        1,
        0,
        0,
        1,
        1,
        1,
        1,
        1,
        1,
        1,
        1,
        1,
        1,
        1,
        1,
        1,
        1,
        1,
        0,
        1,
        1,
        1,
        1,
        1,
        1,
        0,
        1,
        20,
        1,
        8,
        1,
        10,
        1,
        1,
        58,
        1,
        0,
        0,
        0,
        9,
        1,
        1,
        1,
        0,
        1,
        1,
        1,
        2,
        1,
        1,
        0,
        5,
        1,
        1,
        2,
        0,
        3,
        1,
        1,
        1,
        1,
        1,
        1,
        1,
        6,
        0,
        2,
        5,
        1,
        1,
        1,
        1,
        1,
        1,
        1,
        0,
        1,
        5,
        1,
        1,
        1,
        1,
        0,
        9,
        1,
        1,
        6,
        1,
        1,
        4,
        1,
        1,
        9,
        1,
        0,
        1,
        4,
        24
      ]
    },
    "centred": {
      "clean_topk": [
        [
          1,
          0.0
        ],
        [
          2,
          0.01775147928994083
        ],
        [
          3,
          0.03550295857988166
        ]
      ],
      "clean_rank_list": [
        6,
        5,
        5,
        45,
        4,
        12,
        23,
        123,
        65,
        9,
        38,
        4,
        16,
        5,
        3,
        6,
        24,
        57,
        40,
        27,
        81,
        8,
        10,
        28,
        5,
        14,
        13,
        14,
        1,
        27,
        5,
        2,
        6,
        13,
        95,
        36,
        52,
        10,
        8,
        10,
        12,
        13,
        15,
        8,
        19,
        10,
        9,
        4,
        21,
        21,
        27,
        7,
        10,
        12,
        37,
        41,
        380,
        31,
        6,
        21,
        33,
        6,
        8,
        31,
        18,
        56,
        10,
        3,
        40,
        11,
        12,
        26,
        2,
        1,
        11,
        4,
        54,
        14,
        28,
        27,
        14,
        32,
        9,
        35,
        12,
        11,
        4,
        30,
        8,
        6,
        10,
        15,
        3,
        21,
        13,
        9,
        9,
        167,
        171,
        62,
        28,
        20,
        103,
        12,
        26,
        213,
        23,
        6,
        9,
        3,
        94,
        17,
        3,
        19,
        6,
        42,
        7,
        8,
        27,
        4,
        14,
        6,
        33,
        14,
        8,
        17,
        3,
        19,
        12,
        14,
        7,
        35,
        10,
        11,
        31,
        50,
        3,
        23,
        32,
        17,
        23,
        10,
        44,
        3,
        21,
        26,
        7,
        26,
        47,
        18,
        73,
        20,
        5,
        5,
        100,
        9,
        25,
        39,
        21,
        21,
        141,
        8,
        15,
        85,
        1,
        2,
        20,
        131,
        104
      ],
      "intervention_topk": [
        [
          1,
          0.33727810650887574
        ],
        [
          2,
          0.9230769230769231
        ],
        [
          3,
          0.9408284023668639
        ]
      ],