{
  "17": {
    "original": {
      "clean_topk": [
        [
          1,
          0.0
        ],
        [
          2,
          0.03592814371257485
        ],
        [
          3,
          0.07784431137724551
        ]
      ],
      "clean_rank_list": [
        22,
        15,
        8,
        139,
        31,
        28,
        3,
        14,
        4,
        31,
        3,
        29,
        40,
        6,
        13,
        14,
        10,
        7,
        3,
        37,
        13,
        3,
        40,
        6,
        12,
        17,
        2,
        12,
        20,
        23,
        60,
        14,
        1,
        11,
        45,
        13,
        16,
        7,
        1,
        8,
        6,
        7,
        17,
        10,
        25,
        27,
        22,
        10,
        24,
        7,
        13,
        52,
        27,
        103,
        48,
        3,
        6,
        20,
        13,
        33,
        42,
        40,
        150,
        10,
        6,
        37,
        60,
        5,
        66,
        21,
        30,
        10,
        10,
        9,
        19,
        21,
        32,
        15,
        1,
        35,
        12,
        13,
        95,
        8,
        73,
        14,
        5,
        9,
        7,
        9,
        5,
        14,
        4,
        6,
        3,
        4,
        25,
        10,
        9,
        86,
        56,
        58,
        18,
        1,
        9,
        12,
        47,
        7,
        16,
        21,
        3,
        10,
        104,
        5,
        22,
        14,
        3,
        28,
        4,
        13,
        12,
        90,
        9,
        14,
        14,
        14,
        4,
        30,
        22,
        2,
        36,
        19,
        11,
        15,
        178,
        7,
        58,
        10,
        31,
        29,
        493,
        8,
        2,
        5,
        24,
        11,
        6,
        1,
        9,
        2,
        2,
        26,
        8,
        1,
        17,
        3,
        15,
        2,
        12,
        207,
        32,
        33,
        18,
        2,
        29,
        44,
        33
      ],
      "intervention_topk": [
        [
          1,
          0.09580838323353294
        ],
        [
          2,
          0.8083832335329342
        ],
        [
          3,
          0.9161676646706587
        ]
      ],
      "intervention_rank_list": [
        2,
        1,
        1,
        1,
        2,
        1,
        1,
        1,
        1,
        1,
        0,
        2,
        1,
        1,
        1,
        1,
        1,
        1,
        1,
        0,
        1,
        1,
        1,
        1,
        1,
        1,
        0,
        2,
        1,
        1,
        1,
        1,
        0,
        1,
        3,
        2,
        1,
        0,
        1,
        0,
        1,
        1,
        1,
        1,
        1,
        1,
        2,
        0,
        1,
        1,
        1,
        3,
        1,
        9,
        2,
        1,
        1,
        1,
        1,
        1,
        1,
        1,
        19,
        1,
        2,
        1,
        19,
        0,
        1,
        2,
        2,
        1,
        1,
        1,
        1,
        1,
        1,
        1,
        1,
        1,
        1,
        1,
        1,
        1,
        1,
        1,
        1,
        1,
        0,
        0,
        0,
        1,
        1,
        0,
        0,
        1,
        1,
        1,
        1,
        20,
        14,
        1,
        1,
        1,
        1,
        2,
        5,
        1,
        1,
        1,
        1,
        1,
        1,
        1,
        1,
        1,
        1,
        6,
        1,
        1,
        1,
        4,
        1,
        2,
        0,
        1,
        1,
        2,
        2,
        1,
        1,
        1,
        1,
        1,
        2,
        1,
        2,
        1,
        2,
        1,
        22,
        1,
        1,
        1,
        3,
        3,
        0,
        1,
        1,
        1,
        1,
        1,
        1,
        1,
        1,
        1,
        1,
        0,
        1,
        5,
        2,
        1,
        1,
        1,
        1,
        1,
        1
      ]
    },
    "centred": {
      "clean_topk": [
        [
          1,
          0.0
        ],
        [
          2,
          0.03592814371257485
        ],
        [
          3,
          0.07784431137724551
        ]
      ],
      "clean_rank_list": [
        22,
        15,
        8,
        139,
        31,
        28,
        3,
        14,
        4,
        31,
        3,
        29,
        40,
        6,
        13,
        14,
        10,
        7,
        3,
        37,
        13,
        3,
        40,
        6,
        12,
        17,
        2,
        12,
        20,
        23,
        60,
        14,
        1,
        11,
        45,
        13,
        16,
        7,
        1,
        8,
        6,
        7,
        17,
        10,
        25,
        27,
        22,
        10,
        24,
        7,
        13,
        52,
        27,
        103,
        48,
        3,
        6,
        20,
        13,
        33,
        42,
        40,
        150,
        10,
        6,
        37,
        60,
        5,
        66,
        21,
        30,
        10,
        10,
        9,
        19,
        21,
        32,
        15,
        1,
        35,
        12,
        13,
        95,
        8,
        73,
        14,
        5,
        9,
        7,
        9,
        5,
        14,
        4,
        6,
        3,
        4,
        25,
        10,
        9,
        86,
        56,
        58,
        18,
        1,
        9,
        12,
        47,
        7,
        16,
        21,
        3,
        10,
        104,
        5,
        22,
        14,
        3,
        28,
        4,
        13,
        12,
        90,
        9,
        14,
        14,
        14,
        4,
        30,
        22,
        2,
        36,
        19,
        11,
        15,
        178,
        7,
        58,
        10,
        31,
        29,
        493,
        8,
        2,
        5,
        24,
        11,
        6,
        1,
        9,
        2,
        2,
        26,
        8,
        1,
        17,
        3,
        15,
        2,
        12,
        207,
        32,
        33,
        18,
        2,
        29,
        44,
        33
      ],
      "intervention_topk": [
        [
          1,
          0.31137724550898205
        ],
        [
          2,
          0.9401197604790419
        ],
        [
          3,
          0.9760479041916168
        ]
      ],