{
  "8": {
    "original": {
      "clean_topk": [
        [
          1,
          0.016666666666666666
        ],
        [
          2,
          0.016666666666666666
        ],
        [
          3,
          0.016666666666666666
        ]
      ],
      "clean_rank_list": [
        44,
        32,
        55,
        32,
        36,
        48,
        44,
        94,
        14,
        1959,
        212,
        169,
        2954,
        61,
        563,
        21,
        279,
        387,
        242,
        80,
        10,
        134,
        16,
        15,
        30,
        40,
        106,
        221,
        0,
        245,
        30,
        32,
        339,
        70,
        10,
        585,
        73,
        9,
        149,
        55,
        58,
        82,
        406,
        123,
        95,
        33,
        723,
        19,
        59,
        20,
        428,
        2224,
        49,
        120,
        88,
        348,
        226,
        347,
        314,
        108
      ],
      "intervention_topk": [
        [
          1,
          0.016666666666666666
        ],
        [
          2,
          0.06666666666666667
        ],
        [
          3,
          0.11666666666666667
        ]
      ],
      "intervention_rank_list": [
        8,
        3,
        4,
        6,
        4,
        3,
        9,
        23,
        4,
        344,
        28,
        19,
        679,
        9,
        127,
        3,
        32,
        42,
        26,
        14,
        2,
        17,
        6,
        2,
        4,
        6,
        8,
        17,
        0,
        37,
        11,
        1,
        62,
        10,
        2,
        39,
        8,
        1,
        12,
        10,
        7,
        10,
        72,
        20,
        5,
        6,
        51,
        1,
        5,
        13,
        82,
        351,
        6,
        19,
        9,
        38,
        27,
        61,
        45,
        14
      ]
    },
    "centred": {
      "clean_topk": [
        [
          1,
          0.016666666666666666
        ],
        [
          2,
          0.016666666666666666
        ],
        [
          3,
          0.016666666666666666
        ]
      ],
      "clean_rank_list": [
        44,
        32,
        55,
        32,
        36,
        48,
        44,
        94,
        14,
        1959,
        212,
        169,
        2954,
        61,
        563,
        21,
        279,
        387,
        242,
        80,
        10,
        134,
        16,
        15,
        30,
        40,
        106,
        221,
        0,
        245,
        30,
        32,
        339,
        70,
        10,
        585,
        73,
        9,
        149,
        55,
        58,
        82,
        406,
        123,
        95,
        33,
        723,
        19,
        59,
        20,
        428,
        2224,
        49,
        120,
        88,
        348,
        226,
        347,
        314,
        108
      ],
      "intervention_topk": [
        [
          1,
          0.016666666666666666
        ],
        [
          2,
          0.016666666666666666
        ],
        [
          3,
          0.05
        ]
      ],
      "intervention_rank_list": [
        18,
        9,
        8,
        7,
        6,
        2,
        21,
        40,
        4,
        534,
        17,
        32,
        1050,
        16,
        288,
        6,
        47,
        79,
        76,
        13,
        3,
        78,
        10,
        6,
        6,
        2,
        17,
        63,
        0,
        71,
        12,
        6,
        173,
        13,
        3,
        187,
        21,
        3,
        16,
        24,
        19,
        20,
        138,
        20,
        9,
        4,
        83,
        8,
        19,
        15,
        93,
        807,
        6,
        28,
        14,
        97,
        17,
        105,
        65,
        53
      ]
    }
  },
  "10": {
    "original": {
      "clean_topk": [
        [
          1,
          0.016666666666666666
        ],
        [
          2,
          0.016666666666666666
        ],
        [
          3,
          0.016666666666666666
        ]
      ],
      "clean_rank_list": [
        44,
        32,
        55,
        32,
        36,
        48,
        44,
        94,
        14,
        1959,
        212,
        169,
        2954,
        61,
        563,
        21,
        279,
        387,
        242,
        80,
        10,
        134,
        16,
        15,
        30,
        40,
        106,
        221,
        0,
        245,
        30,
        32,
        339,
        70,
        10,
        585,
        73,
        9,
        149,
        55,
        58,
        82,
        406,
        123,
        95,
        33,
        723,
        19,
        59,
        20,
        428,
        2224,
        49,
        120,
        88,
        348,
        226,
        347,
        314,
        108
      ],
      "intervention_topk": [
        [
          1,
          0.016666666666666666
        ],
        [
          2,
          0.13333333333333333
        ],
        [
          3,
          0.2833333333333333
        ]
      ],
      "intervention_rank_list": [
        4,
        1,
        1,
        2,
        2,
        1,
        2,
        5,
        2,
        238,
        14,
        10,
        371,
        3,
        46,
        2,
        13,
        25,
        10,
        8,
        2,
        10,
        3,
        1,
        3,
        4,
        6,
        14,
        0,
        18,
        6,
        1,
        22,
        5,
        2,
        19,
        4,
        1,
        6,
        5,
        7,
        4,
        17,
        7,
        4,
        2,
        17,
        1,
        3,
        2,
        29,
        161,
        3,
        11,
        6,
        14,
        7,
        25,
        8,
        10
      ]
    },
    "centred": {
      "clean_topk": [
        [
          1,
          0.016666666666666666
        ],
        [
          2,
          0.016666666666666666
        ],
        [
          3,
          0.016666666666666666
        ]
      ],
      "clean_rank_list": [
        44,
        32,
        55,
        32,
        36,
        48,
        44,
        94,
        14,
        1959,
        212,
        169,
        2954,
        61,
        563,
        21,
        279,
        387,
        242,
        80,
        10,
        134,
        16,
        15,
        30,
        40,
        106,
        221,
        0,
        245,
        30,
        32,
        339,
        70,
        10,
        585,
        73,
        9,
        149,
        55,
        58,
        82,
        406,
        123,
        95,
        33,
        723,
        19,
        59,
        20,
        428,
        2224,
        49,
        120,
        88,
        348,
        226,
        347,
        314,
        108
      ],
      "intervention_topk": [
        [
          1,
          0.016666666666666666
        ],
        [
          2,
          0.1
        ],
        [
          3,
          0.18333333333333332
        ]
      ],
      "intervention_rank_list": [
        5,
        1,
        2,
        3,
        3,
        3,
        4,
        18,
        4,
        316,
        21,
        17,
        481,
        8,
        125,
        3,
        23,
        64,
        36,
        10,
        2,
        38,
        4,
        1,
        3,
        4,
        13,
        17,
        0,
        18,
        11,
        1,
        24,
        5,
        2,
        30,
        11,
        3,
        6,
        11,
        7,
        6,
        27,
        13,
        14,
        2,
        49,
        1,
        11,
        1,
        43,
        322,
        2,
        12,
        11,
        26,
        12,
        33,
        15,
        18
      ]
    }
  },