{
  "8": {
    "original": {
      "clean_topk": [
        [
          1,
          0.01694915254237288
        ],
        [
          2,
          0.01694915254237288
        ],
        [
          3,
          0.01694915254237288
        ]
      ],
      "clean_rank_list": [
        61,
        122,
        1959,
        347,
        10,
        69,
        563,
        64,
        4,
        73,
        384,
        348,
        0,
        53,
        143,
        22,
        178,
        32,
        52,
        151,
        11,
        271,
        29,
        19,
        274,
        43,
        5982,
        169,
        406,
        33,
        18,
        61,
        44,
        59,
        10,
        632,
        25,
        132,
        16,
        232,
        209,
        10,
        320,
        74,
        80,
        346,
        220,
        21,
        32,
        1000,
        92,
        913,
        15,
        505,
        247,
        28,
        90,
        7,
        99
      ],
      "intervention_topk": [
        [
          1,
          0.01694915254237288
        ],
        [
          2,
          0.0847457627118644
        ],
        [
          3,
          0.22033898305084745
        ]
      ],
      "intervention_rank_list": [
        8,
        5,
        331,
        60,
        2,
        14,
        125,
        3,
        2,
        7,
        40,
        25,
        0,
        10,
        9,
        1,
        36,
        5,
        6,
        9,
        2,
        33,
        7,
        1,
        67,
        7,
        1749,
        19,
        70,
        5,
        2,
        14,
        7,
        3,
        2,
        76,
        4,
        10,
        2,
        35,
        39,
        1,
        11,
        8,
        13,
        18,
        47,
        3,
        1,
        366,
        8,
        226,
        2,
        153,
        12,
        4,
        3,
        2,
        30
      ]
    },
    "centred": {
      "clean_topk": [
        [
          1,
          0.01694915254237288
        ],
        [
          2,
          0.01694915254237288
        ],
        [
          3,
          0.01694915254237288
        ]
      ],
      "clean_rank_list": [
        61,
        122,
        1959,
        347,
        10,
        69,
        563,
        64,
        4,
        73,
        384,
        348,
        0,
        53,
        143,
        22,
        178,
        32,
        52,
        151,
        11,
        271,
        29,
        19,
        274,
        43,
        5982,
        169,
        406,
        33,
        18,
        61,
        44,
        59,
        10,
        632,
        25,
        132,
        16,
        232,
        209,
        10,
        320,
        74,
        80,
        346,
        220,
        21,
        32,
        1000,
        92,
        913,
        15,
        505,
        247,
        28,
        90,
        7,
        99
      ],
      "intervention_topk": [
        [
          1,
          0.01694915254237288
        ],
        [
          2,
          0.03389830508474576
        ],
        [
          3,
          0.06779661016949153
        ]
      ],
      "intervention_rank_list": [
        16,
        6,
        535,
        103,
        2,
        15,
        293,
        9,
        4,
        21,
        129,
        69,
        0,
        37,
        12,
        3,
        53,
        8,
        16,
        10,
        2,
        81,
        11,
        8,
        229,
        12,
        2899,
        31,
        138,
        4,
        5,
        17,
        16,
        4,
        3,
        138,
        8,
        19,
        3,
        72,
        65,
        1,
        29,
        15,
        21,
        15,
        104,
        6,
        5,
        543,
        16,
        455,
        6,
        241,
        27,
        3,
        13,
        6,
        52
      ]
    }
  },
  "10": {
    "original": {
      "clean_topk": [
        [
          1,
          0.01694915254237288
        ],
        [
          2,
          0.01694915254237288
        ],
        [
          3,
          0.01694915254237288
        ]
      ],
      "clean_rank_list": [
        61,
        122,
        1959,
        347,
        10,
        69,
        563,
        64,
        4,
        73,
        384,
        348,
        0,
        53,
        143,
        22,
        178,
        32,
        52,
        151,
        11,
        271,
        29,
        19,
        274,
        43,
        5982,
        169,
        406,
        33,
        18,
        61,
        44,
        59,
        10,
        632,
        25,
        132,
        16,
        232,
        209,
        10,
        320,
        74,
        80,
        346,
        220,
        21,
        32,
        1000,
        92,
        913,
        15,
        505,
        247,
        28,
        90,
        7,
        99
      ],
      "intervention_topk": [
        [
          1,
          0.01694915254237288
        ],
        [
          2,
          0.1864406779661017
        ],
        [
          3,
          0.4406779661016949
        ]
      ],
      "intervention_rank_list": [
        3,
        3,
        234,
        23,
        2,
        4,
        44,
        2,
        2,
        4,
        13,
        15,
        0,
        4,
        4,
        1,
        20,
        1,
        1,
        4,
        1,
        13,
        2,
        1,
        20,
        4,
        1090,
        10,
        17,
        2,
        1,
        3,
        2,
        3,
        2,
        16,
        2,
        2,
        1,
        10,
        13,
        1,
        2,
        2,
        6,
        10,
        26,
        2,
        1,
        141,
        2,
        95,
        1,
        70,
        5,
        2,
        3,
        2,
        6
      ]
    },
    "centred": {
      "clean_topk": [
        [
          1,
          0.01694915254237288
        ],
        [
          2,
          0.01694915254237288
        ],
        [
          3,
          0.01694915254237288
        ]
      ],
      "clean_rank_list": [
        61,
        122,
        1959,
        347,
        10,
        69,
        563,
        64,
        4,
        73,
        384,
        348,
        0,
        53,
        143,
        22,
        178,
        32,
        52,
        151,
        11,
        271,
        29,
        19,
        274,
        43,
        5982,
        169,
        406,
        33,
        18,
        61,
        44,
        59,
        10,
        632,
        25,
        132,
        16,
        232,
        209,
        10,
        320,
        74,
        80,
        346,
        220,
        21,
        32,
        1000,
        92,
        913,
        15,
        505,
        247,
        28,
        90,
        7,
        99
      ],
      "intervention_topk": [
        [
          1,
          0.01694915254237288
        ],
        [
          2,
          0.15254237288135594
        ],
        [
          3,
          0.3050847457627119
        ]
      ],
      "intervention_rank_list": [
        8,
        4,
        301,
        34,
        2,
        11,
        126,
        1,
        2,
        11,
        12,
        31,
        0,
        12,
        3,
        1,
        22,
        4,
        2,
        3,
        2,
        69,
        2,
        1,
        93,
        11,
        2182,
        16,
        27,
        2,
        1,
        3,
        10,
        2,
        2,
        54,
        3,
        8,
        1,
        30,
        24,
        1,
        3,
        5,
        7,
        11,
        36,
        3,
        1,
        189,
        5,
        238,
        1,
        85,
        7,
        3,
        14,
        2,
        7
      ]
    }
  },