{
  "8": {
    "original": {
      "clean_topk": [
        [
          1,
          0.05084745762711865
        ],
        [
          2,
          0.05084745762711865
        ],
        [
          3,
          0.05084745762711865
        ]
      ],
      "clean_rank_list": [
        134,
        925,
        32,
        593,
        113,
        147,
        25,
        134,
        90,
        0,
        0,
        348,
        225,
        64,
        14,
        425,
        8,
        16,
        50,
        137,
        80,
        165,
        12,
        54,
        131,
        30,
        129,
        211,
        76,
        70,
        90,
        34,
        32,
        3421,
        143,
        143,
        82,
        387,
        30,
        492,
        81,
        1261,
        67,
        208,
        348,
        69,
        339,
        524,
        135,
        44,
        10884,
        245,
        58,
        35,
        628,
        92,
        0,
        32,
        3
      ],
      "intervention_topk": [
        [
          1,
          0.05084745762711865
        ],
        [
          2,
          0.11864406779661017
        ],
        [
          3,
          0.13559322033898305
        ]
      ],
      "intervention_rank_list": [
        16,
        145,
        6,
        86,
        23,
        46,
        4,
        27,
        4,
        0,
        0,
        38,
        46,
        3,
        1,
        25,
        1,
        2,
        11,
        36,
        13,
        19,
        1,
        7,
        18,
        11,
        14,
        15,
        16,
        10,
        3,
        8,
        4,
        483,
        15,
        7,
        10,
        41,
        4,
        157,
        19,
        254,
        8,
        25,
        26,
        14,
        63,
        76,
        19,
        7,
        3139,
        13,
        5,
        10,
        94,
        9,
        0,
        4,
        1
      ]
    },
    "centred": {
      "clean_topk": [
        [
          1,
          0.05084745762711865
        ],
        [
          2,
          0.05084745762711865
        ],
        [
          3,
          0.05084745762711865
        ]
      ],
      "clean_rank_list": [
        134,
        925,
        32,
        593,
        113,
        147,
        25,
        134,
        90,
        0,
        0,
        348,
        225,
        64,
        14,
        425,
        8,
        16,
        50,
        137,
        80,
        165,
        12,
        54,
        131,
        30,
        129,
        211,
        76,
        70,
        90,
        34,
        32,
        3421,
        143,
        143,
        82,
        387,
        30,
        492,
        81,
        1261,
        67,
        208,
        348,
        69,
        339,
        524,
        135,
        44,
        10884,
        245,
        58,
        35,
        628,
        92,
        0,
        32,
        3
      ],
      "intervention_topk": [
        [
          1,
          0.05084745762711865
        ],
        [
          2,
          0.1016949152542373
        ],
        [
          3,
          0.1016949152542373
        ]
      ],
      "intervention_rank_list": [
        19,
        262,
        7,
        233,
        23,
        78,
        8,
        33,
        15,
        0,
        0,
        89,
        107,
        9,
        1,
        84,
        3,
        4,
        24,
        43,
        21,
        60,
        1,
        19,
        22,
        12,
        32,
        28,
        31,
        13,
        14,
        8,
        9,
        1988,
        41,
        20,
        19,
        79,
        7,
        265,
        24,
        534,
        11,
        54,
        70,
        15,
        173,
        176,
        28,
        9,
        5850,
        55,
        6,
        16,
        123,
        16,
        0,
        10,
        1
      ]
    }
  },
  "10": {
    "original": {
      "clean_topk": [
        [
          1,
          0.05084745762711865
        ],
        [
          2,
          0.05084745762711865
        ],
        [
          3,
          0.05084745762711865
        ]
      ],
      "clean_rank_list": [
        134,
        925,
        32,
        593,
        113,
        147,
        25,
        134,
        90,
        0,
        0,
        348,
        225,
        64,
        14,
        425,
        8,
        16,
        50,
        137,
        80,
        165,
        12,
        54,
        131,
        30,
        129,
        211,
        76,
        70,
        90,
        34,
        32,
        3421,
        143,
        143,
        82,
        387,
        30,
        492,
        81,
        1261,
        67,
        208,
        348,
        69,
        339,
        524,
        135,
        44,
        10884,
        245,
        58,
        35,
        628,
        92,
        0,
        32,
        3
      ],
      "intervention_topk": [
        [
          1,
          0.05084745762711865
        ],
        [
          2,
          0.1864406779661017
        ],
        [
          3,
          0.3389830508474576
        ]
      ],
      "intervention_rank_list": [
        6,
        64,
        2,
        28,
        8,
        14,
        2,
        8,
        1,
        0,
        0,
        13,
        12,
        2,
        1,
        13,
        1,
        2,
        5,
        12,
        6,
        2,
        1,
        1,
        9,
        6,
        9,
        6,
        8,
        5,
        3,
        1,
        1,
        174,
        7,
        4,
        3,
        22,
        3,
        62,
        3,
        95,
        6,
        9,
        15,
        4,
        22,
        27,
        5,
        2,
        1514,
        7,
        2,
        2,
        21,
        2,
        0,
        3,
        1
      ]
    },
    "centred": {
      "clean_topk": [
        [
          1,
          0.05084745762711865
        ],
        [
          2,
          0.05084745762711865
        ],
        [
          3,
          0.05084745762711865
        ]
      ],
      "clean_rank_list": [
        134,
        925,
        32,
        593,
        113,
        147,
        25,
        134,
        90,
        0,
        0,
        348,
        225,
        64,
        14,
        425,
        8,
        16,
        50,
        137,
        80,
        165,
        12,
        54,
        131,
        30,
        129,
        211,
        76,
        70,
        90,
        34,
        32,
        3421,
        143,
        143,
        82,
        387,
        30,
        492,
        81,
        1261,
        67,
        208,
        348,
        69,
        339,
        524,
        135,
        44,
        10884,
        245,
        58,
        35,
        628,
        92,
        0,
        32,
        3
      ],
      "intervention_topk": [
        [
          1,
          0.05084745762711865
        ],
        [
          2,
          0.15254237288135594
        ],
        [
          3,
          0.1864406779661017
        ]
      ],
      "intervention_rank_list": [
        13,
        93,
        3,
        67,
        12,
        36,
        3,
        13,
        6,
        0,
        0,
        27,
        29,
        2,
        1,
        15,
        1,
        1,
        9,
        27,
        7,
        18,
        1,
        3,
        11,
        10,
        17,
        9,
        11,
        3,
        14,
        2,
        1,
        406,
        13,
        7,
        6,
        65,
        3,
        96,
        14,
        87,
        6,
        14,
        31,
        9,
        22,
        53,
        25,
        5,
        3548,
        13,
        3,
        3,
        39,
        5,
        0,
        7,
        1
      ]
    }
  },