{
  "8": {
    "original": {
      "clean_topk": [
        [
          1,
          0.034482758620689655
        ],
        [
          2,
          0.034482758620689655
        ],
        [
          3,
          0.05172413793103448
        ]
      ],
      "clean_rank_list": [
        66,
        58,
        4,
        2645,
        0,
        50,
        8,
        394,
        563,
        44,
        348,
        34,
        33,
        0,
        132,
        505,
        113,
        178,
        29,
        178,
        384,
        51,
        137,
        32,
        95,
        207,
        322,
        14,
        53,
        11,
        406,
        139,
        80,
        206,
        18,
        24,
        4082,
        35,
        53,
        221,
        85,
        44,
        54,
        10,
        16,
        2,
        442,
        99,
        211,
        227,
        232,
        52,
        18,
        35,
        925,
        169,
        225,
        8
      ],
      "intervention_topk": [
        [
          1,
          0.05172413793103448
        ],
        [
          2,
          0.13793103448275862
        ],
        [
          3,
          0.22413793103448276
        ]
      ],
      "intervention_rank_list": [
        6,
        10,
        2,
        546,
        0,
        13,
        1,
        118,
        130,
        8,
        39,
        4,
        6,
        0,
        11,
        166,
        24,
        37,
        7,
        33,
        46,
        18,
        37,
        1,
        6,
        27,
        18,
        2,
        12,
        2,
        77,
        11,
        18,
        92,
        2,
        1,
        864,
        10,
        11,
        17,
        11,
        7,
        7,
        1,
        2,
        0,
        77,
        32,
        16,
        9,
        39,
        7,
        1,
        10,
        163,
        19,
        51,
        3
      ]
    },
    "centred": {
      "clean_topk": [
        [
          1,
          0.034482758620689655
        ],
        [
          2,
          0.034482758620689655
        ],
        [
          3,
          0.05172413793103448
        ]
      ],
      "clean_rank_list": [
        66,
        58,
        4,
        2645,
        0,
        50,
        8,
        394,
        563,
        44,
        348,
        34,
        33,
        0,
        132,
        505,
        113,
        178,
        29,
        178,
        384,
        51,
        137,
        32,
        95,
        207,
        322,
        14,
        53,
        11,
        406,
        139,
        80,
        206,
        18,
        24,
        4082,
        35,
        53,
        221,
        85,
        44,
        54,
        10,
        16,
        2,
        442,
        99,
        211,
        227,
        232,
        52,
        18,
        35,
        925,
        169,
        225,
        8
      ],
      "intervention_topk": [
        [
          1,
          0.034482758620689655
        ],
        [
          2,
          0.06896551724137931
        ],
        [
          3,
          0.13793103448275862
        ]
      ],
      "intervention_rank_list": [
        7,
        11,
        5,
        1180,
        0,
        21,
        1,
        262,
        292,
        17,
        99,
        5,
        5,
        0,
        22,
        254,
        26,
        53,
        13,
        70,
        143,
        17,
        50,
        8,
        9,
        44,
        44,
        2,
        16,
        3,
        157,
        19,
        46,
        220,
        2,
        4,
        1360,
        17,
        39,
        63,
        16,
        18,
        21,
        1,
        2,
        2,
        173,
        53,
        31,
        24,
        78,
        19,
        4,
        25,
        298,
        33,
        115,
        4
      ]
    }
  },
  "10": {
    "original": {
      "clean_topk": [
        [
          1,
          0.034482758620689655
        ],
        [
          2,
          0.034482758620689655
        ],
        [
          3,
          0.05172413793103448
        ]
      ],
      "clean_rank_list": [
        66,
        58,
        4,
        2645,
        0,
        50,
        8,
        394,
        563,
        44,
        348,
        34,
        33,
        0,
        132,
        505,
        113,
        178,
        29,
        178,
        384,
        51,
        137,
        32,
        95,
        207,
        322,
        14,
        53,
        11,
        406,
        139,
        80,
        206,
        18,
        24,
        4082,
        35,
        53,
        221,
        85,
        44,
        54,
        10,
        16,
        2,
        442,
        99,
        211,
        227,
        232,
        52,
        18,
        35,
        925,
        169,
        225,
        8
      ],
      "intervention_topk": [
        [
          1,
          0.05172413793103448
        ],
        [
          2,
          0.20689655172413793
        ],
        [
          3,
          0.3793103448275862
        ]
      ],
      "intervention_rank_list": [
        2,
        2,
        2,
        227,
        0,
        3,
        1,
        35,
        51,
        5,
        15,
        3,
        2,
        0,
        2,
        77,
        9,
        21,
        2,
        11,
        14,
        3,
        16,
        1,
        4,
        12,
        12,
        3,
        4,
        1,
        19,
        2,
        9,
        20,
        1,
        1,
        574,
        2,
        4,
        14,
        5,
        2,
        1,
        1,
        2,
        0,
        26,
        6,
        6,
        5,
        15,
        1,
        1,
        5,
        77,
        10,
        13,
        4
      ]
    },
    "centred": {
      "clean_topk": [
        [
          1,
          0.034482758620689655
        ],
        [
          2,
          0.034482758620689655
        ],
        [
          3,
          0.05172413793103448
        ]
      ],
      "clean_rank_list": [
        66,
        58,
        4,
        2645,
        0,
        50,
        8,
        394,
        563,
        44,
        348,
        34,
        33,
        0,
        132,
        505,
        113,
        178,
        29,
        178,
        384,
        51,
        137,
        32,
        95,
        207,
        322,
        14,
        53,
        11,
        406,
        139,
        80,
        206,
        18,
        24,
        4082,
        35,
        53,
        221,
        85,
        44,
        54,
        10,
        16,
        2,
        442,
        99,
        211,
        227,
        232,
        52,
        18,
        35,
        925,
        169,
        225,
        8
      ],
      "intervention_topk": [
        [
          1,
          0.034482758620689655
        ],
        [
          2,
          0.1724137931034483
        ],
        [
          3,
          0.27586206896551724
        ]
      ],
      "intervention_rank_list": [
        1,
        4,
        2,
        478,
        0,
        8,
        1,
        157,
        124,
        6,
        28,
        2,
        2,
        0,
        8,
        95,
        12,
        22,
        2,
        34,
        14,
        5,
        28,
        1,
        16,
        24,
        21,
        6,
        5,
        2,
        32,
        3,
        17,
        47,
        1,
        1,
        1062,
        4,
        12,
        18,
        4,
        12,
        3,
        1,
        1,
        2,
        81,
        9,
        9,
        7,
        35,
        9,
        4,
        6,
        111,
        17,
        34,
        1
      ]
    }
  },