{
  "17": {
    "original": {
      "clean_topk": [
        [
          1,
          0.0
        ],
        [
          2,
          0.023952095808383235
        ],
        [
          3,
          0.0658682634730539
        ]
      ],
      "clean_rank_list": [
        32,
        39,
        2,
        36,
        47,
        9,
        14,
        5,
        18,
        17,
        73,
        8,
        17,
        16,
        21,
        31,
        26,
        22,
        18,
        6,
        3,
        10,
        40,
        27,
        92,
        3,
        11,
        8,
        46,
        16,
        8,
        3,
        17,
        156,
        10,
        14,
        6,
        34,
        14,
        31,
        10,
        2,
        2,
        1,
        8,
        29,
        32,
        14,
        7,
        23,
        18,
        25,
        178,
        1,
        52,
        42,
        9,
        16,
        31,
        7,
        31,
        26,
        12,
        7,
        35,
        5,
        48,
        7,
        1,
        3,
        11,
        9,
        19,
        6,
        79,
        11,
        7,
        13,
        7,
        3,
        61,
        96,
        22,
        12,
        12,
        32,
        66,
        14,
        4,
        6,
        7,
        21,
        22,
        10,
        40,
        9,
        27,
        22,
        103,
        17,
        23,
        14,
        16,
        4,
        13,
        7,
        72,
        43,
        10,
        9,
        6,
        5,
        20,
        36,
        4,
        8,
        32,
        23,
        3,
        1,
        11,
        12,
        22,
        4,
        6,
        13,
        380,
        2,
        31,
        44,
        5,
        2,
        21,
        3,
        20,
        32,
        11,
        19,
        14,
        90,
        57,
        4,
        12,
        2,
        15,
        11,
        23,
        3,
        24,
        58,
        14,
        20,
        66,
        13,
        50,
        159,
        2,
        126,
        15,
        7,
        11,
        4,
        6,
        10,
        6,
        13,
        5
      ],
      "intervention_topk": [
        [
          1,
          0.12574850299401197
        ],
        [
          2,
          0.8203592814371258
        ],
        [
          3,
          0.8862275449101796
        ]
      ],
      "intervention_rank_list": [
        6,
        1,
        1,
        1,
        4,
        1,
        1,
        1,
        1,
        1,
        1,
        1,
        1,
        1,
        1,
        1,
        1,
        1,
        1,
        0,
        1,
        1,
        1,
        3,
        3,
        1,
        1,
        1,
        1,
        1,
        1,
        1,
        1,
        3,
        0,
        0,
        1,
        2,
        1,
        1,
        0,
        1,
        0,
        1,
        1,
        1,
        2,
        1,
        1,
        1,
        1,
        1,
        2,
        1,
        6,
        1,
        0,
        1,
        2,
        1,
        3,
        1,
        1,
        1,
        1,
        0,
        2,
        1,
        1,
        1,
        1,
        1,
        1,
        0,
        1,
        3,
        0,
        3,
        1,
        1,
        27,
        7,
        1,
        1,
        1,
        1,
        1,
        1,
        0,
        0,
        1,
        2,
        1,
        0,
        1,
        1,
        1,
        1,
        8,
        2,
        1,
        1,
        1,
        1,
        1,
        1,
        1,
        6,
        1,
        1,
        1,
        0,
        1,
        10,
        1,
        1,
        1,
        1,
        1,
        1,
        1,
        1,
        2,
        1,
        0,
        1,
        84,
        1,
        2,
        1,
        1,
        1,
        1,
        0,
        0,
        1,
        1,
        1,
        1,
        4,
        9,
        1,
        0,
        0,
        1,
        1,
        1,
        1,
        1,
        1,
        1,
        1,
        1,
        2,
        4,
        2,
        1,
        8,
        1,
        1,
        1,
        0,
        0,
        1,
        0,
        1,
        1
      ]
    },
    "centred": {
      "clean_topk": [
        [
          1,
          0.0
        ],
        [
          2,
          0.023952095808383235
        ],
        [
          3,
          0.0658682634730539
        ]
      ],
      "clean_rank_list": [
        32,
        39,
        2,
        36,
        47,
        9,
        14,
        5,
        18,
        17,
        73,
        8,
        17,
        16,
        21,
        31,
        26,
        22,
        18,
        6,
        3,
        10,
        40,
        27,
        92,
        3,
        11,
        8,
        46,
        16,
        8,
        3,
        17,
        156,
        10,
        14,
        6,
        34,
        14,
        31,
        10,
        2,
        2,
        1,
        8,
        29,
        32,
        14,
        7,
        23,
        18,
        25,
        178,
        1,
        52,
        42,
        9,
        16,
        31,
        7,
        31,
        26,
        12,
        7,
        35,
        5,
        48,
        7,
        1,
        3,
        11,
        9,
        19,
        6,
        79,
        11,
        7,
        13,
        7,
        3,
        61,
        96,
        22,
        12,
        12,
        32,
        66,
        14,
        4,
        6,
        7,
        21,
        22,
        10,
        40,
        9,
        27,
        22,
        103,
        17,
        23,
        14,
        16,
        4,
        13,
        7,
        72,
        43,
        10,
        9,
        6,
        5,
        20,
        36,
        4,
        8,
        32,
        23,
        3,
        1,
        11,
        12,
        22,
        4,
        6,
        13,
        380,
        2,
        31,
        44,
        5,
        2,
        21,
        3,
        20,
        32,
        11,
        19,
        14,
        90,
        57,
        4,
        12,
        2,
        15,
        11,
        23,
        3,
        24,
        58,
        14,
        20,
        66,
        13,
        50,
        159,
        2,
        126,
        15,
        7,
        11,
        4,
        6,
        10,
        6,
        13,
        5
      ],
      "intervention_topk": [
        [
          1,
          0.3532934131736527
        ],
        [
          2,
          0.9221556886227545
        ],
        [
          3,
          0.9461077844311377
        ]
      ],