{
  "17": {
    "original": {
      "clean_topk": [
        [
          1,
          0.0
        ],
        [
          2,
          0.005952380952380952
        ],
        [
          3,
          0.023809523809523808
        ]
      ],
      "clean_rank_list": [
        10,
        6,
        6,
        8,
        13,
        13,
        20,
        14,
        4,
        73,
        15,
        13,
        39,
        6,
        1,
        126,
        21,
        16,
        19,
        12,
        14,
        11,
        32,
        76,
        10,
        25,
        16,
        40,
        3,
        19,
        20,
        25,
        41,
        13,
        5,
        4,
        39,
        7,
        6,
        23,
        3,
        3,
        9,
        9,
        10,
        2,
        6,
        44,
        72,
        27,
        13,
        12,
        8,
        19,
        16,
        7,
        6,
        4,
        3,
        5,
        17,
        10,
        40,
        17,
        6,
        2,
        19,
        25,
        25,
        15,
        25,
        10,
        8,
        16,
        25,
        6,
        4,
        12,
        37,
        3,
        12,
        12,
        17,
        12,
        14,
        101,
        61,
        3,
        22,
        15,
        207,
        21,
        3,
        3,
        52,
        21,
        11,
        141,
        8,
        6,
        196,
        60,
        6,
        3,
        99,
        6,
        10,
        3,
        61,
        3,
        3,
        4,
        11,
        7,
        23,
        28,
        9,
        16,
        56,
        7,
        30,
        12,
        45,
        7,
        5,
        27,
        4,
        21,
        6,
        28,
        19,
        5,
        10,
        6,
        9,
        7,
        63,
        6,
        10,
        17,
        5,
        22,
        31,
        10,
        13,
        3,
        23,
        11,
        21,
        9,
        66,
        29,
        21,
        20,
        2,
        21,
        4,
        18,
        46,
        15,
        6,
        11,
        58,
        15,
        78,
        5,
        13,
        12
      ],
      "intervention_topk": [
        [
          1,
          0.19047619047619047
        ],
        [
          2,
          0.8154761904761905
        ],
        [
          3,
          0.9107142857142857
        ]
      ],
      "intervention_rank_list": [
        1,
        2,
        0,
        0,
        1,
        1,
        1,
        1,
        0,
        1,
        1,
        1,
        3,
        0,
        1,
        9,
        1,
        2,
        1,
        1,
        1,
        1,
        1,
        7,
        1,
        1,
        1,
        2,
        1,
        1,
        2,
        1,
        1,
        1,
        1,
        0,
        2,
        0,
        0,
        1,
        0,
        1,
        1,
        1,
        0,
        1,
        0,
        1,
        1,
        1,
        1,
        1,
        1,
        0,
        1,
        1,
        0,
        0,
        0,
        1,
        2,
        0,
        1,
        0,
        1,
        1,
        1,
        2,
        1,
        1,
        1,
        1,
        1,
        3,
        1,
        1,
        1,
        1,
        1,
        1,
        1,
        1,
        2,
        1,
        1,
        2,
        2,
        0,
        1,
        1,
        6,
        1,
        1,
        0,
        7,
        1,
        1,
        3,
        1,
        0,
        12,
        1,
        1,
        1,
        4,
        1,
        1,
        1,
        30,
        1,
        0,
        1,
        1,
        1,
        2,
        1,
        1,
        1,
        1,
        1,
        1,
        0,
        1,
        1,
        1,
        1,
        0,
        1,
        1,
        1,
        1,
        0,
        1,
        1,
        0,
        0,
        3,
        0,
        3,
        1,
        0,
        2,
        2,
        5,
        1,
        0,
        1,
        0,
        2,
        0,
        1,
        2,
        1,
        1,
        1,
        1,
        1,
        1,
        8,
        1,
        1,
        1,
        3,
        1,
        2,
        0,
        1,
        0
      ]
    },
    "centred": {
      "clean_topk": [
        [
          1,
          0.0
        ],
        [
          2,
          0.005952380952380952
        ],
        [
          3,
          0.023809523809523808
        ]
      ],
      "clean_rank_list": [
        10,
        6,
        6,
        8,
        13,
        13,
        20,
        14,
        4,
        73,
        15,
        13,
        39,
        6,
        1,
        126,
        21,
        16,
        19,
        12,
        14,
        11,
        32,
        76,
        10,
        25,
        16,
        40,
        3,
        19,
        20,
        25,
        41,
        13,
        5,
        4,
        39,
        7,
        6,
        23,
        3,
        3,
        9,
        9,
        10,
        2,
        6,
        44,
        72,
        27,
        13,
        12,
        8,
        19,
        16,
        7,
        6,
        4,
        3,
        5,
        17,
        10,
        40,
        17,
        6,
        2,
        19,
        25,
        25,
        15,
        25,
        10,
        8,
        16,
        25,
        6,
        4,
        12,
        37,
        3,
        12,
        12,
        17,
        12,
        14,
        101,
        61,
        3,
        22,
        15,
        207,
        21,
        3,
        3,
        52,
        21,
        11,
        141,
        8,
        6,
        196,
        60,
        6,
        3,
        99,
        6,
        10,
        3,
        61,
        3,
        3,
        4,
        11,
        7,
        23,
        28,
        9,
        16,
        56,
        7,
        30,
        12,
        45,
        7,
        5,
        27,
        4,
        21,
        6,
        28,
        19,
        5,
        10,
        6,
        9,
        7,
        63,
        6,
        10,
        17,
        5,
        22,
        31,
        10,
        13,
        3,
        23,
        11,
        21,
        9,
        66,
        29,
        21,
        20,
        2,
        21,
        4,
        18,
        46,
        15,
        6,
        11,
        58,
        15,
        78,
        5,
        13,
        12
      ],
      "intervention_topk": [
        [
          1,
          0.34523809523809523
        ],
        [
          2,
          0.9404761904761905
        ],
        [
          3,
          0.9761904761904762
        ]
      ],