{
  "17": {
    "original": {
      "clean_topk": [
        [
          1,
          0.0
        ],
        [
          2,
          0.04142011834319527
        ],
        [
          3,
          0.05917159763313609
        ]
      ],
      "clean_rank_list": [
        27,
        5,
        66,
        16,
        9,
        12,
        8,
        40,
        28,
        10,
        1,
        10,
        20,
        20,
        3,
        24,
        46,
        10,
        3,
        14,
        19,
        4,
        1,
        4,
        41,
        5,
        48,
        4,
        20,
        72,
        2,
        1,
        8,
        4,
        6,
        50,
        22,
        10,
        9,
        7,
        1,
        13,
        15,
        14,
        2,
        45,
        10,
        14,
        7,
        14,
        43,
        6,
        126,
        39,
        10,
        3,
        28,
        11,
        3,
        10,
        22,
        28,
        27,
        33,
        1,
        20,
        139,
        52,
        4,
        25,
        12,
        10,
        103,
        36,
        8,
        47,
        2,
        6,
        25,
        13,
        64,
        10,
        493,
        15,
        14,
        36,
        14,
        15,
        25,
        16,
        370,
        40,
        46,
        14,
        27,
        8,
        12,
        6,
        15,
        7,
        21,
        12,
        29,
        52,
        3,
        46,
        9,
        25,
        13,
        20,
        7,
        4,
        4,
        13,
        5,
        4,
        6,
        48,
        24,
        7,
        38,
        196,
        1,
        104,
        18,
        33,
        8,
        141,
        13,
        32,
        12,
        13,
        11,
        28,
        6,
        16,
        103,
        4,
        7,
        12,
        14,
        14,
        20,
        25,
        131,
        20,
        24,
        90,
        243,
        11,
        56,
        41,
        32,
        1,
        45,
        153,
        13,
        18,
        33,
        7,
        16,
        8,
        42,
        16,
        9,
        18,
        15,
        5,
        8
      ],
      "intervention_topk": [
        [
          1,
          0.15384615384615385
        ],
        [
          2,
          0.8165680473372781
        ],
        [
          3,
          0.8757396449704142
        ]
      ],
      "intervention_rank_list": [
        0,
        1,
        1,
        1,
        0,
        0,
        1,
        1,
        1,
        0,
        1,
        1,
        1,
        0,
        1,
        1,
        1,
        1,
        1,
        1,
        0,
        1,
        0,
        0,
        1,
        1,
        2,
        1,
        1,
        1,
        1,
        0,
        1,
        0,
        0,
        1,
        1,
        0,
        3,
        0,
        0,
        1,
        1,
        1,
        1,
        1,
        1,
        1,
        1,
        1,
        8,
        0,
        8,
        3,
        1,
        1,
        1,
        1,
        1,
        0,
        1,
        1,
        1,
        1,
        0,
        1,
        1,
        1,
        1,
        1,
        2,
        1,
        10,
        1,
        1,
        3,
        1,
        1,
        1,
        1,
        1,
        1,
        18,
        1,
        1,
        2,
        1,
        1,
        1,
        1,
        8,
        1,
        4,
        1,
        1,
        1,
        1,
        1,
        1,
        0,
        2,
        1,
        1,
        6,
        1,
        2,
        1,
        1,
        1,
        0,
        0,
        1,
        0,
        1,
        1,
        2,
        1,
        2,
        1,
        1,
        1,
        11,
        0,
        21,
        1,
        1,
        1,
        4,
        2,
        5,
        1,
        1,
        1,
        5,
        0,
        2,
        9,
        0,
        1,
        1,
        1,
        1,
        1,
        1,
        4,
        1,
        2,
        3,
        1,
        1,
        1,
        1,
        1,
        1,
        3,
        30,
        1,
        1,
        5,
        0,
        1,
        1,
        1,
        1,
        1,
        1,
        1,
        0,
        1
      ]
    },
    "centred": {
      "clean_topk": [
        [
          1,
          0.0
        ],
        [
          2,
          0.04142011834319527
        ],
        [
          3,
          0.05917159763313609
        ]
      ],
      "clean_rank_list": [
        27,
        5,
        66,
        16,
        9,
        12,
        8,
        40,
        28,
        10,
        1,
        10,
        20,
        20,
        3,
        24,
        46,
        10,
        3,
        14,
        19,
        4,
        1,
        4,
        41,
        5,
        48,
        4,
        20,
        72,
        2,
        1,
        8,
        4,
        6,
        50,
        22,
        10,
        9,
        7,
        1,
        13,
        15,
        14,
        2,
        45,
        10,
        14,
        7,
        14,
        43,
        6,
        126,
        39,
        10,
        3,
        28,
        11,
        3,
        10,
        22,
        28,
        27,
        33,
        1,
        20,
        139,
        52,
        4,
        25,
        12,
        10,
        103,
        36,
        8,
        47,
        2,
        6,
        25,
        13,
        64,
        10,
        493,
        15,
        14,
        36,
        14,
        15,
        25,
        16,
        370,
        40,
        46,
        14,
        27,
        8,
        12,
        6,
        15,
        7,
        21,
        12,
        29,
        52,
        3,
        46,
        9,
        25,
        13,
        20,
        7,
        4,
        4,
        13,
        5,
        4,
        6,
        48,
        24,
        7,
        38,
        196,
        1,
        104,
        18,
        33,
        8,
        141,
        13,
        32,
        12,
        13,
        11,
        28,
        6,
        16,
        103,
        4,
        7,
        12,
        14,
        14,
        20,
        25,
        131,
        20,
        24,
        90,
        243,
        11,
        56,
        41,
        32,
        1,
        45,
        153,
        13,
        18,
        33,
        7,
        16,
        8,
        42,
        16,
        9,
        18,
        15,
        5,
        8
      ],
      "intervention_topk": [
        [
          1,
          0.33136094674556216
        ],
        [
          2,
          0.9053254437869822
        ],
        [
          3,
          0.9526627218934911
        ]
      ],