{
  "17": {
    "original": {
      "clean_topk": [
        [
          1,
          0.0
        ],
        [
          2,
          0.024096385542168676
        ],
        [
          3,
          0.04819277108433735
        ]
      ],
      "clean_rank_list": [
        30,
        7,
        37,
        7,
        10,
        10,
        39,
        24,
        23,
        10,
        18,
        4,
        9,
        11,
        104,
        55,
        72,
        5,
        16,
        37,
        8,
        14,
        53,
        6,
        9,
        7,
        23,
        13,
        19,
        27,
        4,
        15,
        21,
        24,
        23,
        15,
        12,
        1,
        27,
        4,
        3,
        1,
        15,
        46,
        20,
        6,
        4,
        15,
        9,
        8,
        5,
        17,
        11,
        29,
        4,
        6,
        6,
        6,
        41,
        68,
        78,
        12,
        5,
        41,
        23,
        3,
        8,
        40,
        6,
        29,
        36,
        2,
        36,
        5,
        3,
        33,
        2,
        22,
        20,
        17,
        21,
        40,
        3,
        7,
        10,
        26,
        20,
        10,
        19,
        22,
        19,
        5,
        10,
        40,
        11,
        27,
        2,
        34,
        21,
        17,
        9,
        31,
        42,
        13,
        29,
        4,
        10,
        4,
        36,
        21,
        40,
        44,
        18,
        23,
        11,
        6,
        370,
        13,
        12,
        192,
        31,
        92,
        6,
        45,
        11,
        17,
        18,
        3,
        54,
        6,
        20,
        131,
        22,
        9,
        5,
        7,
        45,
        1,
        17,
        6,
        7,
        12,
        28,
        10,
        37,
        2,
        8,
        13,
        28,
        48,
        26,
        1,
        10,
        280,
        5,
        6,
        90,
        25,
        58,
        3,
        27,
        46,
        6,
        73,
        50,
        14
      ],
      "intervention_topk": [
        [
          1,
          0.16265060240963855
        ],
        [
          2,
          0.8253012048192772
        ],
        [
          3,
          0.9156626506024096
        ]
      ],
      "intervention_rank_list": [
        1,
        0,
        1,
        1,
        1,
        4,
        1,
        1,
        1,
        1,
        1,
        0,
        1,
        1,
        21,
        4,
        1,
        1,
        1,
        0,
        1,
        1,
        3,
        1,
        1,
        1,
        1,
        1,
        1,
        1,
        1,
        1,
        1,
        2,
        0,
        1,
        2,
        0,
        1,
        0,
        1,
        0,
        0,
        3,
        3,
        1,
        0,
        1,
        1,
        0,
        1,
        1,
        1,
        1,
        1,
        1,
        0,
        0,
        1,
        1,
        2,
        1,
        0,
        1,
        1,
        0,
        1,
        2,
        1,
        2,
        1,
        1,
        1,
        0,
        1,
        1,
        1,
        1,
        1,
        1,
        2,
        1,
        1,
        1,
        1,
        2,
        1,
        1,
        1,
        1,
        1,
        1,
        1,
        1,
        1,
        1,
        1,
        2,
        1,
        1,
        0,
        2,
        1,
        1,
        1,
        2,
        1,
        1,
        10,
        1,
        1,
        1,
        1,
        1,
        1,
        0,
        8,
        1,
        1,
        201,
        2,
        6,
        0,
        2,
        1,
        1,
        1,
        1,
        1,
        0,
        1,
        4,
        1,
        0,
        1,
        1,
        3,
        0,
        1,
        1,
        0,
        1,
        1,
        1,
        1,
        0,
        1,
        1,
        1,
        2,
        2,
        0,
        0,
        1,
        1,
        0,
        3,
        1,
        1,
        1,
        2,
        1,
        1,
        1,
        5,
        0
      ]
    },
    "centred": {
      "clean_topk": [
        [
          1,
          0.0
        ],
        [
          2,
          0.024096385542168676
        ],
        [
          3,
          0.04819277108433735
        ]
      ],
      "clean_rank_list": [
        30,
        7,
        37,
        7,
        10,
        10,
        39,
        24,
        23,
        10,
        18,
        4,
        9,
        11,
        104,
        55,
        72,
        5,
        16,
        37,
        8,
        14,
        53,
        6,
        9,
        7,
        23,
        13,
        19,
        27,
        4,
        15,
        21,
        24,
        23,
        15,
        12,
        1,
        27,
        4,
        3,
        1,
        15,
        46,
        20,
        6,
        4,
        15,
        9,
        8,
        5,
        17,
        11,
        29,
        4,
        6,
        6,
        6,
        41,
        68,
        78,
        12,
        5,
        41,
        23,
        3,
        8,
        40,
        6,
        29,
        36,
        2,
        36,
        5,
        3,
        33,
        2,
        22,
        20,
        17,
        21,
        40,
        3,
        7,
        10,
        26,
        20,
        10,
        19,
        22,
        19,
        5,
        10,
        40,
        11,
        27,
        2,
        34,
        21,
        17,
        9,
        31,
        42,
        13,
        29,
        4,
        10,
        4,
        36,
        21,
        40,
        44,
        18,
        23,
        11,
        6,
        370,
        13,
        12,
        192,
        31,
        92,
        6,
        45,
        11,
        17,
        18,
        3,
        54,
        6,
        20,
        131,
        22,
        9,
        5,
        7,
        45,
        1,
        17,
        6,
        7,
        12,
        28,
        10,
        37,
        2,
        8,
        13,
        28,
        48,
        26,
        1,
        10,
        280,
        5,
        6,
        90,
        25,
        58,
        3,
        27,
        46,
        6,
        73,
        50,
        14
      ],
      "intervention_topk": [
        [
          1,
          0.37349397590361444
        ],
        [
          2,
          0.9518072289156626
        ],
        [
          3,
          0.9698795180722891
        ]
      ],