{
  "17": {
    "original": {
      "clean_topk": [
        [
          1,
          0.0
        ],
        [
          2,
          0.02976190476190476
        ],
        [
          3,
          0.07142857142857142
        ]
      ],
      "clean_rank_list": [
        10,
        31,
        12,
        6,
        27,
        33,
        16,
        29,
        22,
        23,
        38,
        20,
        2,
        14,
        12,
        8,
        34,
        13,
        19,
        23,
        40,
        54,
        139,
        26,
        23,
        56,
        22,
        48,
        12,
        25,
        1,
        50,
        14,
        26,
        156,
        11,
        6,
        13,
        20,
        16,
        14,
        21,
        18,
        5,
        11,
        2,
        4,
        31,
        6,
        31,
        20,
        12,
        8,
        29,
        40,
        14,
        17,
        11,
        3,
        21,
        15,
        24,
        8,
        23,
        6,
        65,
        2,
        8,
        3,
        1,
        2,
        40,
        1,
        3,
        6,
        7,
        3,
        178,
        28,
        13,
        11,
        2,
        1,
        12,
        3,
        5,
        147,
        95,
        58,
        7,
        3,
        14,
        11,
        5,
        36,
        63,
        99,
        56,
        35,
        3,
        23,
        40,
        29,
        56,
        24,
        27,
        3,
        17,
        17,
        15,
        12,
        52,
        60,
        23,
        14,
        16,
        2,
        12,
        10,
        150,
        25,
        24,
        3,
        34,
        17,
        15,
        5,
        39,
        35,
        19,
        5,
        2,
        17,
        31,
        13,
        37,
        10,
        13,
        23,
        1,
        5,
        14,
        35,
        16,
        20,
        29,
        10,
        8,
        862,
        11,
        42,
        7,
        13,
        5,
        45,
        17,
        20,
        44,
        19,
        10,
        5,
        6,
        9,
        22,
        18,
        16,
        38,
        52
      ],
      "intervention_topk": [
        [
          1,
          0.10119047619047619
        ],
        [
          2,
          0.7976190476190477
        ],
        [
          3,
          0.8928571428571429
        ]
      ],
      "intervention_rank_list": [
        1,
        1,
        1,
        1,
        1,
        1,
        1,
        2,
        1,
        1,
        1,
        1,
        1,
        1,
        1,
        1,
        0,
        1,
        1,
        1,
        1,
        1,
        1,
        1,
        1,
        1,
        1,
        2,
        1,
        1,
        0,
        5,
        1,
        1,
        4,
        0,
        1,
        1,
        1,
        2,
        1,
        1,
        1,
        0,
        3,
        1,
        0,
        3,
        2,
        1,
        0,
        1,
        1,
        1,
        8,
        1,
        1,
        1,
        1,
        1,
        1,
        1,
        1,
        1,
        1,
        1,
        2,
        1,
        1,
        1,
        1,
        1,
        1,
        0,
        1,
        1,
        1,
        2,
        1,
        1,
        1,
        0,
        0,
        1,
        0,
        1,
        1,
        1,
        1,
        1,
        1,
        2,
        1,
        0,
        1,
        3,
        4,
        1,
        2,
        0,
        1,
        1,
        2,
        1,
        1,
        2,
        1,
        2,
        1,
        1,
        2,
        6,
        14,
        3,
        1,
        1,
        1,
        2,
        0,
        18,
        1,
        1,
        1,
        4,
        1,
        1,
        1,
        1,
        1,
        0,
        1,
        1,
        2,
        1,
        1,
        2,
        1,
        1,
        1,
        1,
        0,
        1,
        15,
        1,
        1,
        3,
        1,
        1,
        16,
        3,
        1,
        1,
        1,
        1,
        2,
        1,
        0,
        1,
        1,
        1,
        0,
        1,
        1,
        1,
        1,
        8,
        1,
        7
      ]
    },
    "centred": {
      "clean_topk": [
        [
          1,
          0.0
        ],
        [
          2,
          0.02976190476190476
        ],
        [
          3,
          0.07142857142857142
        ]
      ],
      "clean_rank_list": [
        10,
        31,
        12,
        6,
        27,
        33,
        16,
        29,
        22,
        23,
        38,
        20,
        2,
        14,
        12,
        8,
        34,
        13,
        19,
        23,
        40,
        54,
        139,
        26,
        23,
        56,
        22,
        48,
        12,
        25,
        1,
        50,
        14,
        26,
        156,
        11,
        6,
        13,
        20,
        16,
        14,
        21,
        18,
        5,
        11,
        2,
        4,
        31,
        6,
        31,
        20,
        12,
        8,
        29,
        40,
        14,
        17,
        11,
        3,
        21,
        15,
        24,
        8,
        23,
        6,
        65,
        2,
        8,
        3,
        1,
        2,
        40,
        1,
        3,
        6,
        7,
        3,
        178,
        28,
        13,
        11,
        2,
        1,
        12,
        3,
        5,
        147,
        95,
        58,
        7,
        3,
        14,
        11,
        5,
        36,
        63,
        99,
        56,
        35,
        3,
        23,
        40,
        29,
        56,
        24,
        27,
        3,
        17,
        17,
        15,
        12,
        52,
        60,
        23,
        14,
        16,
        2,
        12,
        10,
        150,
        25,
        24,
        3,
        34,
        17,
        15,
        5,
        39,
        35,
        19,
        5,
        2,
        17,
        31,
        13,
        37,
        10,
        13,
        23,
        1,
        5,
        14,
        35,
        16,
        20,
        29,
        10,
        8,
        862,
        11,
        42,
        7,
        13,
        5,
        45,
        17,
        20,
        44,
        19,
        10,
        5,
        6,
        9,
        22,
        18,
        16,
        38,
        52
      ],
      "intervention_topk": [
        [
          1,
          0.30952380952380953
        ],
        [
          2,
          0.9404761904761905
        ],
        [
          3,
          0.9761904761904762
        ]
      ],