{
  "9": {
    "original": {
      "clean_topk": [
        [
          1,
          0.008928571428571428
        ],
        [
          2,
          0.13095238095238096
        ],
        [
          3,
          0.18452380952380953
        ]
      ],
      "clean_rank_list": [
        10,
        39,
        7,
        10,
        16,
        1,
        200,
        413,
        81,
        1,
        70,
        109,
        52,
        15,
        1,
        2243,
        24,
        13,
        1,
        2,
        5,
        1222,
        344,
        1,
        14,
        509,
        0,
        2,
        1,
        317,
        79,
        71,
        284,
        75,
        23,
        14,
        151,
        3,
        9,
        47,
        1,
        2,
        225,
        190,
        4,
        3,
        85,
        625,
        68,
        39,
        8,
        37,
        20,
        1,
        47,
        5,
        6,
        23,
        11,
        1,
        25,
        1,
        764,
        3315,
        103,
        1,
        41,
        8143,
        2,
        11,
        276,
        29,
        1,
        19,
        350,
        50,
        1,
        32,
        15,
        36,
        360,
        8,
        7,
        26,
        6,
        45,
        3,
        287,
        19,
        10,
        6,
        58,
        15,
        63,
        52,
        1,
        32,
        2,
        13,
        1,
        7,
        49,
        16,
        26,
        2,
        28,
        1,
        3,
        91,
        3,
        5,
        4489,
        404,
        51,
        110,
        370,
        1,
        21,
        6233,
        12,
        89,
        3,
        1,
        46,
        104,
        112,
        7,
        8,
        3,
        3,
        15,
        1,
        2,
        460,
        137,
        21,
        13,
        712,
        243,
        1,
        7,
        16,
        63,
        264,
        114,
        22,
        20,
        1,
        9,
        4,
        50,
        1,
        8,
        68,
        7,
        15,
        2,
        59,
        125,
        4,
        0,
        282,
        313,
        1,
        1,
        83,
        17,
        21,
        7,
        23,
        26,
        132,
        264,
        1926,
        25,
        13,
        2,
        19,
        1,
        4,
        360,
        131,
        968,
        48,
        54,
        43,
        75,
        1,
        8,
        11,
        1,
        155,
        5,
        64,
        4,
        1,
        28,
        17,
        32,
        11,
        18,
        644,
        12,
        3,
        123,
        118,
        1,
        1,
        1,
        204,
        2,
        1,
        1,
        3,
        94,
        246,
        220,
        207,
        2392,
        54,
        369,
        32,
        72,
        2,
        1109,
        15,
        4,
        56,
        53,
        3,
        2,
        8,
        20,
        12,
        285,
        2,
        6,
        101,
        24,
        35,
        1979,
        108,
        2,
        20,
        9,
        18,
        127,
        2,
        40,
        18,
        10,
        7,
        9,
        3,
        1,
        70,
        1,
        2,
        23,
        1,
        49,
        95,
        279,
        575,
        6,
        15,
        112,
        4,
        318,
        27,
        96,
        257,
        19,
        58,
        3,
        5465,
        412,
        10,
        189,
        171,
        14,
        164,
        3,
        246,
        1,
        15,
        1045,
        100,
        27,
        16,
        6,
        2,
        39,
        422,
        68,
        50,
        88,
        87,
        14,
        41,
        275,
        16,
        61,
        8,
        1,
        16,
        2,
        534,
        4,
        6111,
        305,
        6,
        115,
        819,
        62,
        71,
        7,
        247,
        1,
        28,
        37,
        95,
        11,
        1,
        10,
        4891,
        1,
        631,
        227,
        0,
        427,
        637,
        33,
        23,
        38,
        11
      ],
      "intervention_topk": [
        [
          1,
          0.20535714285714285
        ],
        [
          2,
          0.5714285714285714
        ],
        [
          3,
          0.6607142857142857
        ]
      ],