{
  "9": {
    "original": {
      "clean_topk": [
        [
          1,
          0.018633540372670808
        ],
        [
          2,
          0.13354037267080746
        ],
        [
          3,
          0.17391304347826086
        ]
      ],
      "clean_rank_list": [
        132,
        39,
        52,
        19,
        13,
        5,
        5,
        24,
        6,
        3315,
        55,
        7,
        1,
        1,
        23,
        116,
        1,
        115,
        1,
        6,
        311,
        13,
        395,
        98,
        1550,
        0,
        22,
        18,
        78,
        697,
        482,
        4,
        1,
        39,
        123,
        323,
        0,
        3,
        21,
        32,
        1,
        496,
        7,
        3,
        256,
        4,
        47,
        109,
        135,
        8,
        33,
        1,
        4,
        4,
        0,
        50,
        55,
        44,
        271,
        58,
        44,
        144,
        20,
        5,
        15,
        220,
        41,
        23,
        14,
        2596,
        80,
        20,
        2793,
        7,
        4,
        23,
        4,
        62,
        1,
        9,
        36,
        1,
        1,
        56,
        8007,
        7,
        50,
        14,
        4,
        312,
        58,
        2073,
        2,
        17,
        9,
        2570,
        87,
        137,
        2,
        53,
        3,
        1,
        45,
        3,
        303,
        107,
        120,
        132,
        6,
        7,
        2,
        0,
        1,
        18,
        112,
        4,
        1,
        4,
        164,
        401,
        3,
        151,
        1,
        9,
        1,
        20,
        51,
        175,
        369,
        31,
        392,
        1175,
        17,
        2,
        1,
        1478,
        10,
        18,
        60,
        52,
        285,
        7,
        190,
        5,
        1,
        16,
        1,
        1,
        7,
        6,
        16,
        227,
        34,
        10,
        5,
        9,
        17,
        1,
        147,
        174,
        11,
        5876,
        12,
        3,
        111,
        5872,
        126,
        3,
        9,
        49,
        9,
        1,
        27,
        16,
        246,
        2,
        1484,
        29,
        37,
        4,
        11,
        0,
        83,
        31,
        141,
        125,
        1,
        7,
        3,
        12,
        57,
        110,
        0,
        2,
        1,
        1,
        21,
        7,
        75,
        189,
        9,
        9,
        55,
        1,
        3,
        26,
        1,
        4,
        40,
        514,
        10,
        1,
        11,
        1,
        3,
        1,
        39,
        457,
        56,
        275,
        32,
        2,
        30,
        2,
        19,
        203,
        6,
        4,
        1,
        11,
        8,
        318,
        310,
        188,
        6,
        29,
        95,
        16,
        5,
        20,
        1030,
        119,
        2,
        55,
        100,
        118,
        1,
        11,
        26,
        55,
        1,
        178,
        16,
        4,
        5,
        2,
        50,
        16,
        346,
        23,
        279,
        1,
        2,
        44,
        1153,
        4,
        35,
        151,
        5,
        183,
        26,
        1,
        2084,
        63,
        11,
        28,
        41,
        1,
        726,
        2,
        20,
        63,
        547,
        9,
        18,
        18,
        6867,
        8,
        8,
        24,
        1,
        13,
        5,
        1,
        34,
        89,
        20,
        19,
        37,
        257,
        331,
        6,
        331,
        620,
        5,
        10,
        13,
        19,
        8,
        4,
        4,
        52,
        122,
        2,
        541,
        20,
        16,
        16,
        7,
        176,
        3,
        9
      ],
      "intervention_topk": [
        [
          1,
          0.2111801242236025
        ],
        [
          2,
          0.5869565217391305
        ],
        [
          3,
          0.7049689440993789
        ]
      ],