{
  "9": {
    "original": {
      "clean_topk": [
        [
          1,
          0.029411764705882353
        ],
        [
          2,
          0.12745098039215685
        ],
        [
          3,
          0.16666666666666666
        ]
      ],
      "clean_rank_list": [
        0,
        61,
        21,
        147,
        99,
        22,
        129,
        5465,
        34,
        17,
        8,
        1,
        369,
        8,
        39,
        24,
        94,
        75,
        101,
        18,
        392,
        1175,
        49,
        225,
        1,
        26,
        1015,
        4,
        15,
        260,
        1,
        448,
        31,
        65,
        26,
        9,
        8432,
        21,
        183,
        1203,
        53,
        9,
        0,
        85,
        28,
        1,
        4,
        0,
        1787,
        318,
        110,
        48,
        137,
        13,
        1,
        58,
        19,
        3,
        49,
        45,
        1,
        1219,
        3,
        1,
        2,
        20,
        0,
        34,
        48,
        62,
        18,
        16,
        24,
        3,
        2,
        5,
        16,
        4,
        1109,
        36,
        21,
        3,
        3,
        148,
        24,
        293,
        401,
        49,
        7,
        4,
        5,
        2,
        3,
        78,
        6,
        693,
        0,
        1,
        1,
        54,
        285,
        1,
        7,
        7,
        1,
        19,
        7,
        66,
        1,
        16,
        11,
        217,
        2243,
        4,
        5754,
        264,
        5248,
        109,
        119,
        25,
        352,
        13,
        3,
        1,
        118,
        22,
        22,
        2,
        22,
        215,
        0,
        18,
        1,
        15,
        191,
        12,
        6,
        10,
        18,
        26,
        364,
        371,
        2,
        8,
        27,
        12,
        9,
        62,
        115,
        127,
        1,
        47,
        8,
        25,
        78,
        4,
        282,
        27,
        79,
        11,
        176,
        264,
        144,
        95,
        77,
        3,
        275,
        48,
        592,
        175,
        118,
        35,
        1,
        10,
        258,
        221,
        25,
        4,
        17,
        19,
        118,
        1,
        5,
        10,
        24,
        60,
        3,
        7,
        512,
        16,
        1,
        8,
        154,
        1400,
        4,
        1,
        1129,
        2,
        278,
        56,
        13,
        1,
        131,
        108,
        317,
        2,
        218,
        115,
        3781,
        20,
        9,
        115,
        63,
        3445,
        287,
        29,
        6,
        286,
        7,
        1,
        137,
        19,
        6,
        24,
        7,
        944,
        23,
        5876,
        15,
        4,
        23,
        11,
        10269,
        5,
        1,
        66,
        2,
        138,
        68,
        694,
        31,
        11,
        712,
        2,
        6,
        15,
        4,
        16,
        8,
        9,
        3,
        2589,
        13,
        92,
        10,
        1,
        175,
        68,
        15,
        2392,
        69,
        54,
        1,
        1,
        41,
        12,
        30,
        413,
        1,
        122,
        11,
        5,
        1,
        112,
        31,
        45,
        54,
        1160,
        11,
        350,
        243,
        2,
        2,
        0,
        7,
        56,
        26,
        11,
        985,
        243,
        7,
        2,
        20,
        0,
        1,
        17,
        738,
        4,
        3109,
        0,
        3,
        1,
        1,
        12,
        116,
        23
      ],
      "intervention_topk": [
        [
          1,
          0.16993464052287582
        ],
        [
          2,
          0.5294117647058824
        ],
        [
          3,
          0.6209150326797386
        ]
      ],
      "intervention_rank_list": [
        0,
        1,
        3,
        5,
        17,
        1,
        24,
        1556,
        4,
        3,
        5,
        0,
        15,
        1,
        2,
        2,
        1,
        5,
        10,
        5,
        228,
        214,
        5,
        16,
        0,
        1,
        166,
        1,
        1,
        12,
        1,
        16,
        0,
        3,
        1,
        1,
        1171,
        3,
        89,
        242,
        2,
        1,
        0,
        5,
        2,
        1,
        1,
        0,
        333,
        60,
        6,
        10,
        4,
        2,
        0,
        6,
        1,
        1,
        1,
        1,
        0,
        272,
        1,
        0,
        0,
        2,
        0,
        2,
        1,
        1,
        2,
        1,
        1,
        1,
        1,
        1,
        1,
        1,
        84,
        1,
        0,
        0,
        1,
        54,
        1,
        14,
        73,
        3,
        2,
        1,
        1,
        1,
        1,
        8,
        1,
        42,
        0,
        0,
        0,
        1,
        13,
        1,
        0,
        0,
        0,
        1,
        1,
        6,
        0,
        0,
        1,
        14,
        142,
        1,
        1647,
        46,
        1524,
        45,
        7,
        1,
        19,
        1,
        0,
        1,
        9,
        1,
        1,
        0,
        1,
        11,
        0,
        1,
        1,
        1,
        9,
        1,
        0,
        1,
        1,
        1,
        48,
        85,
        1,
        1,
        1,
        1,
        1,
        1,
        2,
        24,
        0,
        2,
        1,
        1,
        1,
        1,
        6,
        7,
        2,
        1,
        2,
        47,
        6,
        1,
        5,
        1,
        58,
        5,
        3,
        21,
        6,
        1,
        0,
        2,
        22,
        34,
        1,
        1,
        3,
        5,
        2,
        0,
        0,
        1,
        1,
        1,
        1,
        1,
        11,
        1,
        0,
        1,
        2,
        101,
        0,
        0,
        174,
        1,
        30,
        5,
        1,
        0,
        6,
        11,
        16,
        1,
        11,
        11,
        1388,
        3,
        1,
        9,
        2,
        345,
        4,
        4,
        2,
        14,
        0,
        1,
        6,
        2,
        1,
        2,
        1,
        158,
        1,
        2206,
        1,
        1,
        2,
        0,
        2378,
        1,
        0,
        3,
        1,
        9,
        6,
        132,
        2,
        2,
        386,
        0,
        0,
        2,
        1,
        1,
        1,
        0,
        1,
        527,
        2,
        5,
        1,
        1,
        27,
        4,
        6,
        311,
        8,
        3,
        0,
        0,
        2,
        1,
        1,
        17,
        0,
        4,
        1,
        0,
        1,
        13,
        1,
        2,
        3,
        19,
        1,
        64,
        3,
        0,
        0,
        0,
        1,
        4,
        0,
        1,
        98,
        25,
        1,
        0,
        1,
        0,
        0,
        1,
        83,
        1,
        283,
        0,
        1,
        1,
        0,
        2,
        15,
        1
      ]
    },
    "centred": {
      "clean_topk": [
        [
          1,
          0.029411764705882353
        ],
        [
          2,
          0.12745098039215685
        ],
        [
          3,
          0.16666666666666666
        ]
      ],