{
  "17": {
    "original": {
      "clean_topk": [
        [
          1,
          0.05128205128205128
        ],
        [
          2,
          0.05128205128205128
        ],
        [
          3,
          0.05128205128205128
        ]
      ],
      "clean_rank_list": [
        17,
        938,
        34,
        586,
        7,
        8,
        23,
        12,
        179,
        8,
        11,
        56,
        18,
        782,
        23,
        23,
        16,
        130,
        11,
        39,
        44,
        7,
        16,
        53,
        5,
        0,
        51,
        22,
        11,
        229,
        12,
        6,
        19,
        17,
        70,
        0,
        21,
        12,
        45
      ],
      "intervention_topk": [
        [
          1,
          0.3076923076923077
        ],
        [
          2,
          0.6153846153846154
        ],
        [
          3,
          0.7948717948717948
        ]
      ],
      "intervention_rank_list": [
        0,
        138,
        2,
        31,
        1,
        0,
        2,
        1,
        2,
        1,
        0,
        3,
        1,
        282,
        1,
        12,
        1,
        2,
        0,
        1,
        17,
        1,
        2,
        1,
        0,
        0,
        1,
        4,
        1,
        2,
        0,
        0,
        0,
        2,
        14,
        0,
        0,
        0,
        1
      ]
    },
    "centred": {
      "clean_topk": [
        [
          1,
          0.05128205128205128
        ],
        [
          2,
          0.05128205128205128
        ],
        [
          3,
          0.05128205128205128
        ]
      ],
      "clean_rank_list": [
        17,
        938,
        34,
        586,
        7,
        8,
        23,
        12,
        179,
        8,
        11,
        56,
        18,
        782,
        23,
        23,
        16,
        130,
        11,
        39,
        44,
        7,
        16,
        53,
        5,
        0,
        51,
        22,
        11,
        229,
        12,
        6,
        19,
        17,
        70,
        0,
        21,
        12,
        45
      ],
      "intervention_topk": [
        [
          1,
          0.6666666666666666
        ],
        [
          2,
          0.8461538461538461
        ],
        [
          3,
          0.9230769230769231
        ]
      ],
      "intervention_rank_list": [
        0,
        43,
        0,
        4,
        1,
        0,
        0,
        0,
        1,
        0,
        0,
        0,
        0,
        6,
        0,
        2,
        0,
        1,
        0,
        0,
        2,
        1,
        0,
        0,
        0,
        0,
        1,
        1,
        0,
        2,
        0,
        0,
        0,
        0,
        1,
        0,
        0,
        0,
        0
      ]
    }
  },
  "18": {
    "original": {
      "clean_topk": [
        [
          1,
          0.05128205128205128
        ],
        [
          2,
          0.05128205128205128
        ],
        [
          3,
          0.05128205128205128
        ]
      ],
      "clean_rank_list": [
        17,
        938,
        34,
        586,
        7,
        8,
        23,
        12,
        179,
        8,
        11,
        56,
        18,
        782,
        23,
        23,
        16,
        130,
        11,
        39,
        44,
        7,
        16,
        53,
        5,
        0,
        51,
        22,
        11,
        229,
        12,
        6,
        19,
        17,
        70,
        0,
        21,
        12,
        45
      ],
      "intervention_topk": [
        [
          1,
          0.2564102564102564
        ],
        [
          2,
          0.5384615384615384
        ],
        [
          3,
          0.6923076923076923
        ]
      ],
      "intervention_rank_list": [
        0,
        200,
        4,
        42,
        1,
        0,
        4,
        1,
        2,
        1,
        1,
        5,
        2,
        455,
        1,
        16,
        1,
        2,
        1,
        2,
        28,
        1,
        3,
        1,
        0,
        0,
        1,
        9,
        1,
        4,
        0,
        0,
        0,
        2,
        13,
        0,
        0,
        0,
        2
      ]
    },
    "centred": {
      "clean_topk": [
        [
          1,
          0.05128205128205128
        ],
        [
          2,
          0.05128205128205128
        ],
        [
          3,
          0.05128205128205128
        ]
      ],
      "clean_rank_list": [
        17,
        938,
        34,
        586,
        7,
        8,
        23,
        12,
        179,
        8,
        11,
        56,
        18,
        782,
        23,
        23,
        16,
        130,
        11,
        39,
        44,
        7,
        16,
        53,
        5,
        0,
        51,
        22,
        11,
        229,
        12,
        6,
        19,
        17,
        70,
        0,
        21,
        12,
        45
      ],
      "intervention_topk": [
        [
          1,
          0.6153846153846154
        ],
        [
          2,
          0.8461538461538461
        ],
        [
          3,
          0.8974358974358975
        ]
      ],
      "intervention_rank_list": [
        0,
        49,
        0,
        10,
        1,
        0,
        0,
        0,
        0,
        0,
        0,
        0,
        0,
        20,
        0,
        1,
        1,
        2,
        0,
        0,
        1,
        1,
        0,
        1,
        0,
        0,
        1,
        1,
        0,
        2,
        0,
        0,
        0,
        0,
        3,
        0,
        0,
        0,
        1
      ]
    }
  }
}