{
  "17": {
    "original": {
      "clean_topk": [
        [
          1,
          0.12195121951219512
        ],
        [
          2,
          0.12195121951219512
        ],
        [
          3,
          0.12195121951219512
        ]
      ],
      "clean_rank_list": [
        171,
        179,
        7,
        16,
        17,
        59,
        27,
        0,
        37,
        16,
        34,
        0,
        11,
        11,
        117,
        938,
        21,
        32,
        27,
        0,
        54,
        441,
        50,
        55,
        782,
        18,
        9,
        0,
        19,
        23,
        8,
        324,
        17,
        48,
        56,
        0,
        88,
        19,
        111,
        7,
        34
      ],
      "intervention_topk": [
        [
          1,
          0.3902439024390244
        ],
        [
          2,
          0.5365853658536586
        ],
        [
          3,
          0.7560975609756098
        ]
      ],
      "intervention_rank_list": [
        52,
        2,
        1,
        2,
        0,
        2,
        4,
        0,
        0,
        0,
        2,
        0,
        0,
        0,
        2,
        99,
        0,
        2,
        2,
        0,
        2,
        131,
        1,
        2,
        229,
        0,
        0,
        0,
        1,
        5,
        0,
        55,
        1,
        9,
        1,
        0,
        30,
        0,
        13,
        1,
        0
      ]
    },
    "centred": {
      "clean_topk": [
        [
          1,
          0.12195121951219512
        ],
        [
          2,
          0.12195121951219512
        ],
        [
          3,
          0.12195121951219512
        ]
      ],
      "clean_rank_list": [
        171,
        179,
        7,
        16,
        17,
        59,
        27,
        0,
        37,
        16,
        34,
        0,
        11,
        11,
        117,
        938,
        21,
        32,
        27,
        0,
        54,
        441,
        50,
        55,
        782,
        18,
        9,
        0,
        19,
        23,
        8,
        324,
        17,
        48,
        56,
        0,
        88,
        19,
        111,
        7,
        34
      ],
      "intervention_topk": [
        [
          1,
          0.6585365853658537
        ],
        [
          2,
          0.8292682926829268
        ],
        [
          3,
          0.8536585365853658
        ]
      ],
      "intervention_rank_list": [
        21,
        1,
        0,
        0,
        0,
        2,
        0,
        0,
        0,
        0,
        0,
        0,
        0,
        0,
        1,
        40,
        0,
        0,
        0,
        0,
        1,
        54,
        1,
        0,
        5,
        0,
        0,
        0,
        0,
        1,
        0,
        13,
        0,
        0,
        0,
        0,
        16,
        0,
        1,
        1,
        0
      ]
    }
  },
  "18": {
    "original": {
      "clean_topk": [
        [
          1,
          0.12195121951219512
        ],
        [
          2,
          0.12195121951219512
        ],
        [
          3,
          0.12195121951219512
        ]
      ],
      "clean_rank_list": [
        171,
        179,
        7,
        16,
        17,
        59,
        27,
        0,
        37,
        16,
        34,
        0,
        11,
        11,
        117,
        938,
        21,
        32,
        27,
        0,
        54,
        441,
        50,
        55,
        782,
        18,
        9,
        0,
        19,
        23,
        8,
        324,
        17,
        48,
        56,
        0,
        88,
        19,
        111,
        7,
        34
      ],
      "intervention_topk": [
        [
          1,
          0.3170731707317073
        ],
        [
          2,
          0.4634146341463415
        ],
        [
          3,
          0.6341463414634146
        ]
      ],
      "intervention_rank_list": [
        72,
        2,
        1,
        3,
        0,
        3,
        4,
        0,
        1,
        1,
        6,
        0,
        0,
        1,
        2,
        141,
        0,
        3,
        2,
        0,
        3,
        183,
        2,
        2,
        368,
        0,
        0,
        0,
        2,
        6,
        0,
        76,
        0,
        13,
        2,
        0,
        39,
        0,
        20,
        1,
        1
      ]
    },
    "centred": {
      "clean_topk": [
        [
          1,
          0.12195121951219512
        ],
        [
          2,
          0.12195121951219512
        ],
        [
          3,
          0.12195121951219512
        ]
      ],
      "clean_rank_list": [
        171,
        179,
        7,
        16,
        17,
        59,
        27,
        0,
        37,
        16,
        34,
        0,
        11,
        11,
        117,
        938,
        21,
        32,
        27,
        0,
        54,
        441,
        50,
        55,
        782,
        18,
        9,
        0,
        19,
        23,
        8,
        324,
        17,
        48,
        56,
        0,
        88,
        19,
        111,
        7,
        34
      ],
      "intervention_topk": [
        [
          1,
          0.5853658536585366
        ],
        [
          2,
          0.7804878048780488
        ],
        [
          3,
          0.8292682926829268
        ]
      ],
      "intervention_rank_list": [
        18,
        1,
        1,
        1,
        0,
        2,
        0,
        0,
        0,
        0,
        0,
        0,
        0,
        0,
        2,
        40,
        0,
        0,
        0,
        0,
        1,
        80,
        1,
        0,
        15,
        0,
        0,
        0,
        0,
        1,
        0,
        17,
        0,
        0,
        1,
        0,
        18,
        0,
        3,
        1,
        0
      ]
    }
  }
}