{
  "17": {
    "original": {
      "clean_topk": [
        [
          1,
          0.024390243902439025
        ],
        [
          2,
          0.024390243902439025
        ],
        [
          3,
          0.024390243902439025
        ]
      ],
      "clean_rank_list": [
        23,
        23,
        19,
        0,
        44,
        32,
        289,
        17,
        236,
        37,
        12,
        33,
        61,
        3,
        1316,
        111,
        11,
        28,
        101,
        66,
        7,
        5,
        8,
        58,
        36,
        58,
        19,
        9,
        23,
        35,
        45,
        342,
        16,
        572,
        23,
        21,
        32,
        43,
        79,
        20,
        81
      ],
      "intervention_topk": [
        [
          1,
          0.34146341463414637
        ],
        [
          2,
          0.5365853658536586
        ],
        [
          3,
          0.6585365853658537
        ]
      ],
      "intervention_rank_list": [
        4,
        2,
        0,
        0,
        19,
        0,
        183,
        1,
        1,
        3,
        0,
        2,
        11,
        0,
        467,
        6,
        0,
        0,
        2,
        0,
        0,
        0,
        0,
        14,
        6,
        0,
        1,
        0,
        1,
        1,
        1,
        307,
        1,
        1069,
        1,
        7,
        4,
        2,
        5,
        0,
        2
      ]
    },
    "centred": {
      "clean_topk": [
        [
          1,
          0.024390243902439025
        ],
        [
          2,
          0.024390243902439025
        ],
        [
          3,
          0.024390243902439025
        ]
      ],
      "clean_rank_list": [
        23,
        23,
        19,
        0,
        44,
        32,
        289,
        17,
        236,
        37,
        12,
        33,
        61,
        3,
        1316,
        111,
        11,
        28,
        101,
        66,
        7,
        5,
        8,
        58,
        36,
        58,
        19,
        9,
        23,
        35,
        45,
        342,
        16,
        572,
        23,
        21,
        32,
        43,
        79,
        20,
        81
      ],
      "intervention_topk": [
        [
          1,
          0.6829268292682927
        ],
        [
          2,
          0.8048780487804879
        ],
        [
          3,
          0.8536585365853658
        ]
      ],
      "intervention_rank_list": [
        1,
        0,
        0,
        0,
        4,
        0,
        10,
        0,
        1,
        2,
        0,
        1,
        0,
        0,
        40,
        0,
        0,
        0,
        1,
        0,
        0,
        0,
        0,
        3,
        2,
        0,
        0,
        0,
        0,
        0,
        0,
        71,
        0,
        472,
        0,
        0,
        0,
        0,
        0,
        0,
        1
      ]
    }
  },
  "18": {
    "original": {
      "clean_topk": [
        [
          1,
          0.024390243902439025
        ],
        [
          2,
          0.024390243902439025
        ],
        [
          3,
          0.024390243902439025
        ]
      ],
      "clean_rank_list": [
        23,
        23,
        19,
        0,
        44,
        32,
        289,
        17,
        236,
        37,
        12,
        33,
        61,
        3,
        1316,
        111,
        11,
        28,
        101,
        66,
        7,
        5,
        8,
        58,
        36,
        58,
        19,
        9,
        23,
        35,
        45,
        342,
        16,
        572,
        23,
        21,
        32,
        43,
        79,
        20,
        81
      ],
      "intervention_topk": [
        [
          1,
          0.1951219512195122
        ],
        [
          2,
          0.43902439024390244
        ],
        [
          3,
          0.5609756097560976
        ]
      ],
      "intervention_rank_list": [
        9,
        3,
        1,
        0,
        33,
        0,
        245,
        1,
        3,
        7,
        0,
        3,
        15,
        1,
        657,
        9,
        0,
        1,
        2,
        1,
        1,
        0,
        1,
        20,
        7,
        0,
        2,
        0,
        1,
        2,
        1,
        383,
        1,
        1390,
        2,
        9,
        6,
        4,
        9,
        0,
        2
      ]
    },
    "centred": {
      "clean_topk": [
        [
          1,
          0.024390243902439025
        ],
        [
          2,
          0.024390243902439025
        ],
        [
          3,
          0.024390243902439025
        ]
      ],
      "clean_rank_list": [
        23,
        23,
        19,
        0,
        44,
        32,
        289,
        17,
        236,
        37,
        12,
        33,
        61,
        3,
        1316,
        111,
        11,
        28,
        101,
        66,
        7,
        5,
        8,
        58,
        36,
        58,
        19,
        9,
        23,
        35,
        45,
        342,
        16,
        572,
        23,
        21,
        32,
        43,
        79,
        20,
        81
      ],
      "intervention_topk": [
        [
          1,
          0.5853658536585366
        ],
        [
          2,
          0.7804878048780488
        ],
        [
          3,
          0.8536585365853658
        ]
      ],
      "intervention_rank_list": [
        1,
        0,
        0,
        0,
        3,
        0,
        18,
        0,
        1,
        2,
        0,
        1,
        0,
        0,
        139,
        2,
        0,
        0,
        1,
        0,
        0,
        0,
        0,
        0,
        3,
        0,
        0,
        1,
        0,
        1,
        0,
        109,
        1,
        580,
        0,
        0,
        0,
        0,
        1,
        0,
        2
      ]
    }
  }
}