{
  "14": {
    "original": {
      "clean_topk": [
        [
          1,
          0.0975609756097561
        ],
        [
          2,
          0.0975609756097561
        ],
        [
          3,
          0.0975609756097561
        ]
      ],
      "clean_rank_list": [
        199,
        35,
        47,
        289,
        34,
        19,
        12,
        0,
        12,
        33,
        0,
        37,
        22,
        14,
        10,
        19,
        21,
        56,
        18,
        21,
        0,
        23,
        0,
        17,
        14,
        18,
        120,
        117,
        43,
        21,
        7,
        313,
        21,
        11,
        18,
        43,
        25,
        64,
        7,
        18,
        111
      ],
      "intervention_topk": [
        [
          1,
          0.5609756097560976
        ],
        [
          2,
          0.6829268292682927
        ],
        [
          3,
          0.7804878048780488
        ]
      ],
      "intervention_rank_list": [
        7,
        0,
        12,
        89,
        0,
        0,
        0,
        0,
        0,
        1,
        0,
        0,
        2,
        0,
        0,
        0,
        0,
        0,
        3,
        0,
        0,
        0,
        0,
        1,
        1,
        0,
        8,
        1,
        1,
        2,
        0,
        13,
        2,
        0,
        2,
        3,
        0,
        5,
        0,
        0,
        8
      ]
    },
    "centred": {
      "clean_topk": [
        [
          1,
          0.0975609756097561
        ],
        [
          2,
          0.0975609756097561
        ],
        [
          3,
          0.0975609756097561
        ]
      ],
      "clean_rank_list": [
        199,
        35,
        47,
        289,
        34,
        19,
        12,
        0,
        12,
        33,
        0,
        37,
        22,
        14,
        10,
        19,
        21,
        56,
        18,
        21,
        0,
        23,
        0,
        17,
        14,
        18,
        120,
        117,
        43,
        21,
        7,
        313,
        21,
        11,
        18,
        43,
        25,
        64,
        7,
        18,
        111
      ],
      "intervention_topk": [
        [
          1,
          0.926829268292683
        ],
        [
          2,
          0.975609756097561
        ],
        [
          3,
          1.0
        ]
      ],
      "intervention_rank_list": [
        0,
        0,
        0,
        0,
        0,
        0,
        0,
        0,
        0,
        0,
        2,
        0,
        0,
        0,
        0,
        0,
        0,
        0,
        0,
        0,
        0,
        0,
        0,
        0,
        0,
        0,
        0,
        0,
        0,
        0,
        0,
        0,
        0,
        0,
        1,
        0,
        0,
        1,
        0,
        0,
        0
      ]
    }
  },
  "15": {
    "original": {
      "clean_topk": [
        [
          1,
          0.0975609756097561
        ],
        [
          2,
          0.0975609756097561
        ],
        [
          3,
          0.0975609756097561
        ]
      ],
      "clean_rank_list": [
        199,
        35,
        47,
        289,
        34,
        19,
        12,
        0,
        12,
        33,
        0,
        37,
        22,
        14,
        10,
        19,
        21,
        56,
        18,
        21,
        0,
        23,
        0,
        17,
        14,
        18,
        120,
        117,
        43,
        21,
        7,
        313,
        21,
        11,
        18,
        43,
        25,
        64,
        7,
        18,
        111
      ],
      "intervention_topk": [
        [
          1,
          0.4878048780487805
        ],
        [
          2,
          0.6097560975609756
        ],
        [
          3,
          0.7317073170731707
        ]
      ],
      "intervention_rank_list": [
        17,
        1,
        34,
        164,
        0,
        0,
        0,
        0,
        0,
        2,
        0,
        0,
        3,
        0,
        0,
        0,
        0,
        0,
        3,
        0,
        0,
        0,
        0,
        1,
        1,
        1,
        26,
        2,
        2,
        4,
        0,
        37,
        2,
        1,
        2,
        3,
        0,
        4,
        0,
        0,
        30
      ]
    },
    "centred": {
      "clean_topk": [
        [
          1,
          0.0975609756097561
        ],
        [
          2,
          0.0975609756097561
        ],
        [
          3,
          0.0975609756097561
        ]
      ],
      "clean_rank_list": [
        199,
        35,
        47,
        289,
        34,
        19,
        12,
        0,
        12,
        33,
        0,
        37,
        22,
        14,
        10,
        19,
        21,
        56,
        18,
        21,
        0,
        23,
        0,
        17,
        14,
        18,
        120,
        117,
        43,
        21,
        7,
        313,
        21,
        11,
        18,
        43,
        25,
        64,
        7,
        18,
        111
      ],
      "intervention_topk": [
        [
          1,
          0.8536585365853658
        ],
        [
          2,
          0.9512195121951219
        ],
        [
          3,
          1.0
        ]
      ],
      "intervention_rank_list": [
        1,
        0,
        0,
        0,
        0,
        0,
        0,
        0,
        0,
        1,
        2,
        0,
        0,
        0,
        0,
        0,
        0,
        0,
        0,
        0,
        0,
        0,
        0,
        0,
        0,
        0,
        0,
        0,
        0,
        0,
        0,
        1,
        2,
        0,
        0,
        0,
        0,
        1,
        0,
        0,
        0
      ]
    }
  },
  "16": {
    "original": {
      "clean_topk": [
        [
          1,
          0.0975609756097561
        ],
        [
          2,
          0.0975609756097561
        ],
        [
          3,
          0.0975609756097561
        ]
      ],
      "clean_rank_list": [
        199,
        35,
        47,
        289,
        34,
        19,
        12,
        0,
        12,
        33,
        0,
        37,
        22,
        14,
        10,
        19,
        21,
        56,
        18,
        21,
        0,
        23,
        0,
        17,
        14,
        18,
        120,
        117,
        43,
        21,
        7,
        313,
        21,
        11,
        18,
        43,
        25,
        64,
        7,
        18,
        111
      ],
      "intervention_topk": [
        [
          1,
          0.43902439024390244
        ],
        [
          2,
          0.6341463414634146
        ],
        [
          3,
          0.7317073170731707
        ]
      ],
      "intervention_rank_list": [
        21,
        1,
        21,
        111,
        0,
        0,
        0,
        0,
        0,
        2,
        0,
        0,
        3,
        0,
        0,
        1,
        0,
        0,
        3,
        1,
        0,
        0,
        0,
        1,
        1,
        1,
        30,
        2,
        2,
        1,
        0,
        38,
        6,
        1,
        2,
        3,
        0,
        4,
        0,
        0,
        32
      ]
    },
    "centred": {
      "clean_topk": [
        [
          1,
          0.0975609756097561
        ],
        [
          2,
          0.0975609756097561
        ],
        [
          3,
          0.0975609756097561
        ]
      ],