{
  "8": {
    "original": {
      "clean_topk": [
        [
          1,
          0.03278688524590164
        ],
        [
          2,
          0.08196721311475409
        ],
        [
          3,
          0.08196721311475409
        ]
      ],
      "clean_rank_list": [
        25,
        107,
        221,
        254,
        1,
        18,
        314,
        103,
        71,
        3748,
        14,
        33,
        311,
        0,
        411,
        19,
        69,
        118,
        4,
        114,
        24,
        1,
        10,
        168,
        77,
        23,
        3,
        161,
        359,
        567,
        33,
        137,
        39,
        43,
        23,
        6,
        79,
        178,
        110,
        264,
        90,
        10,
        912,
        279,
        83,
        231,
        266,
        448,
        87,
        3,
        0,
        74,
        580,
        83,
        102,
        7,
        89,
        33,
        1,
        254,
        345
      ],
      "intervention_topk": [
        [
          1,
          0.11475409836065574
        ],
        [
          2,
          0.18032786885245902
        ],
        [
          3,
          0.18032786885245902
        ]
      ],
      "intervention_rank_list": [
        12,
        25,
        113,
        35,
        0,
        9,
        177,
        66,
        17,
        2491,
        1,
        13,
        164,
        0,
        246,
        6,
        27,
        84,
        0,
        34,
        8,
        0,
        1,
        85,
        42,
        10,
        0,
        40,
        138,
        268,
        6,
        90,
        20,
        10,
        19,
        6,
        39,
        37,
        73,
        134,
        38,
        5,
        511,
        134,
        18,
        132,
        40,
        60,
        27,
        1,
        0,
        25,
        237,
        25,
        20,
        1,
        52,
        11,
        0,
        60,
        130
      ]
    },
    "centred": {
      "clean_topk": [
        [
          1,
          0.03278688524590164
        ],
        [
          2,
          0.08196721311475409
        ],
        [
          3,
          0.08196721311475409
        ]
      ],
      "clean_rank_list": [
        25,
        107,
        221,
        254,
        1,
        18,
        314,
        103,
        71,
        3748,
        14,
        33,
        311,
        0,
        411,
        19,
        69,
        118,
        4,
        114,
        24,
        1,
        10,
        168,
        77,
        23,
        3,
        161,
        359,
        567,
        33,
        137,
        39,
        43,
        23,
        6,
        79,
        178,
        110,
        264,
        90,
        10,
        912,
        279,
        83,
        231,
        266,
        448,
        87,
        3,
        0,
        74,
        580,
        83,
        102,
        7,
        89,
        33,
        1,
        254,
        345
      ],
      "intervention_topk": [
        [
          1,
          0.13114754098360656
        ],
        [
          2,
          0.16393442622950818
        ],
        [
          3,
          0.19672131147540983
        ]
      ],
      "intervention_rank_list": [
        23,
        33,
        154,
        16,
        0,
        8,
        144,
        59,
        12,
        3229,
        0,
        33,
        225,
        0,
        167,
        16,
        32,
        170,
        0,
        13,
        7,
        0,
        2,
        38,
        33,
        6,
        0,
        32,
        170,
        412,
        4,
        105,
        16,
        6,
        21,
        3,
        13,
        19,
        68,
        251,
        57,
        2,
        700,
        74,
        23,
        105,
        39,
        72,
        39,
        1,
        0,
        33,
        232,
        17,
        11,
        1,
        60,
        8,
        0,
        81,
        124
      ]
    }
  }
}