{
  "8": {
    "original": {
      "clean_topk": [
        [
          1,
          0.0847457627118644
        ],
        [
          2,
          0.1016949152542373
        ],
        [
          3,
          0.1016949152542373
        ]
      ],
      "clean_rank_list": [
        578,
        7,
        0,
        19,
        3,
        579,
        213,
        374,
        5,
        143,
        1551,
        137,
        37,
        23,
        25,
        57,
        264,
        33,
        134,
        21,
        624,
        876,
        0,
        1069,
        571,
        126,
        266,
        0,
        16,
        224,
        27,
        109,
        431,
        72,
        61,
        666,
        17,
        15,
        647,
        0,
        696,
        158,
        128,
        281,
        5,
        221,
        4,
        74,
        91,
        14,
        702,
        229,
        65,
        18,
        69,
        0,
        36,
        892,
        1
      ],
      "intervention_topk": [
        [
          1,
          0.1694915254237288
        ],
        [
          2,
          0.1694915254237288
        ],
        [
          3,
          0.1864406779661017
        ]
      ],
      "intervention_rank_list": [
        219,
        4,
        0,
        7,
        0,
        140,
        60,
        196,
        2,
        75,
        171,
        91,
        13,
        10,
        12,
        27,
        132,
        12,
        36,
        20,
        266,
        164,
        0,
        258,
        201,
        163,
        40,
        0,
        5,
        84,
        14,
        207,
        135,
        42,
        9,
        196,
        0,
        9,
        254,
        0,
        459,
        90,
        40,
        121,
        0,
        116,
        0,
        25,
        68,
        5,
        195,
        165,
        52,
        9,
        16,
        0,
        50,
        337,
        0
      ]
    },
    "centred": {
      "clean_topk": [
        [
          1,
          0.0847457627118644
        ],
        [
          2,
          0.1016949152542373
        ],
        [
          3,
          0.1016949152542373
        ]
      ],
      "clean_rank_list": [
        578,
        7,
        0,
        19,
        3,
        579,
        213,
        374,
        5,
        143,
        1551,
        137,
        37,
        23,
        25,
        57,
        264,
        33,
        134,
        21,
        624,
        876,
        0,
        1069,
        571,
        126,
        266,
        0,
        16,
        224,
        27,
        109,
        431,
        72,
        61,
        666,
        17,
        15,
        647,
        0,
        696,
        158,
        128,
        281,
        5,
        221,
        4,
        74,
        91,
        14,
        702,
        229,
        65,
        18,
        69,
        0,
        36,
        892,
        1
      ],
      "intervention_topk": [
        [
          1,
          0.1694915254237288
        ],
        [
          2,
          0.1864406779661017
        ],
        [
          3,
          0.2033898305084746
        ]
      ],
      "intervention_rank_list": [
        201,
        3,
        0,
        2,
        0,
        134,
        43,
        187,
        1,
        69,
        217,
        107,
        9,
        6,
        4,
        42,
        250,
        8,
        42,
        29,
        352,
        124,
        0,
        415,
        166,
        106,
        41,
        0,
        3,
        41,
        14,
        394,
        202,
        87,
        6,
        217,
        0,
        14,
        302,
        0,
        394,
        108,
        46,
        218,
        0,
        160,
        0,
        34,
        120,
        3,
        348,
        127,
        28,
        8,
        15,
        0,
        31,
        394,
        0
      ]
    }
  }
}