{
  "8": {
    "original": {
      "clean_topk": [
        [
          1,
          0.06779661016949153
        ],
        [
          2,
          0.0847457627118644
        ],
        [
          3,
          0.11864406779661017
        ]
      ],
      "clean_rank_list": [
        33,
        7,
        0,
        116,
        72,
        56,
        3,
        121,
        115,
        128,
        23,
        19,
        1677,
        36,
        46,
        52,
        79,
        125,
        0,
        221,
        30,
        2,
        31,
        0,
        23,
        198,
        1438,
        4,
        428,
        2,
        114,
        75,
        5,
        294,
        350,
        7,
        20,
        1937,
        24,
        1,
        46,
        21,
        88,
        1266,
        0,
        3,
        155,
        154,
        1069,
        18,
        58,
        642,
        212,
        13,
        168,
        155,
        7,
        696,
        42
      ],
      "intervention_topk": [
        [
          1,
          0.15254237288135594
        ],
        [
          2,
          0.22033898305084745
        ],
        [
          3,
          0.23728813559322035
        ]
      ],
      "intervention_rank_list": [
        13,
        9,
        0,
        29,
        42,
        37,
        0,
        65,
        131,
        38,
        20,
        9,
        843,
        48,
        43,
        28,
        129,
        89,
        0,
        112,
        8,
        0,
        14,
        0,
        8,
        161,
        382,
        1,
        266,
        1,
        33,
        71,
        0,
        68,
        186,
        4,
        0,
        1236,
        8,
        0,
        18,
        19,
        13,
        645,
        0,
        1,
        138,
        96,
        244,
        3,
        46,
        251,
        93,
        2,
        85,
        28,
        1,
        450,
        13
      ]
    },
    "centred": {
      "clean_topk": [
        [
          1,
          0.06779661016949153
        ],
        [
          2,
          0.0847457627118644
        ],
        [
          3,
          0.11864406779661017
        ]
      ],
      "clean_rank_list": [
        33,
        7,
        0,
        116,
        72,
        56,
        3,
        121,
        115,
        128,
        23,
        19,
        1677,
        36,
        46,
        52,
        79,
        125,
        0,
        221,
        30,
        2,
        31,
        0,
        23,
        198,
        1438,
        4,
        428,
        2,
        114,
        75,
        5,
        294,
        350,
        7,
        20,
        1937,
        24,
        1,
        46,
        21,
        88,
        1266,
        0,
        3,
        155,
        154,
        1069,
        18,
        58,
        642,
        212,
        13,
        168,
        155,
        7,
        696,
        42
      ],
      "intervention_topk": [
        [
          1,
          0.15254237288135594
        ],
        [
          2,
          0.23728813559322035
        ],
        [
          3,
          0.23728813559322035
        ]
      ],
      "intervention_rank_list": [
        33,
        11,
        0,
        21,
        86,
        62,
        0,
        87,
        147,
        44,
        27,
        12,
        399,
        29,
        76,
        80,
        155,
        95,
        0,
        153,
        13,
        0,
        13,
        0,
        6,
        192,
        611,
        1,
        545,
        1,
        13,
        109,
        0,
        94,
        237,
        3,
        0,
        741,
        7,
        0,
        9,
        28,
        15,
        951,
        0,
        1,
        123,
        95,
        407,
        3,
        24,
        243,
        100,
        1,
        37,
        13,
        1,
        393,
        15
      ]
    }
  }
}