{
  "8": {
    "original": {
      "clean_topk": [
        [
          1,
          0.06557377049180328
        ],
        [
          2,
          0.09836065573770492
        ],
        [
          3,
          0.09836065573770492
        ]
      ],
      "clean_rank_list": [
        110,
        281,
        93,
        1069,
        72,
        36,
        1,
        668,
        0,
        734,
        5,
        0,
        448,
        445,
        19,
        279,
        3,
        176,
        72,
        431,
        333,
        477,
        345,
        229,
        1030,
        158,
        876,
        4,
        59,
        77,
        0,
        4,
        28,
        1298,
        64,
        314,
        33,
        7,
        1,
        212,
        17,
        6,
        57,
        177,
        52,
        36,
        254,
        89,
        224,
        156,
        23,
        624,
        7,
        165,
        39,
        5,
        0,
        143,
        23,
        30,
        165
      ],
      "intervention_topk": [
        [
          1,
          0.16393442622950818
        ],
        [
          2,
          0.18032786885245902
        ],
        [
          3,
          0.19672131147540983
        ]
      ],
      "intervention_rank_list": [
        74,
        118,
        24,
        246,
        41,
        6,
        0,
        269,
        0,
        175,
        2,
        0,
        60,
        206,
        6,
        134,
        0,
        79,
        33,
        131,
        88,
        157,
        128,
        162,
        469,
        87,
        163,
        0,
        5,
        40,
        0,
        1,
        14,
        574,
        22,
        175,
        9,
        4,
        0,
        92,
        0,
        3,
        27,
        98,
        27,
        6,
        61,
        51,
        80,
        61,
        12,
        264,
        3,
        130,
        19,
        0,
        0,
        71,
        10,
        25,
        90
      ]
    },
    "centred": {
      "clean_topk": [
        [
          1,
          0.06557377049180328
        ],
        [
          2,
          0.09836065573770492
        ],
        [
          3,
          0.09836065573770492
        ]
      ],
      "clean_rank_list": [
        110,
        281,
        93,
        1069,
        72,
        36,
        1,
        668,
        0,
        734,
        5,
        0,
        448,
        445,
        19,
        279,
        3,
        176,
        72,
        431,
        333,
        477,
        345,
        229,
        1030,
        158,
        876,
        4,
        59,
        77,
        0,
        4,
        28,
        1298,
        64,
        314,
        33,
        7,
        1,
        212,
        17,
        6,
        57,
        177,
        52,
        36,
        254,
        89,
        224,
        156,
        23,
        624,
        7,
        165,
        39,
        5,
        0,
        143,
        23,
        30,
        165
      ],
      "intervention_topk": [
        [
          1,
          0.16393442622950818
        ],
        [
          2,
          0.18032786885245902
        ],
        [
          3,
          0.19672131147540983
        ]
      ],
      "intervention_rank_list": [
        69,
        217,
        25,
        410,
        86,
        3,
        0,
        310,
        0,
        89,
        2,
        0,
        72,
        195,
        16,
        74,
        0,
        103,
        39,
        199,
        121,
        128,
        124,
        127,
        476,
        108,
        123,
        0,
        3,
        16,
        0,
        1,
        18,
        583,
        17,
        143,
        8,
        3,
        0,
        100,
        0,
        3,
        40,
        144,
        81,
        4,
        84,
        59,
        40,
        35,
        14,
        352,
        3,
        172,
        16,
        0,
        0,
        68,
        6,
        96,
        112
      ]
    }
  }
}