{
  "8": {
    "original": {
      "clean_topk": [
        [
          1,
          0.08333333333333333
        ],
        [
          2,
          0.08333333333333333
        ],
        [
          3,
          0.08333333333333333
        ]
      ],
      "clean_rank_list": [
        27,
        71,
        262,
        25,
        23,
        308,
        644,
        90,
        10,
        574,
        10,
        567,
        696,
        374,
        93,
        431,
        36,
        90,
        294,
        22,
        77,
        106,
        14,
        114,
        105,
        0,
        52,
        1438,
        206,
        33,
        64,
        23,
        229,
        249,
        137,
        0,
        4,
        186,
        362,
        668,
        58,
        88,
        118,
        48,
        77,
        279,
        884,
        0,
        7,
        0,
        198,
        15,
        258,
        647,
        451,
        126,
        33,
        6,
        11,
        0
      ],
      "intervention_topk": [
        [
          1,
          0.13333333333333333
        ],
        [
          2,
          0.16666666666666666
        ],
        [
          3,
          0.16666666666666666
        ]
      ],
      "intervention_rank_list": [
        13,
        17,
        110,
        12,
        5,
        205,
        221,
        36,
        5,
        194,
        1,
        268,
        460,
        195,
        24,
        130,
        6,
        24,
        70,
        11,
        40,
        62,
        0,
        34,
        62,
        0,
        28,
        382,
        32,
        11,
        22,
        14,
        162,
        70,
        90,
        0,
        1,
        73,
        112,
        270,
        46,
        15,
        84,
        21,
        41,
        135,
        214,
        0,
        9,
        0,
        162,
        9,
        122,
        248,
        119,
        46,
        6,
        0,
        0,
        0
      ]
    },
    "centred": {
      "clean_topk": [
        [
          1,
          0.08333333333333333
        ],
        [
          2,
          0.08333333333333333
        ],
        [
          3,
          0.08333333333333333
        ]
      ],
      "clean_rank_list": [
        27,
        71,
        262,
        25,
        23,
        308,
        644,
        90,
        10,
        574,
        10,
        567,
        696,
        374,
        93,
        431,
        36,
        90,
        294,
        22,
        77,
        106,
        14,
        114,
        105,
        0,
        52,
        1438,
        206,
        33,
        64,
        23,
        229,
        249,
        137,
        0,
        4,
        186,
        362,
        668,
        58,
        88,
        118,
        48,
        77,
        279,
        884,
        0,
        7,
        0,
        198,
        15,
        258,
        647,
        451,
        126,
        33,
        6,
        11,
        0
      ],
      "intervention_topk": [
        [
          1,
          0.13333333333333333
        ],
        [
          2,
          0.15
        ],
        [
          3,
          0.18333333333333332
        ]
      ],
      "intervention_rank_list": [
        14,
        12,
        141,
        23,
        6,
        184,
        157,
        57,
        2,
        181,
        2,
        412,
        397,
        187,
        25,
        196,
        4,
        30,
        94,
        13,
        15,
        74,
        0,
        13,
        54,
        0,
        82,
        610,
        28,
        8,
        17,
        14,
        127,
        113,
        106,
        0,
        1,
        133,
        129,
        308,
        24,
        16,
        170,
        14,
        28,
        74,
        223,
        0,
        11,
        0,
        191,
        14,
        210,
        302,
        78,
        35,
        4,
        0,
        0,
        0
      ]
    }
  }
}