{
  "17": {
    "original": {
      "clean_topk": [
        [
          1,
          0.23809523809523808
        ],
        [
          2,
          0.2619047619047619
        ],
        [
          3,
          0.2619047619047619
        ]
      ],
      "clean_rank_list": [
        85,
        159,
        85,
        0,
        15,
        132,
        1,
        209,
        0,
        16,
        0,
        172,
        115,
        7,
        121,
        96,
        16,
        35,
        59,
        0,
        125,
        149,
        0,
        159,
        4,
        0,
        21,
        331,
        405,
        64,
        0,
        0,
        20,
        30,
        25,
        75,
        0,
        0,
        22,
        426,
        40,
        46
      ],
      "intervention_topk": [
        [
          1,
          0.35714285714285715
        ],
        [
          2,
          0.9047619047619048
        ],
        [
          3,
          0.9285714285714286
        ]
      ],
      "intervention_rank_list": [
        1,
        1,
        1,
        0,
        10,
        1,
        0,
        1,
        0,
        1,
        0,
        0,
        1,
        0,
        1,
        1,
        3,
        1,
        2,
        0,
        1,
        1,
        0,
        1,
        1,
        0,
        1,
        1,
        45,
        1,
        0,
        0,
        1,
        1,
        0,
        1,
        0,
        0,
        0,
        1,
        1,
        1
      ]
    },
    "centred": {
      "clean_topk": [
        [
          1,
          0.23809523809523808
        ],
        [
          2,
          0.2619047619047619
        ],
        [
          3,
          0.2619047619047619
        ]
      ],
      "clean_rank_list": [
        85,
        159,
        85,
        0,
        15,
        132,
        1,
        209,
        0,
        16,
        0,
        172,
        115,
        7,
        121,
        96,
        16,
        35,
        59,
        0,
        125,
        149,
        0,
        159,
        4,
        0,
        21,
        331,
        405,
        64,
        0,
        0,
        20,
        30,
        25,
        75,
        0,
        0,
        22,
        426,
        40,
        46
      ],
      "intervention_topk": [
        [
          1,
          0.4523809523809524
        ],
        [
          2,
          0.9285714285714286
        ],
        [
          3,
          0.9523809523809523
        ]
      ],
      "intervention_rank_list": [
        1,
        1,
        1,
        0,
        3,
        1,
        1,
        1,
        0,
        1,
        0,
        0,
        1,
        0,
        0,
        1,
        2,
        0,
        1,
        0,
        1,
        0,
        0,
        0,
        1,
        0,
        1,
        1,
        8,
        1,
        0,
        0,
        1,
        1,
        0,
        1,
        0,
        0,
        0,
        1,
        0,
        1
      ]
    }
  },
  "18": {
    "original": {
      "clean_topk": [
        [
          1,
          0.23809523809523808
        ],
        [
          2,
          0.2619047619047619
        ],
        [
          3,
          0.2619047619047619
        ]
      ],
      "clean_rank_list": [
        85,
        159,
        85,
        0,
        15,
        132,
        1,
        209,
        0,
        16,
        0,
        172,
        115,
        7,
        121,
        96,
        16,
        35,
        59,
        0,
        125,
        149,
        0,
        159,
        4,
        0,
        21,
        331,
        405,
        64,
        0,
        0,
        20,
        30,
        25,
        75,
        0,
        0,
        22,
        426,
        40,
        46
      ],
      "intervention_topk": [
        [
          1,
          0.30952380952380953
        ],
        [
          2,
          0.8809523809523809
        ],
        [
          3,
          0.9047619047619048
        ]
      ],
      "intervention_rank_list": [
        1,
        1,
        1,
        0,
        15,
        1,
        0,
        1,
        0,
        2,
        0,
        1,
        1,
        0,
        1,
        1,
        3,
        1,
        3,
        0,
        1,
        1,
        0,
        1,
        1,
        0,
        1,
        1,
        59,
        1,
        0,
        0,
        1,
        1,
        1,
        1,
        0,
        0,
        0,
        1,
        1,
        1
      ]
    },
    "centred": {
      "clean_topk": [
        [
          1,
          0.23809523809523808
        ],
        [
          2,
          0.2619047619047619
        ],
        [
          3,
          0.2619047619047619
        ]
      ],
      "clean_rank_list": [
        85,
        159,
        85,
        0,
        15,
        132,
        1,
        209,
        0,
        16,
        0,
        172,
        115,
        7,
        121,
        96,
        16,
        35,
        59,
        0,
        125,
        149,
        0,
        159,
        4,
        0,
        21,
        331,
        405,
        64,
        0,
        0,
        20,
        30,
        25,
        75,
        0,
        0,
        22,
        426,
        40,
        46
      ],
      "intervention_topk": [
        [
          1,
          0.47619047619047616
        ],
        [
          2,
          0.9761904761904762
        ],
        [
          3,
          0.9761904761904762
        ]
      ],
      "intervention_rank_list": [
        1,
        1,
        1,
        0,
        1,
        1,
        1,
        1,
        0,
        1,
        0,
        0,
        1,
        0,
        1,
        0,
        1,
        0,
        1,
        0,
        1,
        0,
        0,
        0,
        1,
        0,
        1,
        1,
        4,
        0,
        0,
        0,
        1,
        1,
        0,
        1,
        0,
        0,
        0,
        1,
        0,
        1
      ]
    }
  }
}