{
  "14": {
    "original": {
      "clean_topk": [
        [
          1,
          0.01694915254237288
        ],
        [
          2,
          0.01694915254237288
        ],
        [
          3,
          0.01694915254237288
        ]
      ],
      "clean_rank_list": [
        524,
        66,
        22,
        39,
        120,
        406,
        46,
        35,
        27,
        230,
        14,
        68,
        348,
        90,
        50,
        169,
        75,
        43,
        177,
        35,
        299,
        137,
        29,
        33,
        49,
        14,
        238,
        178,
        5159,
        11,
        44,
        15,
        209,
        271,
        247,
        61,
        25,
        24,
        74,
        108,
        90,
        384,
        242,
        274,
        0,
        586,
        269,
        13,
        548,
        320,
        98,
        220,
        32,
        245,
        113,
        1000,
        85,
        40,
        225
      ],
      "intervention_topk": [
        [
          1,
          0.1864406779661017
        ],
        [
          2,
          0.864406779661017
        ],
        [
          3,
          0.9491525423728814
        ]
      ],
      "intervention_rank_list": [
        2,
        1,
        1,
        0,
        1,
        1,
        1,
        1,
        0,
        2,
        0,
        1,
        1,
        0,
        1,
        1,
        1,
        1,
        1,
        1,
        1,
        1,
        1,
        1,
        0,
        1,
        1,
        1,
        9,
        0,
        1,
        0,
        1,
        1,
        1,
        1,
        1,
        0,
        1,
        1,
        1,
        1,
        1,
        2,
        0,
        1,
        2,
        1,
        12,
        1,
        1,
        1,
        0,
        1,
        1,
        6,
        0,
        2,
        1
      ]
    },
    "centred": {
      "clean_topk": [
        [
          1,
          0.01694915254237288
        ],
        [
          2,
          0.01694915254237288
        ],
        [
          3,
          0.01694915254237288
        ]
      ],
      "clean_rank_list": [
        524,
        66,
        22,
        39,
        120,
        406,
        46,
        35,
        27,
        230,
        14,
        68,
        348,
        90,
        50,
        169,
        75,
        43,
        177,
        35,
        299,
        137,
        29,
        33,
        49,
        14,
        238,
        178,
        5159,
        11,
        44,
        15,
        209,
        271,
        247,
        61,
        25,
        24,
        74,
        108,
        90,
        384,
        242,
        274,
        0,
        586,
        269,
        13,
        548,
        320,
        98,
        220,
        32,
        245,
        113,
        1000,
        85,
        40,
        225
      ],
      "intervention_topk": [
        [
          1,
          0.2033898305084746
        ],
        [
          2,
          0.864406779661017
        ],
        [
          3,
          0.9491525423728814
        ]
      ],
      "intervention_rank_list": [
        2,
        1,
        1,
        0,
        1,
        1,
        1,
        1,
        0,
        2,
        0,
        1,
        1,
        0,
        1,
        1,
        0,
        1,
        0,
        1,
        1,
        1,
        1,
        1,
        0,
        1,
        1,
        1,
        13,
        0,
        1,
        0,
        1,
        1,
        1,
        1,
        1,
        0,
        1,
        1,
        1,
        1,
        1,
        2,
        0,
        1,
        2,
        1,
        13,
        1,
        1,
        1,
        0,
        1,
        1,
        7,
        1,
        2,
        1
      ]
    }
  },
  "15": {
    "original": {
      "clean_topk": [
        [
          1,
          0.01694915254237288
        ],
        [
          2,
          0.01694915254237288
        ],
        [
          3,
          0.01694915254237288
        ]
      ],
      "clean_rank_list": [
        524,
        66,
        22,
        39,
        120,
        406,
        46,
        35,
        27,
        230,
        14,
        68,
        348,
        90,
        50,
        169,
        75,
        43,
        177,
        35,
        299,
        137,
        29,
        33,
        49,
        14,
        238,
        178,
        5159,
        11,
        44,
        15,
        209,
        271,
        247,
        61,
        25,
        24,
        74,
        108,
        90,
        384,
        242,
        274,
        0,
        586,
        269,
        13,
        548,
        320,
        98,
        220,
        32,
        245,
        113,
        1000,
        85,
        40,
        225
      ],
      "intervention_topk": [
        [
          1,
          0.2542372881355932
        ],
        [
          2,
          0.8813559322033898
        ],
        [
          3,
          0.9491525423728814
        ]
      ],
      "intervention_rank_list": [
        2,
        1,
        1,
        1,
        1,
        1,
        1,
        1,
        0,
        2,
        0,
        1,
        1,
        0,
        1,
        1,
        0,
        1,
        0,
        1,
        1,
        1,
        1,
        1,
        0,
        1,
        1,
        1,
        6,
        0,
        0,
        0,
        0,
        1,
        1,
        1,
        1,
        0,
        1,
        1,
        1,
        1,
        1,
        1,
        0,
        1,
        2,
        1,
        11,
        1,
        1,
        1,
        0,
        1,
        1,
        4,
        0,
        2,
        0
      ]
    },
    "centred": {
      "clean_topk": [
        [
          1,
          0.01694915254237288
        ],
        [
          2,
          0.01694915254237288
        ],
        [
          3,
          0.01694915254237288
        ]
      ],
      "clean_rank_list": [
        524,
        66,
        22,
        39,
        120,
        406,
        46,
        35,
        27,
        230,
        14,
        68,
        348,
        90,
        50,
        169,
        75,
        43,
        177,
        35,
        299,
        137,
        29,
        33,
        49,
        14,
        238,
        178,
        5159,
        11,
        44,
        15,
        209,
        271,
        247,
        61,
        25,
        24,
        74,
        108,
        90,
        384,
        242,
        274,
        0,
        586,
        269,
        13,
        548,
        320,
        98,
        220,
        32,
        245,
        113,
        1000,
        85,
        40,
        225
      ],
      "intervention_topk": [
        [
          1,
          0.3389830508474576
        ],
        [
          2,
          0.8813559322033898
        ],
        [
          3,
          0.9491525423728814
        ]
      ],
      "intervention_rank_list": [
        2,
        0,
        1,
        0,
        1,
        1,
        1,
        1,
        0,
        2,
        0,
        1,
        1,
        0,
        1,
        1,
        0,
        1,
        0,
        1,
        1,
        1,
        1,
        1,
        0,
        0,
        1,
        1,
        8,
        0,
        0,
        0,
        1,
        0,
        0,
        1,
        1,
        0,
        1,
        1,
        1,
        1,
        1,
        2,
        0,
        1,
        1,
        1,
        4,
        1,
        1,
        0,
        0,
        1,
        0,
        3,
        0,
        2,
        1
      ]
    }
  },