{
  "14": {
    "original": {
      "clean_topk": [
        [
          1,
          0.016666666666666666
        ],
        [
          2,
          0.016666666666666666
        ],
        [
          3,
          0.016666666666666666
        ]
      ],
      "clean_rank_list": [
        181,
        14,
        5159,
        123,
        384,
        120,
        122,
        48,
        49,
        230,
        81,
        131,
        241,
        406,
        24,
        425,
        232,
        165,
        220,
        51,
        2645,
        40,
        585,
        134,
        209,
        147,
        201,
        70,
        3,
        58,
        12,
        524,
        492,
        0,
        129,
        60,
        58,
        134,
        9,
        269,
        52,
        24,
        25,
        143,
        13,
        9,
        114,
        2670,
        90,
        59,
        212,
        563,
        94,
        129,
        22,
        36,
        59,
        442,
        176,
        139
      ],
      "intervention_topk": [
        [
          1,
          0.11666666666666667
        ],
        [
          2,
          0.85
        ],
        [
          3,
          0.9333333333333333
        ]
      ],
      "intervention_rank_list": [
        0,
        1,
        11,
        1,
        1,
        1,
        1,
        1,
        0,
        3,
        1,
        1,
        1,
        1,
        1,
        1,
        1,
        1,
        1,
        1,
        2,
        2,
        1,
        1,
        1,
        1,
        1,
        1,
        1,
        1,
        1,
        2,
        2,
        0,
        1,
        0,
        1,
        1,
        1,
        2,
        1,
        0,
        1,
        0,
        1,
        1,
        1,
        3,
        1,
        1,
        1,
        3,
        1,
        1,
        1,
        0,
        1,
        1,
        1,
        1
      ]
    },
    "centred": {
      "clean_topk": [
        [
          1,
          0.016666666666666666
        ],
        [
          2,
          0.016666666666666666
        ],
        [
          3,
          0.016666666666666666
        ]
      ],
      "clean_rank_list": [
        181,
        14,
        5159,
        123,
        384,
        120,
        122,
        48,
        49,
        230,
        81,
        131,
        241,
        406,
        24,
        425,
        232,
        165,
        220,
        51,
        2645,
        40,
        585,
        134,
        209,
        147,
        201,
        70,
        3,
        58,
        12,
        524,
        492,
        0,
        129,
        60,
        58,
        134,
        9,
        269,
        52,
        24,
        25,
        143,
        13,
        9,
        114,
        2670,
        90,
        59,
        212,
        563,
        94,
        129,
        22,
        36,
        59,
        442,
        176,
        139
      ],
      "intervention_topk": [
        [
          1,
          0.08333333333333333
        ],
        [
          2,
          0.8666666666666667
        ],
        [
          3,
          0.9333333333333333
        ]
      ],
      "intervention_rank_list": [
        1,
        1,
        14,
        1,
        1,
        1,
        1,
        1,
        1,
        6,
        1,
        1,
        1,
        1,
        1,
        1,
        1,
        1,
        1,
        0,
        4,
        2,
        1,
        1,
        1,
        1,
        1,
        1,
        1,
        1,
        0,
        2,
        2,
        0,
        1,
        1,
        1,
        1,
        1,
        2,
        1,
        0,
        1,
        0,
        1,
        1,
        1,
        3,
        1,
        1,
        1,
        1,
        1,
        1,
        1,
        1,
        1,
        1,
        1,
        1
      ]
    }
  },
  "15": {
    "original": {
      "clean_topk": [
        [
          1,
          0.016666666666666666
        ],
        [
          2,
          0.016666666666666666
        ],
        [
          3,
          0.016666666666666666
        ]
      ],
      "clean_rank_list": [
        181,
        14,
        5159,
        123,
        384,
        120,
        122,
        48,
        49,
        230,
        81,
        131,
        241,
        406,
        24,
        425,
        232,
        165,
        220,
        51,
        2645,
        40,
        585,
        134,
        209,
        147,
        201,
        70,
        3,
        58,
        12,
        524,
        492,
        0,
        129,
        60,
        58,
        134,
        9,
        269,
        52,
        24,
        25,
        143,
        13,
        9,
        114,
        2670,
        90,
        59,
        212,
        563,
        94,
        129,
        22,
        36,
        59,
        442,
        176,
        139
      ],
      "intervention_topk": [
        [
          1,
          0.2
        ],
        [
          2,
          0.8833333333333333
        ],
        [
          3,
          0.9666666666666667
        ]
      ],
      "intervention_rank_list": [
        0,
        1,
        6,
        1,
        1,
        1,
        1,
        0,
        0,
        2,
        1,
        1,
        1,
        1,
        1,
        1,
        1,
        1,
        1,
        0,
        1,
        2,
        1,
        1,
        1,
        0,
        1,
        1,
        1,
        1,
        0,
        2,
        2,
        0,
        1,
        0,
        1,
        1,
        1,
        2,
        1,
        0,
        1,
        0,
        1,
        1,
        1,
        3,
        1,
        1,
        1,
        1,
        1,
        1,
        0,
        0,
        1,
        1,
        1,
        1
      ]
    },
    "centred": {
      "clean_topk": [
        [
          1,
          0.016666666666666666
        ],
        [
          2,
          0.016666666666666666
        ],
        [
          3,
          0.016666666666666666
        ]
      ],
      "clean_rank_list": [
        181,
        14,
        5159,
        123,
        384,
        120,
        122,
        48,
        49,
        230,
        81,
        131,
        241,
        406,
        24,
        425,
        232,
        165,
        220,
        51,
        2645,
        40,
        585,
        134,
        209,
        147,
        201,
        70,
        3,
        58,
        12,
        524,
        492,
        0,
        129,
        60,
        58,
        134,
        9,
        269,
        52,
        24,
        25,
        143,
        13,
        9,
        114,
        2670,
        90,
        59,
        212,
        563,
        94,
        129,
        22,
        36,
        59,
        442,
        176,
        139
      ],
      "intervention_topk": [
        [
          1,
          0.31666666666666665
        ],
        [
          2,
          0.9
        ],
        [
          3,
          0.9833333333333333
        ]
      ],
      "intervention_rank_list": [
        0,
        0,
        11,
        1,
        1,
        1,
        0,
        1,
        0,
        2,
        0,
        1,
        1,
        1,
        1,
        1,
        1,
        1,
        0,
        0,
        1,
        2,
        1,
        1,
        1,
        0,
        1,
        1,
        1,
        1,
        0,
        2,
        2,
        0,
        1,
        0,
        1,
        1,
        1,
        1,
        1,
        0,
        1,
        0,
        1,
        0,
        0,
        2,
        1,
        1,
        0,
        1,
        1,
        1,
        1,
        0,
        0,
        1,
        0,
        1
      ]
    }
  },