{
  "9": {
    "original": {
      "clean_topk": [
        [
          1,
          0.0
        ],
        [
          2,
          0.011904761904761904
        ],
        [
          3,
          0.05952380952380952
        ]
      ],
      "clean_rank_list": [
        6,
        2,
        56,
        32,
        11,
        6,
        33,
        1,
        16,
        13,
        23,
        68,
        3,
        24,
        13,
        8,
        3,
        11,
        18,
        8,
        15,
        10,
        16,
        147,
        16,
        10,
        30,
        5,
        5,
        2,
        8,
        380,
        26,
        14,
        6,
        3,
        35,
        5,
        8,
        5,
        37,
        14,
        102,
        11,
        11,
        32,
        19,
        15,
        16,
        10,
        28,
        37,
        25,
        63,
        30,
        4,
        2,
        19,
        16,
        125,
        21,
        21,
        33,
        14,
        8,
        66,
        7,
        11,
        5,
        39,
        22,
        18,
        9,
        38,
        50,
        14,
        9,
        15,
        2,
        6,
        13,
        8,
        19,
        11,
        26,
        9,
        40,
        16,
        5,
        8,
        39,
        29,
        1,
        8,
        10,
        20,
        13,
        11,
        14,
        22,
        5,
        28,
        29,
        7,
        45,
        7,
        2,
        11,
        5,
        39,
        33,
        2,
        19,
        31,
        11,
        13,
        22,
        34,
        36,
        10,
        11,
        5,
        178,
        40,
        10,
        103,
        15,
        2,
        46,
        6,
        11,
        12,
        4,
        31,
        9,
        22,
        74,
        12,
        8,
        25,
        15,
        76,
        15,
        86,
        7,
        202,
        96,
        56,
        27,
        3,
        7,
        40,
        15,
        62,
        4,
        39,
        13,
        41,
        2,
        8,
        20,
        35,
        43,
        31,
        8,
        40,
        23,
        13
      ],
      "intervention_topk": [
        [
          1,
          0.0
        ],
        [
          2,
          0.7202380952380952
        ],
        [
          3,
          0.8511904761904762
        ]
      ],
      "intervention_rank_list": [
        1,
        1,
        1,
        2,
        1,
        1,
        1,
        1,
        1,
        3,
        2,
        14,
        1,
        1,
        1,
        1,
        1,
        1,
        1,
        1,
        1,
        1,
        1,
        2,
        1,
        1,
        1,
        1,
        1,
        1,
        1,
        28,
        2,
        1,
        1,
        1,
        1,
        1,
        1,
        1,
        3,
        1,
        2,
        1,
        2,
        1,
        1,
        1,
        1,
        1,
        3,
        8,
        1,
        1,
        1,
        1,
        1,
        1,
        1,
        2,
        2,
        1,
        1,
        1,
        2,
        2,
        1,
        1,
        1,
        2,
        4,
        1,
        1,
        2,
        2,
        1,
        2,
        1,
        1,
        1,
        1,
        1,
        1,
        1,
        1,
        1,
        3,
        1,
        1,
        1,
        2,
        6,
        1,
        1,
        1,
        1,
        1,
        1,
        2,
        3,
        1,
        1,
        2,
        1,
        4,
        1,
        1,
        1,
        1,
        2,
        7,
        1,
        1,
        1,
        2,
        1,
        1,
        1,
        5,
        1,
        2,
        1,
        9,
        3,
        1,
        4,
        1,
        1,
        2,
        1,
        1,
        1,
        1,
        5,
        1,
        1,
        4,
        1,
        1,
        1,
        1,
        6,
        1,
        10,
        1,
        5,
        1,
        1,
        1,
        1,
        1,
        1,
        1,
        1,
        1,
        4,
        2,
        3,
        1,
        1,
        3,
        1,
        3,
        1,
        1,
        1,
        1,
        1
      ]
    },
    "centred": {
      "clean_topk": [
        [
          1,
          0.0
        ],
        [
          2,
          0.011904761904761904
        ],
        [
          3,
          0.05952380952380952
        ]
      ],
      "clean_rank_list": [
        6,
        2,
        56,
        32,
        11,
        6,
        33,
        1,
        16,
        13,
        23,
        68,
        3,
        24,
        13,
        8,
        3,
        11,
        18,
        8,
        15,
        10,
        16,
        147,
        16,
        10,
        30,
        5,
        5,
        2,
        8,
        380,
        26,
        14,
        6,
        3,
        35,
        5,
        8,
        5,
        37,
        14,
        102,
        11,
        11,
        32,
        19,
        15,
        16,
        10,
        28,
        37,
        25,
        63,
        30,
        4,
        2,
        19,
        16,
        125,
        21,
        21,
        33,
        14,
        8,
        66,
        7,
        11,
        5,
        39,
        22,
        18,
        9,
        38,
        50,
        14,
        9,
        15,
        2,
        6,
        13,
        8,
        19,
        11,
        26,
        9,
        40,
        16,
        5,
        8,
        39,
        29,
        1,
        8,
        10,
        20,
        13,
        11,
        14,
        22,
        5,
        28,
        29,
        7,
        45,
        7,
        2,
        11,
        5,
        39,
        33,
        2,
        19,
        31,
        11,
        13,
        22,
        34,
        36,
        10,
        11,
        5,
        178,
        40,
        10,
        103,
        15,
        2,
        46,
        6,
        11,
        12,
        4,
        31,
        9,
        22,
        74,
        12,
        8,
        25,
        15,
        76,
        15,
        86,
        7,
        202,
        96,
        56,
        27,
        3,
        7,
        40,
        15,
        62,
        4,
        39,
        13,
        41,
        2,
        8,
        20,
        35,
        43,
        31,
        8,
        40,
        23,
        13
      ],
      "intervention_topk": [
        [
          1,
          0.005952380952380952
        ],
        [
          2,
          0.5238095238095238
        ],
        [
          3,
          0.7202380952380952
        ]
      ],