{
  "9": {
    "original": {
      "clean_topk": [
        [
          1,
          0.0
        ],
        [
          2,
          0.03571428571428571
        ],
        [
          3,
          0.05952380952380952
        ]
      ],
      "clean_rank_list": [
        11,
        3,
        6,
        125,
        57,
        4,
        16,
        9,
        6,
        14,
        13,
        112,
        15,
        4,
        11,
        1,
        167,
        36,
        4,
        56,
        9,
        5,
        7,
        6,
        2,
        10,
        25,
        5,
        55,
        11,
        11,
        61,
        48,
        20,
        35,
        7,
        25,
        12,
        15,
        29,
        18,
        8,
        28,
        3,
        24,
        64,
        13,
        3,
        12,
        16,
        1,
        24,
        21,
        68,
        22,
        3,
        21,
        2,
        22,
        40,
        25,
        19,
        73,
        65,
        24,
        14,
        10,
        52,
        13,
        14,
        23,
        9,
        31,
        13,
        12,
        3,
        34,
        6,
        40,
        27,
        6,
        9,
        13,
        23,
        6,
        14,
        21,
        243,
        35,
        23,
        22,
        10,
        8,
        3,
        16,
        27,
        29,
        10,
        17,
        9,
        20,
        96,
        5,
        12,
        86,
        11,
        98,
        6,
        370,
        31,
        6,
        14,
        1,
        4,
        7,
        2,
        32,
        17,
        14,
        25,
        67,
        19,
        17,
        23,
        6,
        1,
        493,
        10,
        5,
        11,
        79,
        13,
        1,
        14,
        4,
        3,
        30,
        22,
        15,
        15,
        35,
        15,
        36,
        20,
        15,
        8,
        4,
        34,
        22,
        1,
        147,
        56,
        6,
        3,
        2,
        30,
        31,
        22,
        92,
        16,
        3,
        90,
        31,
        6,
        3,
        15,
        5,
        63
      ],
      "intervention_topk": [
        [
          1,
          0.005952380952380952
        ],
        [
          2,
          0.7440476190476191
        ],
        [
          3,
          0.8571428571428571
        ]
      ],
      "intervention_rank_list": [
        1,
        1,
        1,
        2,
        1,
        1,
        1,
        1,
        1,
        2,
        1,
        6,
        1,
        1,
        1,
        1,
        14,
        2,
        0,
        6,
        1,
        1,
        1,
        1,
        1,
        1,
        1,
        1,
        4,
        1,
        1,
        1,
        1,
        1,
        1,
        1,
        2,
        1,
        1,
        1,
        1,
        1,
        1,
        1,
        1,
        1,
        1,
        1,
        3,
        1,
        1,
        1,
        2,
        2,
        1,
        1,
        3,
        1,
        3,
        1,
        1,
        1,
        1,
        1,
        3,
        1,
        1,
        10,
        1,
        1,
        1,
        1,
        1,
        1,
        1,
        1,
        2,
        1,
        1,
        3,
        1,
        2,
        1,
        1,
        1,
        1,
        2,
        16,
        1,
        2,
        3,
        1,
        1,
        1,
        1,
        1,
        6,
        1,
        2,
        1,
        1,
        1,
        1,
        1,
        9,
        1,
        12,
        1,
        2,
        1,
        1,
        1,
        1,
        1,
        1,
        1,
        1,
        1,
        1,
        2,
        3,
        2,
        2,
        3,
        1,
        1,
        3,
        1,
        1,
        1,
        1,
        1,
        1,
        1,
        1,
        1,
        5,
        2,
        1,
        1,
        1,
        1,
        5,
        1,
        1,
        1,
        1,
        6,
        3,
        1,
        2,
        15,
        1,
        1,
        1,
        2,
        1,
        1,
        2,
        1,
        1,
        4,
        1,
        1,
        1,
        1,
        1,
        1
      ]
    },
    "centred": {
      "clean_topk": [
        [
          1,
          0.0
        ],
        [
          2,
          0.03571428571428571
        ],
        [
          3,
          0.05952380952380952
        ]
      ],
      "clean_rank_list": [
        11,
        3,
        6,
        125,
        57,
        4,
        16,
        9,
        6,
        14,
        13,
        112,
        15,
        4,
        11,
        1,
        167,
        36,
        4,
        56,
        9,
        5,
        7,
        6,
        2,
        10,
        25,
        5,
        55,
        11,
        11,
        61,
        48,
        20,
        35,
        7,
        25,
        12,
        15,
        29,
        18,
        8,
        28,
        3,
        24,
        64,
        13,
        3,
        12,
        16,
        1,
        24,
        21,
        68,
        22,
        3,
        21,
        2,
        22,
        40,
        25,
        19,
        73,
        65,
        24,
        14,
        10,
        52,
        13,
        14,
        23,
        9,
        31,
        13,
        12,
        3,
        34,
        6,
        40,
        27,
        6,
        9,
        13,
        23,
        6,
        14,
        21,
        243,
        35,
        23,
        22,
        10,
        8,
        3,
        16,
        27,
        29,
        10,
        17,
        9,
        20,
        96,
        5,
        12,
        86,
        11,
        98,
        6,
        370,
        31,
        6,
        14,
        1,
        4,
        7,
        2,
        32,
        17,
        14,
        25,
        67,
        19,
        17,
        23,
        6,
        1,
        493,
        10,
        5,
        11,
        79,
        13,
        1,
        14,
        4,
        3,
        30,
        22,
        15,
        15,
        35,
        15,
        36,
        20,
        15,
        8,
        4,
        34,
        22,
        1,
        147,
        56,
        6,
        3,
        2,
        30,
        31,
        22,
        92,
        16,
        3,
        90,
        31,
        6,
        3,
        15,
        5,
        63
      ],
      "intervention_topk": [
        [
          1,
          0.005952380952380952
        ],
        [
          2,
          0.6130952380952381
        ],
        [
          3,
          0.7738095238095238
        ]
      ],