{
  "9": {
    "original": {
      "clean_topk": [
        [
          1,
          0.0
        ],
        [
          2,
          0.041666666666666664
        ],
        [
          3,
          0.07142857142857142
        ]
      ],
      "clean_rank_list": [
        18,
        13,
        21,
        15,
        21,
        17,
        86,
        126,
        15,
        15,
        9,
        12,
        8,
        73,
        32,
        39,
        15,
        6,
        46,
        32,
        4,
        35,
        3,
        21,
        64,
        8,
        16,
        6,
        26,
        8,
        40,
        7,
        3,
        11,
        16,
        3,
        15,
        38,
        4,
        76,
        40,
        13,
        16,
        23,
        10,
        11,
        7,
        16,
        1,
        1,
        10,
        2,
        65,
        1,
        57,
        16,
        15,
        14,
        1,
        15,
        13,
        7,
        58,
        10,
        4,
        10,
        18,
        33,
        8,
        1,
        23,
        3,
        1,
        7,
        20,
        29,
        5,
        14,
        15,
        19,
        9,
        8,
        16,
        34,
        13,
        23,
        1,
        41,
        58,
        98,
        15,
        14,
        12,
        63,
        13,
        3,
        9,
        3,
        96,
        12,
        29,
        47,
        25,
        4,
        42,
        34,
        3,
        4,
        55,
        8,
        19,
        6,
        27,
        79,
        27,
        34,
        52,
        7,
        26,
        8,
        4,
        3,
        25,
        8,
        12,
        8,
        7,
        65,
        7,
        11,
        15,
        10,
        12,
        3,
        3,
        2,
        8,
        13,
        40,
        5,
        21,
        6,
        17,
        6,
        2,
        24,
        2,
        18,
        6,
        46,
        17,
        32,
        9,
        16,
        19,
        21,
        4,
        862,
        13,
        19,
        81,
        22,
        2,
        21,
        26,
        39,
        53,
        4
      ],
      "intervention_topk": [
        [
          1,
          0.0
        ],
        [
          2,
          0.7678571428571429
        ],
        [
          3,
          0.8630952380952381
        ]
      ],
      "intervention_rank_list": [
        1,
        2,
        1,
        1,
        1,
        1,
        9,
        7,
        1,
        1,
        1,
        1,
        1,
        1,
        1,
        1,
        1,
        1,
        4,
        1,
        1,
        3,
        1,
        1,
        1,
        1,
        1,
        1,
        1,
        1,
        4,
        1,
        1,
        1,
        1,
        1,
        1,
        1,
        1,
        6,
        3,
        1,
        1,
        4,
        1,
        1,
        1,
        1,
        1,
        1,
        1,
        1,
        1,
        1,
        1,
        2,
        1,
        1,
        1,
        1,
        1,
        1,
        2,
        1,
        1,
        1,
        1,
        2,
        1,
        1,
        3,
        1,
        1,
        1,
        1,
        1,
        1,
        1,
        1,
        1,
        1,
        1,
        1,
        5,
        1,
        1,
        1,
        1,
        9,
        12,
        1,
        1,
        1,
        5,
        1,
        1,
        2,
        1,
        1,
        1,
        4,
        2,
        1,
        1,
        2,
        6,
        1,
        1,
        4,
        1,
        1,
        1,
        1,
        1,
        1,
        2,
        10,
        1,
        1,
        1,
        1,
        1,
        2,
        1,
        1,
        1,
        1,
        1,
        1,
        2,
        1,
        1,
        1,
        1,
        1,
        1,
        1,
        1,
        3,
        1,
        2,
        1,
        2,
        1,
        1,
        3,
        1,
        1,
        1,
        2,
        1,
        4,
        2,
        1,
        1,
        1,
        1,
        5,
        1,
        1,
        3,
        2,
        1,
        1,
        1,
        2,
        3,
        1
      ]
    },
    "centred": {
      "clean_topk": [
        [
          1,
          0.0
        ],
        [
          2,
          0.041666666666666664
        ],
        [
          3,
          0.07142857142857142
        ]
      ],
      "clean_rank_list": [
        18,
        13,
        21,
        15,
        21,
        17,
        86,
        126,
        15,
        15,
        9,
        12,
        8,
        73,
        32,
        39,
        15,
        6,
        46,
        32,
        4,
        35,
        3,
        21,
        64,
        8,
        16,
        6,
        26,
        8,
        40,
        7,
        3,
        11,
        16,
        3,
        15,
        38,
        4,
        76,
        40,
        13,
        16,
        23,
        10,
        11,
        7,
        16,
        1,
        1,
        10,
        2,
        65,
        1,
        57,
        16,
        15,
        14,
        1,
        15,
        13,
        7,
        58,
        10,
        4,
        10,
        18,
        33,
        8,
        1,
        23,
        3,
        1,
        7,
        20,
        29,
        5,
        14,
        15,
        19,
        9,
        8,
        16,
        34,
        13,
        23,
        1,
        41,
        58,
        98,
        15,
        14,
        12,
        63,
        13,
        3,
        9,
        3,
        96,
        12,
        29,
        47,
        25,
        4,
        42,
        34,
        3,
        4,
        55,
        8,
        19,
        6,
        27,
        79,
        27,
        34,
        52,
        7,
        26,
        8,
        4,
        3,
        25,
        8,
        12,
        8,
        7,
        65,
        7,
        11,
        15,
        10,
        12,
        3,
        3,
        2,
        8,
        13,
        40,
        5,
        21,
        6,
        17,
        6,
        2,
        24,
        2,
        18,
        6,
        46,
        17,
        32,
        9,
        16,
        19,
        21,
        4,
        862,
        13,
        19,
        81,
        22,
        2,
        21,
        26,
        39,
        53,
        4
      ],
      "intervention_topk": [
        [
          1,
          0.005952380952380952
        ],
        [
          2,
          0.6369047619047619
        ],
        [
          3,
          0.7678571428571429
        ]
      ],