{
  "12": {
    "original": {
      "clean_topk": [
        [
          1,
          0.022727272727272728
        ],
        [
          2,
          0.1266233766233766
        ],
        [
          3,
          0.18181818181818182
        ]
      ],
      "clean_rank_list": [
        16,
        2,
        109,
        23,
        1,
        73,
        6,
        318,
        1,
        24,
        23,
        1,
        5233,
        172,
        123,
        1,
        1,
        31,
        6,
        3,
        1,
        63,
        9,
        142,
        1,
        1,
        6,
        32,
        1,
        4,
        344,
        404,
        5231,
        122,
        303,
        37,
        244,
        48,
        1,
        7,
        0,
        6,
        3,
        10,
        191,
        15,
        1,
        0,
        130,
        592,
        343,
        0,
        32,
        11,
        1,
        2,
        20,
        176,
        197,
        25,
        2,
        35,
        25,
        5,
        6,
        40,
        15,
        16,
        179,
        10,
        18,
        1,
        2084,
        2392,
        23,
        99,
        113,
        104,
        7,
        2,
        38,
        47,
        68,
        25,
        1,
        36,
        32,
        31,
        2430,
        13,
        39,
        61,
        20,
        4,
        1550,
        1,
        14,
        125,
        301,
        7,
        244,
        62,
        12,
        126,
        453,
        3666,
        346,
        3,
        633,
        125,
        11,
        1,
        18,
        77,
        2,
        11,
        0,
        140,
        2,
        1,
        66,
        9,
        69,
        1,
        18,
        26,
        8,
        279,
        10,
        155,
        284,
        9,
        63,
        41,
        9,
        190,
        15,
        10,
        4,
        14,
        787,
        81,
        199,
        22,
        24,
        357,
        4,
        19,
        236,
        8,
        11,
        25,
        75,
        7,
        8155,
        4,
        25,
        51,
        7,
        23,
        13,
        23,
        592,
        188,
        56,
        51,
        58,
        17,
        4,
        25,
        27,
        149,
        23,
        560,
        6,
        2,
        360,
        58,
        44,
        1,
        2,
        3737,
        7,
        1,
        16,
        2,
        5,
        3,
        47,
        496,
        1351,
        1,
        7,
        0,
        179,
        8,
        37,
        29,
        19,
        204,
        5,
        136,
        116,
        193,
        27,
        4,
        1,
        1,
        11,
        26,
        1015,
        3,
        28,
        26,
        35,
        3,
        15,
        20,
        0,
        3,
        44,
        757,
        4,
        0,
        21,
        1,
        33,
        221,
        70,
        401,
        38,
        1,
        20,
        16,
        275,
        417,
        1,
        3,
        2,
        64,
        34,
        132,
        6565,
        7,
        3,
        1,
        2,
        3109,
        2,
        20,
        42,
        18,
        1,
        22,
        5,
        257,
        1,
        13,
        140,
        172,
        20,
        26,
        4,
        1,
        108,
        8,
        5,
        5,
        22,
        108,
        79,
        7,
        36,
        3,
        2,
        1,
        32,
        18,
        3,
        10,
        94,
        11,
        2,
        1,
        2,
        2,
        12,
        7,
        19,
        4,
        2,
        3,
        134,
        75,
        6,
        167,
        15,
        50,
        9,
        20,
        4,
        387,
        28,
        8143,
        23,
        35,
        23,
        457
      ],
      "intervention_topk": [
        [
          1,
          0.22727272727272727
        ],
        [
          2,
          0.6266233766233766
        ],
        [
          3,
          0.724025974025974
        ]
      ],
      "intervention_rank_list": [
        0,
        0,
        10,
        1,
        1,
        1,
        1,
        17,
        0,
        3,
        1,
        0,
        644,
        3,
        17,
        0,
        1,
        5,
        0,
        1,
        0,
        1,
        0,
        4,
        0,
        0,
        1,
        1,
        0,
        1,
        17,
        64,
        560,
        2,
        24,
        4,
        11,
        4,
        0,
        1,
        1,
        1,
        1,
        2,
        2,
        1,
        0,
        0,
        1,
        10,
        6,
        0,
        1,
        0,
        0,
        1,
        1,
        2,
        7,
        1,
        0,
        1,
        2,
        2,
        1,
        6,
        5,
        1,
        12,
        0,
        1,
        0,
        26,
        176,
        1,
        1,
        7,
        21,
        1,
        0,
        1,
        2,
        2,
        1,
        0,
        4,
        1,
        1,
        300,
        1,
        2,
        2,
        0,
        0,
        222,
        1,
        1,
        3,
        24,
        1,
        4,
        1,
        1,
        24,
        142,
        216,
        14,
        1,
        213,
        1,
        0,
        1,
        2,
        9,
        0,
        1,
        0,
        19,
        1,
        0,
        1,
        2,
        2,
        0,
        1,
        4,
        1,
        17,
        1,
        2,
        39,
        1,
        1,
        2,
        1,
        3,
        1,
        1,
        1,
        1,
        36,
        3,
        5,
        0,
        1,
        0,
        1,
        1,
        8,
        1,
        1,
        8,
        8,
        0,
        3757,
        1,
        1,
        1,
        1,
        1,
        1,
        1,
        5,
        1,
        1,
        1,
        7,
        2,
        0,
        0,
        1,
        8,
        1,
        76,
        0,
        0,
        27,
        5,
        3,
        1,
        0,
        2791,
        1,
        0,
        0,
        0,
        1,
        1,
        2,
        15,
        136,
        0,
        1,
        0,
        1,
        1,
        1,
        1,
        2,
        2,
        0,
        4,
        11,
        9,
        1,
        0,
        0,
        0,
        0,
        1,
        120,
        0,
        2,
        0,
        2,
        1,
        2,
        1,
        0,
        1,
        3,
        72,
        1,
        0,
        3,
        0,
        1,
        13,
        8,
        31,
        2,
        1,
        1,
        1,
        27,
        20,
        0,
        1,
        1,
        2,
        6,
        34,
        1184,
        0,
        0,
        0,
        1,
        167,
        1,
        2,
        1,
        0,
        0,
        1,
        1,
        1,
        2,
        2,
        1,
        4,
        1,
        1,
        1,
        0,
        1,
        1,
        0,
        1,
        0,
        10,
        1,
        1,
        18,
        1,
        1,
        0,
        1,
        1,
        1,
        0,
        4,
        1,
        0,
        0,
        0,
        0,
        1,
        1,
        1,
        0,
        1,
        0,
        3,
        2,
        0,
        51,
        1,
        6,
        1,
        1,
        1,
        51,
        1,
        1472,
        1,
        2,
        2,
        35
      ]
    },
    "centred": {
      "clean_topk": [
        [
          1,
          0.022727272727272728
        ],
        [
          2,
          0.1266233766233766
        ],
        [
          3,
          0.18181818181818182
        ]
      ],