{
  "12": {
    "original": {
      "clean_topk": [
        [
          1,
          0.006514657980456026
        ],
        [
          2,
          0.10097719869706841
        ],
        [
          3,
          0.1563517915309446
        ]
      ],
      "clean_rank_list": [
        387,
        1,
        19,
        5,
        7,
        88,
        2,
        7,
        15,
        9,
        5,
        175,
        3,
        77,
        14,
        11,
        916,
        27,
        1,
        592,
        509,
        132,
        4,
        5,
        620,
        2,
        119,
        71,
        968,
        2,
        3,
        126,
        60,
        7,
        2,
        59,
        31,
        5,
        16,
        45,
        1129,
        4,
        68,
        3,
        1,
        1478,
        4,
        79,
        219,
        8,
        11,
        26,
        6,
        39,
        1,
        4,
        48,
        5,
        21,
        698,
        36,
        12,
        3,
        9,
        16,
        12,
        46,
        3,
        190,
        579,
        41,
        9,
        3,
        482,
        4,
        3,
        2,
        67,
        15,
        41,
        1,
        80,
        31,
        54,
        23,
        304,
        253,
        30,
        53,
        271,
        1,
        2,
        5,
        141,
        52,
        3,
        279,
        2,
        19,
        5,
        350,
        31,
        38,
        287,
        1,
        4,
        6,
        3,
        93,
        34,
        1,
        5,
        1,
        20,
        175,
        33,
        187,
        12,
        1,
        74,
        87,
        3,
        5,
        1,
        17,
        1,
        49,
        26,
        515,
        944,
        24,
        1,
        109,
        6,
        5,
        14,
        2596,
        16,
        575,
        43,
        1,
        5,
        296,
        21,
        31,
        10,
        11,
        904,
        1384,
        18,
        46,
        40,
        73,
        2,
        2,
        9,
        34,
        30,
        493,
        111,
        22,
        4,
        2,
        2,
        2136,
        8,
        6,
        56,
        1,
        47,
        4,
        4,
        31,
        342,
        32,
        9,
        70,
        9210,
        1,
        45,
        1,
        19,
        198,
        3,
        54,
        1,
        7,
        23,
        26,
        1,
        7,
        23,
        2,
        52,
        6,
        53,
        6,
        14,
        53,
        61,
        33,
        4,
        318,
        99,
        246,
        2,
        0,
        32,
        4,
        10,
        18,
        2,
        1,
        19,
        6076,
        140,
        1,
        1,
        668,
        13,
        35,
        110,
        28,
        1,
        14,
        84,
        3,
        79,
        52,
        16,
        63,
        32,
        7,
        6,
        182,
        88,
        1,
        23,
        3,
        203,
        304,
        151,
        5,
        6,
        1,
        1,
        4,
        3,
        51,
        214,
        24,
        3,
        118,
        2,
        5904,
        1109,
        14,
        3,
        360,
        4,
        1400,
        1015,
        129,
        22,
        180,
        1550,
        20,
        5248,
        6,
        225,
        37,
        45,
        1,
        95,
        1854,
        25,
        810,
        1,
        27,
        23,
        5,
        5,
        134,
        2,
        199,
        1222,
        697,
        49,
        32,
        11,
        8,
        3,
        69,
        1,
        4,
        7,
        0,
        94,
        5872,
        14,
        8,
        2,
        30,
        99,
        4,
        70,
        136
      ],
      "intervention_topk": [
        [
          1,
          0.20846905537459284
        ],
        [
          2,
          0.6351791530944625
        ],
        [
          3,
          0.7296416938110749
        ]
      ],
      "intervention_rank_list": [
        47,
        0,
        1,
        1,
        0,
        1,
        0,
        0,
        1,
        1,
        1,
        2,
        1,
        9,
        1,
        1,
        50,
        1,
        1,
        10,
        14,
        35,
        0,
        1,
        53,
        0,
        4,
        1,
        14,
        0,
        1,
        23,
        5,
        0,
        1,
        2,
        1,
        1,
        1,
        1,
        49,
        1,
        4,
        2,
        0,
        549,
        1,
        1,
        19,
        1,
        1,
        1,
        0,
        1,
        0,
        1,
        1,
        3,
        2,
        19,
        4,
        1,
        1,
        1,
        1,
        1,
        0,
        1,
        3,
        37,
        1,
        1,
        0,
        11,
        0,
        0,
        0,
        2,
        1,
        2,
        1,
        6,
        3,
        1,
        1,
        3,
        25,
        1,
        0,
        5,
        0,
        0,
        0,
        5,
        2,
        1,
        6,
        0,
        7,
        1,
        10,
        1,
        3,
        2,
        0,
        1,
        1,
        1,
        24,
        1,
        0,
        0,
        1,
        0,
        17,
        1,
        14,
        2,
        2,
        6,
        8,
        1,
        1,
        1,
        1,
        0,
        2,
        2,
        39,
        194,
        1,
        1,
        9,
        0,
        1,
        1,
        198,
        1,
        56,
        2,
        1,
        0,
        15,
        0,
        1,
        1,
        0,
        132,
        29,
        1,
        2,
        2,
        2,
        0,
        1,
        1,
        1,
        1,
        59,
        6,
        1,
        1,
        1,
        0,
        355,
        0,
        1,
        1,
        0,
        2,
        1,
        0,
        0,
        7,
        2,
        0,
        1,
        1083,
        0,
        2,
        1,
        1,
        13,
        1,
        1,
        1,
        1,
        2,
        0,
        0,
        1,
        1,
        1,
        1,
        0,
        1,
        0,
        2,
        1,
        2,
        1,
        1,
        16,
        2,
        26,
        1,
        0,
        1,
        1,
        1,
        1,
        1,
        0,
        1,
        757,
        1,
        0,
        0,
        107,
        1,
        1,
        2,
        4,
        0,
        1,
        7,
        1,
        1,
        1,
        2,
        1,
        1,
        1,
        1,
        1,
        2,
        0,
        1,
        1,
        11,
        5,
        3,
        1,
        2,
        0,
        1,
        1,
        0,
        1,
        3,
        1,
        1,
        9,
        0,
        844,
        53,
        1,
        0,
        30,
        0,
        32,
        107,
        21,
        1,
        2,
        205,
        1,
        829,
        0,
        51,
        0,
        2,
        0,
        10,
        346,
        1,
        35,
        1,
        4,
        1,
        1,
        1,
        11,
        0,
        9,
        10,
        21,
        1,
        1,
        1,
        1,
        0,
        4,
        0,
        1,
        0,
        0,
        1,
        699,
        1,
        0,
        0,
        1,
        3,
        0,
        32,
        13
      ]
    },
    "centred": {
      "clean_topk": [
        [
          1,
          0.006514657980456026
        ],
        [
          2,
          0.10097719869706841
        ],
        [
          3,
          0.1563517915309446
        ]
      ],