{
  "12": {
    "original": {
      "clean_topk": [
        [
          1,
          0.016181229773462782
        ],
        [
          2,
          0.14563106796116504
        ],
        [
          3,
          0.1941747572815534
        ]
      ],
      "clean_rank_list": [
        1203,
        21,
        70,
        13,
        9,
        3,
        191,
        85,
        39,
        205,
        9,
        15,
        1,
        3,
        78,
        54,
        93,
        275,
        25,
        30,
        11,
        136,
        50,
        9,
        3,
        11,
        1,
        53,
        23,
        10,
        3,
        8,
        13,
        46,
        73,
        9,
        482,
        4489,
        1,
        1,
        46,
        1,
        720,
        2,
        108,
        34,
        55,
        421,
        279,
        2,
        4,
        15,
        313,
        57,
        12,
        47,
        5,
        18,
        55,
        1015,
        4,
        112,
        50,
        1,
        14,
        2,
        373,
        8432,
        167,
        8,
        944,
        1,
        71,
        3,
        1,
        8,
        6,
        1,
        1,
        6,
        6,
        11,
        6,
        41,
        16,
        1,
        61,
        712,
        6233,
        14,
        118,
        1,
        3,
        39,
        7,
        1,
        112,
        9,
        1,
        75,
        40,
        3,
        4,
        13,
        1550,
        0,
        11,
        26,
        9,
        2,
        44,
        4,
        1406,
        18,
        2,
        1,
        427,
        1,
        1,
        1,
        15,
        184,
        28,
        8,
        286,
        31,
        87,
        1,
        1,
        1,
        11,
        8,
        286,
        35,
        44,
        20,
        35,
        85,
        1,
        256,
        6,
        66,
        19,
        2,
        1,
        101,
        51,
        4,
        3,
        2596,
        183,
        13,
        52,
        20,
        5,
        4,
        0,
        113,
        3,
        102,
        6,
        25,
        7,
        38,
        1,
        5754,
        17,
        53,
        180,
        1,
        19,
        69,
        22,
        29,
        7,
        2,
        30,
        24,
        11,
        46,
        0,
        18,
        3,
        16,
        1,
        4,
        2,
        99,
        77,
        2,
        4,
        29,
        1853,
        227,
        1,
        88,
        1,
        89,
        221,
        10,
        343,
        1,
        1,
        4,
        2,
        620,
        34,
        105,
        13,
        164,
        199,
        193,
        1,
        5,
        1,
        101,
        5,
        4,
        33,
        23,
        716,
        3,
        35,
        3,
        37,
        255,
        0,
        512,
        26,
        5,
        45,
        25,
        1030,
        107,
        243,
        187,
        2,
        3152,
        110,
        14,
        418,
        135,
        175,
        23,
        49,
        6,
        92,
        15,
        317,
        4,
        29,
        2392,
        7,
        23,
        61,
        7,
        541,
        8,
        0,
        1,
        18,
        219,
        65,
        1,
        4,
        1,
        15,
        1,
        4,
        9,
        16,
        8,
        10,
        10,
        123,
        31,
        2,
        42,
        1,
        82,
        54,
        26,
        27,
        119,
        3,
        8,
        2,
        49,
        1,
        34,
        70,
        56,
        3,
        738,
        3445,
        38,
        51,
        2,
        9,
        1,
        55,
        1,
        154,
        37,
        12,
        22,
        2,
        33,
        22
      ],
      "intervention_topk": [
        [
          1,
          0.2524271844660194
        ],
        [
          2,
          0.656957928802589
        ],
        [
          3,
          0.7508090614886731
        ]
      ],
      "intervention_rank_list": [
        129,
        0,
        30,
        3,
        1,
        0,
        12,
        3,
        2,
        96,
        1,
        1,
        0,
        1,
        2,
        1,
        4,
        26,
        1,
        1,
        1,
        1,
        6,
        1,
        1,
        0,
        0,
        1,
        1,
        1,
        1,
        1,
        0,
        1,
        3,
        1,
        10,
        204,
        0,
        0,
        1,
        1,
        48,
        0,
        1,
        1,
        1,
        21,
        14,
        0,
        1,
        1,
        44,
        3,
        1,
        1,
        1,
        1,
        2,
        112,
        0,
        5,
        6,
        0,
        1,
        1,
        15,
        525,
        47,
        2,
        211,
        0,
        2,
        0,
        0,
        2,
        1,
        0,
        0,
        0,
        1,
        1,
        1,
        2,
        1,
        0,
        1,
        164,
        966,
        1,
        1,
        1,
        0,
        4,
        1,
        0,
        3,
        1,
        0,
        8,
        5,
        0,
        0,
        2,
        183,
        1,
        0,
        1,
        1,
        0,
        2,
        0,
        144,
        0,
        1,
        1,
        38,
        0,
        1,
        0,
        1,
        14,
        3,
        2,
        2,
        1,
        7,
        0,
        0,
        1,
        1,
        2,
        1,
        2,
        3,
        1,
        3,
        3,
        0,
        12,
        0,
        12,
        1,
        0,
        0,
        2,
        2,
        0,
        1,
        182,
        25,
        1,
        1,
        0,
        0,
        1,
        0,
        1,
        1,
        11,
        1,
        1,
        1,
        3,
        0,
        876,
        1,
        2,
        2,
        0,
        1,
        2,
        0,
        1,
        0,
        1,
        1,
        1,
        1,
        0,
        0,
        1,
        1,
        1,
        0,
        0,
        1,
        1,
        2,
        0,
        0,
        1,
        39,
        14,
        0,
        5,
        0,
        1,
        10,
        1,
        6,
        0,
        0,
        1,
        0,
        50,
        1,
        2,
        1,
        3,
        11,
        8,
        0,
        0,
        1,
        4,
        1,
        1,
        1,
        0,
        5,
        0,
        3,
        1,
        1,
        9,
        0,
        2,
        1,
        1,
        2,
        1,
        15,
        1,
        72,
        3,
        0,
        397,
        20,
        2,
        36,
        2,
        2,
        1,
        1,
        1,
        14,
        0,
        14,
        1,
        1,
        147,
        1,
        1,
        1,
        1,
        28,
        0,
        0,
        0,
        1,
        7,
        5,
        0,
        1,
        0,
        1,
        0,
        1,
        1,
        1,
        0,
        0,
        1,
        14,
        2,
        1,
        1,
        0,
        4,
        1,
        2,
        1,
        3,
        0,
        1,
        1,
        1,
        0,
        2,
        6,
        2,
        0,
        45,
        380,
        1,
        1,
        0,
        1,
        0,
        1,
        0,
        1,
        1,
        1,
        1,
        0,
        1,
        1
      ]
    },
    "centred": {
      "clean_topk": [
        [
          1,
          0.016181229773462782
        ],
        [
          2,
          0.14563106796116504
        ],
        [
          3,
          0.1941747572815534
        ]
      ],