{
  "12": {
    "original": {
      "clean_topk": [
        [
          1,
          0.46579804560260585
        ],
        [
          2,
          0.5667752442996743
        ],
        [
          3,
          0.6221498371335505
        ]
      ],
      "clean_rank_list": [
        24,
        0,
        0,
        378,
        0,
        0,
        4,
        0,
        0,
        9,
        0,
        2,
        0,
        0,
        1,
        0,
        6,
        0,
        0,
        22,
        20,
        81,
        0,
        0,
        0,
        5,
        134,
        0,
        211,
        0,
        0,
        5,
        2,
        1,
        2,
        3,
        7,
        0,
        16,
        1,
        7,
        84,
        26,
        2,
        0,
        7,
        8,
        0,
        8,
        2,
        0,
        0,
        1099,
        1,
        0,
        0,
        302,
        2,
        11,
        1,
        3,
        0,
        0,
        7,
        1,
        0,
        0,
        0,
        8,
        20,
        23,
        0,
        0,
        16,
        0,
        478,
        0,
        2,
        0,
        59,
        1,
        697,
        0,
        0,
        0,
        75,
        66,
        98,
        0,
        107,
        0,
        12,
        3,
        1,
        2279,
        0,
        75,
        0,
        24,
        72,
        0,
        0,
        0,
        0,
        0,
        20,
        0,
        0,
        34,
        16,
        0,
        0,
        0,
        0,
        1,
        121,
        13,
        0,
        0,
        0,
        2281,
        0,
        0,
        0,
        0,
        0,
        0,
        2,
        0,
        226,
        26,
        0,
        6,
        0,
        0,
        0,
        0,
        12,
        2628,
        0,
        2,
        0,
        1,
        3,
        0,
        0,
        0,
        10,
        0,
        0,
        0,
        1,
        30,
        0,
        0,
        0,
        1,
        0,
        79,
        72,
        1,
        0,
        48,
        0,
        3,
        0,
        0,
        0,
        0,
        4,
        0,
        0,
        0,
        0,
        0,
        0,
        1351,
        715,
        0,
        98,
        1,
        16,
        2530,
        0,
        3,
        0,
        0,
        4,
        0,
        60,
        1,
        0,
        0,
        1,
        0,
        32,
        0,
        0,
        0,
        1,
        30,
        0,
        8,
        0,
        8,
        0,
        0,
        0,
        5,
        0,
        1,
        0,
        0,
        35,
        2,
        2,
        0,
        0,
        1378,
        0,
        1,
        2,
        14,
        1,
        176,
        17,
        751,
        1,
        2,
        0,
        428,
        9,
        1,
        3,
        4,
        0,
        0,
        6,
        1,
        75,
        22,
        9,
        0,
        4,
        2,
        3,
        2,
        1,
        12,
        3,
        26,
        1,
        0,
        0,
        2,
        7,
        4,
        5,
        25,
        0,
        3,
        13,
        39,
        0,
        24,
        16,
        0,
        23,
        0,
        8,
        0,
        0,
        0,
        3,
        1,
        86,
        70,
        0,
        1,
        1,
        0,
        0,
        52,
        0,
        21,
        64,
        0,
        4,
        5,
        3,
        0,
        0,
        6,
        0,
        0,
        0,
        0,
        2,
        1,
        0,
        0,
        0,
        0,
        1,
        0,
        1,
        10
      ],
      "intervention_topk": [
        [
          1,
          0.7100977198697068
        ],
        [
          2,
          0.8436482084690554
        ],
        [
          3,
          0.8990228013029316
        ]
      ],
      "intervention_rank_list": [
        1,
        0,
        0,
        0,
        0,
        0,
        0,
        0,
        0,
        1,
        0,
        0,
        0,
        1,
        0,
        0,
        3,
        0,
        0,
        1,
        1,
        43,
        0,
        0,
        0,
        0,
        5,
        0,
        1,
        0,
        0,
        1,
        1,
        0,
        0,
        0,
        0,
        0,
        0,
        0,
        1,
        0,
        1,
        1,
        0,
        7,
        0,
        0,
        1,
        0,
        0,
        0,
        0,
        0,
        0,
        0,
        3,
        1,
        2,
        0,
        0,
        0,
        0,
        0,
        0,
        0,
        0,
        0,
        0,
        7,
        0,
        0,
        0,
        1,
        0,
        1,
        0,
        1,
        0,
        0,
        1,
        10,
        0,
        0,
        0,
        2,
        13,
        0,
        0,
        3,
        0,
        0,
        0,
        1,
        18,
        0,
        0,
        0,
        1,
        1,
        0,
        0,
        0,
        0,
        0,
        0,
        0,
        0,
        9,
        0,
        0,
        0,
        0,
        0,
        1,
        1,
        2,
        0,
        0,
        0,
        33,
        0,
        0,
        0,
        0,
        0,
        0,
        0,
        0,
        36,
        0,
        0,
        0,
        0,
        0,
        0,
        0,
        1,
        209,
        0,
        1,
        0,
        0,
        0,
        0,
        0,
        0,
        4,
        0,
        0,
        0,
        0,
        0,
        0,
        0,
        0,
        0,
        0,
        20,
        0,
        0,
        0,
        0,
        0,
        3,
        0,
        0,
        0,
        0,
        1,
        0,
        0,
        0,
        0,
        0,
        0,
        3,
        7,
        0,
        2,
        0,
        1,
        13,
        0,
        0,
        0,
        0,
        0,
        0,
        0,
        1,
        0,
        0,
        0,
        0,
        2,
        0,
        1,
        0,
        0,
        0,
        0,
        0,
        0,
        2,
        0,
        0,
        0,
        0,
        0,
        0,
        0,
        0,
        4,
        1,
        0,
        0,
        0,
        10,
        0,
        0,
        0,
        3,
        0,
        0,
        2,
        1,
        1,
        0,
        0,
        4,
        0,
        1,
        0,
        0,
        0,
        0,
        1,
        0,
        3,
        1,
        0,
        0,
        4,
        0,
        2,
        0,
        0,
        0,
        1,
        1,
        1,
        0,
        0,
        2,
        5,
        0,
        0,
        2,
        0,
        0,
        0,
        6,
        0,
        2,
        7,
        0,
        0,
        0,
        6,
        0,
        0,
        0,
        2,
        0,
        0,
        9,
        0,
        1,
        0,
        0,
        0,
        2,
        0,
        2,
        2,
        0,
        0,
        0,
        0,
        0,
        0,
        1,
        0,
        0,
        0,
        0,
        0,
        1,
        0,
        0,
        0,
        0,
        1,
        0,
        2,
        2
      ]
    },
    "centred": {
      "clean_topk": [
        [
          1,
          0.40716612377850164
        ],
        [
          2,
          0.5374592833876222
        ],
        [
          3,
          0.5830618892508144
        ]
      ],