{
  "12": {
    "original": {
      "clean_topk": [
        [
          1,
          0.440625
        ],
        [
          2,
          0.571875
        ],
        [
          3,
          0.63125
        ]
      ],
      "clean_rank_list": [
        2,
        0,
        0,
        13,
        1,
        1,
        54,
        0,
        0,
        1,
        0,
        16,
        127,
        0,
        0,
        0,
        1,
        1,
        49,
        23,
        0,
        23,
        5,
        2,
        477,
        24,
        2,
        72,
        0,
        0,
        0,
        32,
        1,
        38,
        1163,
        0,
        2,
        6,
        0,
        0,
        11,
        0,
        0,
        0,
        0,
        3,
        0,
        0,
        3,
        0,
        0,
        12,
        2,
        1,
        0,
        0,
        12,
        0,
        0,
        6,
        2,
        1,
        19,
        13,
        0,
        1,
        7,
        6,
        1,
        1,
        0,
        11,
        0,
        1,
        0,
        0,
        4,
        2,
        0,
        0,
        0,
        15,
        1,
        2,
        0,
        89,
        90,
        1,
        0,
        50,
        3,
        7,
        3,
        22,
        2,
        58,
        0,
        0,
        48,
        12,
        0,
        1,
        0,
        1,
        0,
        7,
        40,
        1,
        0,
        3,
        0,
        0,
        9,
        0,
        1,
        67,
        1,
        0,
        66,
        0,
        0,
        137,
        0,
        9,
        0,
        1,
        1,
        0,
        6,
        140,
        0,
        0,
        110,
        82,
        16,
        0,
        2,
        0,
        0,
        0,
        3,
        0,
        3,
        0,
        4718,
        0,
        1,
        3,
        9,
        40,
        0,
        8,
        199,
        0,
        0,
        0,
        0,
        0,
        3,
        0,
        0,
        0,
        0,
        72,
        0,
        0,
        4,
        55,
        0,
        0,
        7,
        0,
        0,
        75,
        2,
        30,
        0,
        0,
        0,
        0,
        11,
        0,
        1,
        163,
        0,
        0,
        0,
        0,
        0,
        0,
        7,
        1,
        1,
        80,
        120,
        0,
        1,
        5,
        0,
        0,
        0,
        2,
        1,
        0,
        39,
        16,
        992,
        2,
        0,
        654,
        0,
        0,
        97,
        1,
        4,
        2,
        0,
        0,
        0,
        0,
        0,
        0,
        1,
        0,
        0,
        1,
        0,
        309,
        0,
        21,
        0,
        0,
        0,
        0,
        22,
        11,
        0,
        2,
        0,
        1886,
        661,
        15,
        39,
        1,
        2,
        9,
        23,
        3,
        14,
        7,
        0,
        1,
        1,
        6,
        35,
        2,
        6,
        51,
        0,
        10,
        103,
        1,
        4,
        304,
        8,
        1,
        1,
        4,
        3,
        0,
        0,
        0,
        0,
        9,
        3,
        0,
        5768,
        0,
        325,
        0,
        75,
        0,
        7,
        0,
        5,
        8,
        0,
        1,
        0,
        4,
        1,
        140,
        5,
        0,
        6,
        0,
        0,
        0,
        274,
        1,
        3,
        2,
        1,
        0,
        0,
        0,
        0,
        0,
        0,
        574,
        1,
        2,
        0,
        1,
        0,
        0,
        0,
        40,
        0,
        0
      ],
      "intervention_topk": [
        [
          1,
          0.690625
        ],
        [
          2,
          0.853125
        ],
        [
          3,
          0.9125
        ]
      ],
      "intervention_rank_list": [
        1,
        0,
        0,
        1,
        0,
        0,
        1,
        0,
        0,
        0,
        0,
        4,
        0,
        0,
        0,
        0,
        1,
        0,
        5,
        1,
        0,
        1,
        0,
        0,
        13,
        0,
        2,
        1,
        0,
        0,
        0,
        0,
        0,
        1,
        14,
        0,
        0,
        2,
        0,
        0,
        0,
        0,
        0,
        0,
        0,
        0,
        0,
        0,
        0,
        0,
        0,
        3,
        2,
        0,
        0,
        0,
        0,
        0,
        0,
        2,
        0,
        4,
        5,
        1,
        0,
        2,
        0,
        0,
        1,
        1,
        0,
        1,
        0,
        0,
        0,
        0,
        0,
        1,
        0,
        0,
        0,
        2,
        0,
        0,
        0,
        1,
        0,
        0,
        0,
        0,
        1,
        0,
        1,
        0,
        0,
        5,
        0,
        0,
        3,
        0,
        0,
        0,
        0,
        0,
        0,
        3,
        0,
        0,
        0,
        1,
        0,
        0,
        0,
        0,
        0,
        3,
        0,
        0,
        2,
        0,
        0,
        1,
        0,
        0,
        0,
        0,
        0,
        0,
        2,
        1,
        0,
        0,
        0,
        1,
        1,
        0,
        0,
        0,
        0,
        0,
        2,
        0,
        0,
        0,
        3,
        0,
        1,
        1,
        0,
        1,
        0,
        1,
        2,
        0,
        0,
        0,
        0,
        0,
        0,
        0,
        0,
        0,
        0,
        0,
        0,
        0,
        4,
        1,
        0,
        0,
        0,
        0,
        0,
        5,
        0,
        2,
        0,
        0,
        3,
        0,
        0,
        0,
        1,
        3,
        0,
        4,
        0,
        0,
        0,
        0,
        2,
        0,
        0,
        2,
        4,
        0,
        0,
        1,
        0,
        0,
        0,
        0,
        0,
        2,
        0,
        1,
        7,
        0,
        0,
        24,
        0,
        0,
        25,
        0,
        0,
        0,
        0,
        0,
        0,
        0,
        0,
        0,
        1,
        0,
        0,
        1,
        0,
        12,
        0,
        2,
        0,
        0,
        0,
        0,
        0,
        1,
        0,
        1,
        0,
        1,
        0,
        1,
        0,
        2,
        1,
        0,
        0,
        1,
        1,
        1,
        0,
        1,
        0,
        1,
        1,
        1,
        0,
        0,
        0,
        3,
        0,
        0,
        1,
        1,
        1,
        1,
        0,
        0,
        2,
        0,
        0,
        0,
        0,
        0,
        0,
        0,
        12,
        0,
        8,
        0,
        0,
        1,
        16,
        0,
        0,
        0,
        0,
        0,
        0,
        0,
        0,
        2,
        0,
        0,
        1,
        0,
        0,
        0,
        3,
        1,
        0,
        0,
        0,
        0,
        2,
        0,
        0,
        0,
        0,
        20,
        0,
        1,
        0,
        0,
        0,
        0,
        0,
        1,
        0,
        0
      ]
    },
    "centred": {
      "clean_topk": [
        [
          1,
          0.396875
        ],
        [
          2,
          0.4875
        ],
        [
          3,
          0.553125
        ]
      ],