{
  "12": {
    "original": {
      "clean_topk": [
        [
          1,
          0.48220064724919093
        ],
        [
          2,
          0.5728155339805825
        ],
        [
          3,
          0.6181229773462783
        ]
      ],
      "clean_rank_list": [
        1,
        3,
        7,
        266,
        0,
        0,
        1,
        0,
        3063,
        2,
        995,
        0,
        0,
        0,
        0,
        221,
        1,
        6,
        0,
        67,
        3,
        427,
        3,
        5,
        2,
        2,
        0,
        97,
        0,
        4,
        0,
        37,
        5,
        1,
        7,
        8,
        8,
        1569,
        5,
        0,
        53,
        0,
        1,
        0,
        0,
        0,
        0,
        5,
        21,
        0,
        0,
        2,
        241,
        14,
        5,
        5,
        0,
        3,
        0,
        5,
        5,
        0,
        1,
        0,
        0,
        6,
        1,
        493,
        19,
        3,
        76,
        0,
        20,
        22,
        0,
        5,
        0,
        6,
        1,
        0,
        1,
        7,
        1,
        4,
        0,
        0,
        0,
        3,
        6,
        0,
        0,
        22,
        0,
        36,
        0,
        0,
        8,
        0,
        0,
        43,
        0,
        2,
        13,
        0,
        1847,
        34,
        0,
        3,
        1,
        0,
        0,
        61,
        52,
        0,
        9,
        2,
        1,
        6,
        3,
        0,
        0,
        80,
        0,
        0,
        0,
        1,
        39,
        0,
        0,
        351,
        0,
        3,
        0,
        11,
        2,
        0,
        8,
        1,
        9,
        493,
        78,
        0,
        2,
        0,
        0,
        0,
        0,
        0,
        0,
        15,
        98,
        0,
        1,
        0,
        0,
        6,
        0,
        0,
        2,
        13,
        0,
        0,
        0,
        19,
        0,
        22,
        3,
        11,
        14,
        0,
        3,
        11,
        0,
        12,
        0,
        0,
        0,
        0,
        0,
        0,
        0,
        0,
        0,
        1,
        0,
        0,
        0,
        96,
        20,
        0,
        3,
        0,
        3,
        5,
        0,
        0,
        3,
        0,
        3,
        0,
        0,
        0,
        0,
        0,
        0,
        4,
        1,
        0,
        0,
        20,
        0,
        105,
        0,
        0,
        0,
        9,
        0,
        0,
        1,
        0,
        274,
        0,
        1,
        1,
        0,
        187,
        0,
        137,
        0,
        1,
        0,
        0,
        0,
        1,
        120,
        1,
        2,
        2,
        12,
        2,
        5655,
        0,
        0,
        0,
        111,
        0,
        0,
        3,
        1892,
        0,
        6,
        1022,
        0,
        0,
        36,
        1,
        0,
        1,
        0,
        0,
        0,
        14,
        1,
        0,
        0,
        0,
        0,
        1,
        0,
        0,
        0,
        124,
        0,
        99,
        16,
        8,
        0,
        0,
        0,
        13,
        2,
        0,
        0,
        7,
        45,
        8,
        0,
        399,
        0,
        0,
        0,
        0,
        33,
        1682,
        0,
        2,
        1,
        36,
        0,
        0,
        65,
        0,
        0,
        15,
        6,
        0,
        0,
        2171,
        0
      ],
      "intervention_topk": [
        [
          1,
          0.7249190938511327
        ],
        [
          2,
          0.8543689320388349
        ],
        [
          3,
          0.9158576051779935
        ]
      ],
      "intervention_rank_list": [
        1,
        0,
        8,
        1,
        0,
        0,
        1,
        0,
        2,
        2,
        2,
        1,
        0,
        0,
        1,
        0,
        0,
        1,
        0,
        0,
        0,
        1,
        4,
        2,
        0,
        0,
        0,
        0,
        0,
        1,
        0,
        0,
        0,
        0,
        4,
        0,
        0,
        20,
        0,
        0,
        3,
        0,
        0,
        0,
        0,
        0,
        0,
        1,
        0,
        0,
        0,
        0,
        20,
        0,
        0,
        1,
        0,
        0,
        0,
        0,
        1,
        1,
        1,
        1,
        0,
        1,
        0,
        3,
        16,
        1,
        7,
        0,
        1,
        0,
        0,
        0,
        0,
        0,
        0,
        0,
        0,
        0,
        0,
        1,
        0,
        0,
        1,
        2,
        2,
        0,
        0,
        0,
        0,
        1,
        1,
        0,
        4,
        0,
        0,
        2,
        0,
        0,
        2,
        0,
        2,
        0,
        0,
        0,
        0,
        0,
        0,
        0,
        0,
        0,
        0,
        0,
        1,
        0,
        2,
        0,
        0,
        0,
        0,
        0,
        0,
        1,
        4,
        0,
        0,
        0,
        0,
        0,
        0,
        0,
        4,
        0,
        0,
        1,
        0,
        14,
        0,
        1,
        1,
        0,
        0,
        0,
        2,
        0,
        0,
        1,
        0,
        0,
        0,
        0,
        0,
        0,
        0,
        0,
        0,
        1,
        0,
        1,
        0,
        4,
        0,
        2,
        0,
        0,
        0,
        0,
        3,
        0,
        0,
        0,
        0,
        0,
        0,
        0,
        0,
        0,
        0,
        0,
        0,
        0,
        0,
        0,
        0,
        0,
        5,
        0,
        0,
        0,
        0,
        0,
        0,
        0,
        0,
        0,
        1,
        0,
        0,
        0,
        0,
        0,
        0,
        0,
        0,
        0,
        0,
        0,
        0,
        9,
        0,
        0,
        0,
        2,
        0,
        0,
        0,
        0,
        2,
        0,
        1,
        0,
        0,
        1,
        0,
        2,
        0,
        0,
        0,
        0,
        0,
        0,
        9,
        1,
        0,
        3,
        6,
        0,
        21,
        0,
        0,
        0,
        0,
        0,
        0,
        0,
        23,
        1,
        0,
        7,
        0,
        0,
        0,
        0,
        0,
        0,
        0,
        0,
        0,
        3,
        1,
        0,
        0,
        0,
        0,
        0,
        0,
        0,
        0,
        0,
        0,
        2,
        2,
        0,
        0,
        0,
        0,
        3,
        0,
        0,
        0,
        1,
        0,
        1,
        0,
        2,
        0,
        1,
        0,
        0,
        0,
        4,
        1,
        0,
        0,
        0,
        0,
        0,
        1,
        0,
        0,
        0,
        0,
        0,
        0,
        2,
        0
      ]
    },
    "centred": {
      "clean_topk": [
        [
          1,
          0.511326860841424
        ],
        [
          2,
          0.5889967637540453
        ],
        [
          3,
          0.6407766990291263
        ]
      ],