{
  "12": {
    "original": {
      "clean_topk": [
        [
          1,
          0.43506493506493504
        ],
        [
          2,
          0.5357142857142857
        ],
        [
          3,
          0.6233766233766234
        ]
      ],
      "clean_rank_list": [
        2,
        0,
        881,
        0,
        1,
        0,
        3,
        3,
        0,
        1735,
        1,
        0,
        7,
        0,
        2,
        0,
        0,
        1,
        0,
        0,
        0,
        2,
        0,
        255,
        0,
        0,
        2,
        7,
        0,
        0,
        0,
        34,
        1,
        3,
        410,
        7,
        20,
        149,
        0,
        0,
        0,
        0,
        0,
        1,
        0,
        19,
        0,
        0,
        0,
        1,
        6,
        0,
        0,
        0,
        0,
        2,
        25,
        3,
        175,
        7,
        0,
        3,
        0,
        183,
        0,
        95,
        2,
        0,
        0,
        0,
        1,
        0,
        0,
        2,
        1,
        2,
        427,
        4,
        0,
        0,
        8,
        68,
        7,
        0,
        0,
        3,
        0,
        0,
        15,
        0,
        9,
        2,
        0,
        0,
        16,
        0,
        3,
        20,
        0,
        1,
        0,
        0,
        0,
        0,
        6,
        14,
        4,
        0,
        2,
        0,
        0,
        61,
        21,
        1,
        0,
        0,
        0,
        0,
        2,
        0,
        0,
        0,
        1,
        0,
        0,
        21,
        0,
        0,
        3,
        0,
        0,
        5,
        1,
        0,
        4,
        8,
        1,
        94,
        0,
        1,
        4,
        537,
        7,
        0,
        2,
        3,
        20,
        3,
        20,
        1,
        4,
        1,
        4,
        0,
        2,
        18,
        18,
        646,
        68,
        0,
        0,
        975,
        3109,
        61,
        18,
        226,
        2,
        1,
        4,
        0,
        51,
        9,
        0,
        98,
        18,
        2,
        1,
        13,
        2,
        3,
        1,
        5,
        6,
        259,
        0,
        0,
        1,
        3,
        761,
        356,
        1,
        0,
        363,
        0,
        11,
        3,
        0,
        0,
        0,
        60,
        0,
        2,
        1,
        11,
        0,
        2,
        0,
        1,
        0,
        8,
        0,
        0,
        4,
        0,
        0,
        0,
        1,
        0,
        0,
        2,
        5,
        2,
        0,
        0,
        1,
        0,
        0,
        43,
        0,
        84,
        0,
        2,
        2,
        0,
        392,
        4,
        7,
        3,
        0,
        42,
        74,
        2,
        429,
        156,
        0,
        0,
        0,
        0,
        0,
        1,
        0,
        1,
        25,
        0,
        0,
        2,
        0,
        4,
        58,
        35,
        0,
        0,
        0,
        0,
        107,
        2,
        0,
        121,
        83,
        0,
        1,
        0,
        1,
        0,
        190,
        0,
        2,
        0,
        8,
        0,
        20,
        1,
        0,
        3,
        1,
        0,
        4,
        2,
        0,
        0,
        7,
        0,
        3,
        7,
        6,
        14,
        108,
        0,
        27,
        0,
        0,
        1336,
        5,
        13,
        0,
        0,
        0,
        17
      ],
      "intervention_topk": [
        [
          1,
          0.711038961038961
        ],
        [
          2,
          0.8409090909090909
        ],
        [
          3,
          0.9090909090909091
        ]
      ],
      "intervention_rank_list": [
        0,
        0,
        8,
        0,
        0,
        0,
        0,
        1,
        0,
        28,
        0,
        0,
        0,
        0,
        2,
        0,
        0,
        1,
        0,
        0,
        0,
        3,
        0,
        12,
        0,
        0,
        0,
        1,
        0,
        0,
        0,
        11,
        0,
        0,
        7,
        0,
        1,
        2,
        0,
        0,
        0,
        0,
        0,
        1,
        0,
        1,
        0,
        0,
        0,
        1,
        0,
        0,
        0,
        0,
        0,
        0,
        0,
        0,
        2,
        0,
        0,
        1,
        0,
        0,
        0,
        2,
        4,
        0,
        1,
        0,
        0,
        0,
        0,
        2,
        0,
        1,
        6,
        1,
        0,
        0,
        0,
        6,
        0,
        0,
        0,
        0,
        0,
        0,
        2,
        0,
        0,
        0,
        0,
        0,
        3,
        0,
        0,
        0,
        0,
        1,
        0,
        0,
        0,
        1,
        8,
        0,
        0,
        0,
        3,
        0,
        0,
        0,
        0,
        2,
        0,
        0,
        0,
        0,
        1,
        1,
        0,
        0,
        1,
        0,
        0,
        1,
        0,
        0,
        0,
        0,
        0,
        0,
        1,
        0,
        0,
        0,
        0,
        0,
        0,
        0,
        6,
        1,
        2,
        0,
        0,
        0,
        0,
        1,
        0,
        0,
        1,
        3,
        1,
        0,
        2,
        0,
        0,
        2,
        0,
        0,
        0,
        7,
        3,
        2,
        2,
        0,
        0,
        1,
        0,
        0,
        1,
        3,
        0,
        0,
        0,
        0,
        0,
        0,
        1,
        0,
        0,
        3,
        0,
        0,
        0,
        0,
        0,
        2,
        3,
        2,
        0,
        0,
        2,
        0,
        5,
        0,
        0,
        0,
        0,
        0,
        0,
        1,
        1,
        3,
        0,
        0,
        0,
        0,
        0,
        0,
        0,
        0,
        1,
        0,
        0,
        0,
        1,
        0,
        0,
        0,
        4,
        2,
        0,
        0,
        1,
        0,
        0,
        1,
        0,
        0,
        0,
        0,
        0,
        0,
        2,
        3,
        0,
        0,
        0,
        0,
        2,
        7,
        3,
        1,
        0,
        0,
        0,
        0,
        0,
        1,
        0,
        1,
        0,
        0,
        0,
        0,
        0,
        0,
        0,
        1,
        2,
        0,
        0,
        0,
        0,
        1,
        0,
        0,
        0,
        1,
        0,
        0,
        1,
        0,
        17,
        0,
        0,
        0,
        0,
        0,
        2,
        0,
        0,
        0,
        0,
        0,
        0,
        0,
        0,
        0,
        0,
        0,
        0,
        0,
        0,
        19,
        2,
        0,
        1,
        0,
        0,
        3,
        1,
        0,
        0,
        0,
        0,
        0
      ]
    },
    "centred": {
      "clean_topk": [
        [
          1,
          0.4448051948051948
        ],
        [
          2,
          0.5551948051948052
        ],
        [
          3,
          0.6136363636363636
        ]
      ],