{
  "8": {
    "original": {
      "clean_topk": [
        [
          1,
          0.0
        ],
        [
          2,
          0.046511627906976744
        ],
        [
          3,
          0.11627906976744186
        ]
      ],
      "clean_rank_list": [
        14,
        11,
        4,
        15,
        4,
        28,
        6,
        1,
        15,
        2,
        2,
        1,
        34,
        3,
        108,
        63,
        56,
        77,
        32,
        2,
        5,
        13,
        8,
        20,
        4,
        14,
        3,
        79,
        3,
        15,
        74,
        19,
        33,
        4,
        48,
        4,
        156,
        15,
        7,
        17,
        4,
        19,
        6
      ],
      "intervention_topk": [
        [
          1,
          0.627906976744186
        ],
        [
          2,
          0.627906976744186
        ],
        [
          3,
          0.6511627906976745
        ]
      ],
      "intervention_rank_list": [
        0,
        3,
        0,
        0,
        0,
        19,
        0,
        0,
        0,
        0,
        0,
        0,
        19,
        0,
        39,
        26,
        23,
        17,
        8,
        0,
        0,
        0,
        2,
        0,
        0,
        0,
        0,
        20,
        0,
        0,
        39,
        10,
        14,
        0,
        16,
        0,
        43,
        3,
        0,
        0,
        0,
        0,
        0
      ]
    },
    "centred": {
      "clean_topk": [
        [
          1,
          0.0
        ],
        [
          2,
          0.046511627906976744
        ],
        [
          3,
          0.11627906976744186
        ]
      ],
      "clean_rank_list": [
        14,
        11,
        4,
        15,
        4,
        28,
        6,
        1,
        15,
        2,
        2,
        1,
        34,
        3,
        108,
        63,
        56,
        77,
        32,
        2,
        5,
        13,
        8,
        20,
        4,
        14,
        3,
        79,
        3,
        15,
        74,
        19,
        33,
        4,
        48,
        4,
        156,
        15,
        7,
        17,
        4,
        19,
        6
      ],
      "intervention_topk": [
        [
          1,
          0.627906976744186
        ],
        [
          2,
          0.6511627906976745
        ],
        [
          3,
          0.6744186046511628
        ]
      ],
      "intervention_rank_list": [
        0,
        3,
        0,
        0,
        0,
        14,
        0,
        0,
        0,
        0,
        0,
        0,
        11,
        0,
        97,
        44,
        17,
        10,
        6,
        0,
        0,
        0,
        1,
        0,
        0,
        0,
        0,
        16,
        0,
        0,
        101,
        45,
        22,
        0,
        14,
        0,
        21,
        2,
        0,
        0,
        0,
        0,
        0
      ]
    }
  }
}