{
  "8": {
    "original": {
      "clean_topk": [
        [
          1,
          0.023255813953488372
        ],
        [
          2,
          0.046511627906976744
        ],
        [
          3,
          0.11627906976744186
        ]
      ],
      "clean_rank_list": [
        17,
        14,
        20,
        32,
        21,
        15,
        11,
        15,
        64,
        156,
        15,
        26,
        12,
        19,
        14,
        0,
        63,
        9,
        3,
        3,
        33,
        3,
        4,
        19,
        3,
        233,
        7,
        3,
        3,
        56,
        2,
        147,
        9,
        108,
        2,
        20,
        4,
        17,
        11,
        4,
        1,
        64,
        2
      ],
      "intervention_topk": [
        [
          1,
          0.6511627906976745
        ],
        [
          2,
          0.6744186046511628
        ],
        [
          3,
          0.6976744186046512
        ]
      ],
      "intervention_rank_list": [
        1,
        0,
        0,
        9,
        0,
        6,
        0,
        0,
        23,
        43,
        3,
        6,
        0,
        0,
        0,
        0,
        17,
        0,
        0,
        0,
        0,
        0,
        0,
        0,
        0,
        65,
        0,
        0,
        0,
        23,
        0,
        90,
        6,
        39,
        0,
        0,
        0,
        0,
        2,
        0,
        0,
        12,
        0
      ]
    },
    "centred": {
      "clean_topk": [
        [
          1,
          0.023255813953488372
        ],
        [
          2,
          0.046511627906976744
        ],
        [
          3,
          0.11627906976744186
        ]
      ],
      "clean_rank_list": [
        17,
        14,
        20,
        32,
        21,
        15,
        11,
        15,
        64,
        156,
        15,
        26,
        12,
        19,
        14,
        0,
        63,
        9,
        3,
        3,
        33,
        3,
        4,
        19,
        3,
        233,
        7,
        3,
        3,
        56,
        2,
        147,
        9,
        108,
        2,
        20,
        4,
        17,
        11,
        4,
        1,
        64,
        2
      ],
      "intervention_topk": [
        [
          1,
          0.6511627906976745
        ],
        [
          2,
          0.6511627906976745
        ],
        [
          3,
          0.7441860465116279
        ]
      ],
      "intervention_rank_list": [
        2,
        0,
        0,
        6,
        0,
        7,
        0,
        0,
        12,
        21,
        2,
        2,
        0,
        0,
        0,
        0,
        9,
        0,
        0,
        0,
        0,
        0,
        0,
        0,
        0,
        22,
        0,
        0,
        0,
        7,
        0,
        156,
        3,
        94,
        0,
        0,
        0,
        0,
        2,
        0,
        0,
        4,
        0
      ]
    }
  }
}