{
  "8": {
    "original": {
      "clean_topk": [
        [
          1,
          0.0
        ],
        [
          2,
          0.0
        ],
        [
          3,
          0.06976744186046512
        ]
      ],
      "clean_rank_list": [
        3,
        80,
        22,
        17,
        200,
        100,
        64,
        13,
        3,
        16,
        26,
        4,
        4,
        34,
        36,
        13,
        3,
        108,
        197,
        3,
        2,
        2,
        21,
        157,
        20,
        10,
        4,
        4,
        48,
        28,
        4,
        64,
        3,
        4,
        17,
        10,
        2,
        15,
        14,
        17,
        12,
        12,
        90
      ],
      "intervention_topk": [
        [
          1,
          0.6511627906976745
        ],
        [
          2,
          0.6511627906976745
        ],
        [
          3,
          0.6511627906976745
        ]
      ],
      "intervention_rank_list": [
        0,
        18,
        0,
        0,
        84,
        40,
        12,
        0,
        0,
        0,
        6,
        0,
        0,
        19,
        12,
        0,
        0,
        39,
        50,
        0,
        0,
        0,
        0,
        32,
        0,
        0,
        0,
        0,
        17,
        9,
        0,
        23,
        0,
        0,
        0,
        0,
        0,
        0,
        0,
        8,
        0,
        0,
        33
      ]
    },
    "centred": {
      "clean_topk": [
        [
          1,
          0.0
        ],
        [
          2,
          0.0
        ],
        [
          3,
          0.06976744186046512
        ]
      ],
      "clean_rank_list": [
        3,
        80,
        22,
        17,
        200,
        100,
        64,
        13,
        3,
        16,
        26,
        4,
        4,
        34,
        36,
        13,
        3,
        108,
        197,
        3,
        2,
        2,
        21,
        157,
        20,
        10,
        4,
        4,
        48,
        28,
        4,
        64,
        3,
        4,
        17,
        10,
        2,
        15,
        14,
        17,
        12,
        12,
        90
      ],
      "intervention_topk": [
        [
          1,
          0.6511627906976745
        ],
        [
          2,
          0.6511627906976745
        ],
        [
          3,
          0.6744186046511628
        ]
      ],
      "intervention_rank_list": [
        0,
        20,
        0,
        0,
        61,
        39,
        4,
        0,
        0,
        0,
        2,
        0,
        0,
        11,
        3,
        0,
        0,
        96,
        36,
        0,
        0,
        0,
        0,
        41,
        0,
        0,
        0,
        0,
        15,
        7,
        0,
        12,
        0,
        0,
        0,
        0,
        0,
        0,
        0,
        10,
        0,
        0,
        15
      ]
    }
  }
}