{
  "8": {
    "original": {
      "clean_topk": [
        [
          1,
          0.0
        ],
        [
          2,
          0.023255813953488372
        ],
        [
          3,
          0.11627906976744186
        ]
      ],
      "clean_rank_list": [
        4,
        106,
        13,
        15,
        20,
        20,
        36,
        49,
        2,
        10,
        15,
        22,
        1,
        7,
        3,
        17,
        28,
        63,
        3,
        20,
        17,
        3,
        7,
        53,
        13,
        19,
        21,
        90,
        4,
        34,
        33,
        3,
        14,
        3,
        32,
        9,
        2,
        56,
        3,
        2,
        4,
        15,
        2
      ],
      "intervention_topk": [
        [
          1,
          0.7441860465116279
        ],
        [
          2,
          0.7674418604651163
        ],
        [
          3,
          0.7674418604651163
        ]
      ],
      "intervention_rank_list": [
        0,
        30,
        0,
        0,
        0,
        0,
        26,
        12,
        0,
        0,
        0,
        0,
        0,
        0,
        0,
        1,
        18,
        17,
        0,
        0,
        0,
        0,
        0,
        8,
        0,
        0,
        0,
        33,
        0,
        19,
        0,
        0,
        0,
        0,
        7,
        0,
        0,
        22,
        0,
        0,
        0,
        0,
        0
      ]
    },
    "centred": {
      "clean_topk": [
        [
          1,
          0.0
        ],
        [
          2,
          0.023255813953488372
        ],
        [
          3,
          0.11627906976744186
        ]
      ],
      "clean_rank_list": [
        4,
        106,
        13,
        15,
        20,
        20,
        36,
        49,
        2,
        10,
        15,
        22,
        1,
        7,
        3,
        17,
        28,
        63,
        3,
        20,
        17,
        3,
        7,
        53,
        13,
        19,
        21,
        90,
        4,
        34,
        33,
        3,
        14,
        3,
        32,
        9,
        2,
        56,
        3,
        2,
        4,
        15,
        2
      ],
      "intervention_topk": [
        [
          1,
          0.7441860465116279
        ],
        [
          2,
          0.7441860465116279
        ],
        [
          3,
          0.7674418604651163
        ]
      ],
      "intervention_rank_list": [
        0,
        19,
        0,
        0,
        0,
        0,
        43,
        13,
        0,
        0,
        0,
        0,
        0,
        0,
        0,
        2,
        14,
        8,
        0,
        0,
        0,
        0,
        0,
        3,
        0,
        0,
        0,
        15,
        0,
        11,
        0,
        0,
        0,
        0,
        11,
        0,
        0,
        7,
        0,
        0,
        0,
        0,
        0
      ]
    }
  }
}