{
  "8": {
    "original": {
      "clean_topk": [
        [
          1,
          0.0
        ],
        [
          2,
          0.06976744186046512
        ],
        [
          3,
          0.13953488372093023
        ]
      ],
      "clean_rank_list": [
        28,
        26,
        1,
        32,
        7,
        21,
        4,
        7,
        4,
        15,
        40,
        17,
        1,
        2,
        8,
        19,
        7,
        63,
        100,
        10,
        51,
        8,
        14,
        15,
        5,
        3,
        13,
        2,
        33,
        49,
        4,
        22,
        3,
        21,
        2,
        57,
        17,
        132,
        15,
        4,
        77,
        1,
        4
      ],
      "intervention_topk": [
        [
          1,
          0.6511627906976745
        ],
        [
          2,
          0.6744186046511628
        ],
        [
          3,
          0.6976744186046512
        ]
      ],
      "intervention_rank_list": [
        19,
        6,
        0,
        7,
        0,
        0,
        0,
        0,
        0,
        0,
        4,
        0,
        0,
        0,
        2,
        6,
        0,
        26,
        40,
        0,
        29,
        0,
        0,
        0,
        0,
        0,
        3,
        0,
        0,
        12,
        0,
        0,
        0,
        0,
        0,
        17,
        1,
        3,
        0,
        0,
        17,
        0,
        0
      ]
    },
    "centred": {
      "clean_topk": [
        [
          1,
          0.0
        ],
        [
          2,
          0.06976744186046512
        ],
        [
          3,
          0.13953488372093023
        ]
      ],
      "clean_rank_list": [
        28,
        26,
        1,
        32,
        7,
        21,
        4,
        7,
        4,
        15,
        40,
        17,
        1,
        2,
        8,
        19,
        7,
        63,
        100,
        10,
        51,
        8,
        14,
        15,
        5,
        3,
        13,
        2,
        33,
        49,
        4,
        22,
        3,
        21,
        2,
        57,
        17,
        132,
        15,
        4,
        77,
        1,
        4
      ],
      "intervention_topk": [
        [
          1,
          0.6744186046511628
        ],
        [
          2,
          0.6976744186046512
        ],
        [
          3,
          0.7441860465116279
        ]
      ],
      "intervention_rank_list": [
        14,
        2,
        0,
        11,
        0,
        0,
        0,
        0,
        0,
        0,
        3,
        0,
        0,
        0,
        1,
        9,
        0,
        39,
        38,
        0,
        37,
        0,
        0,
        0,
        0,
        0,
        10,
        0,
        0,
        13,
        0,
        0,
        0,
        0,
        0,
        11,
        2,
        0,
        0,
        0,
        10,
        0,
        0
      ]
    }
  }
}