{
  "12": {
    "original": {
      "clean_topk": [
        [
          1,
          0.016666666666666666
        ],
        [
          2,
          0.016666666666666666
        ],
        [
          3,
          0.016666666666666666
        ]
      ],
      "clean_rank_list": [
        169,
        71,
        165,
        45,
        80,
        586,
        44,
        28,
        53,
        32,
        238,
        220,
        232,
        49,
        100,
        48,
        68,
        58,
        36,
        69,
        628,
        55,
        211,
        269,
        212,
        53,
        6,
        74,
        48,
        178,
        11,
        406,
        7,
        271,
        247,
        593,
        120,
        5982,
        177,
        314,
        179,
        40,
        0,
        27,
        81,
        585,
        275,
        1192,
        1959,
        206,
        548,
        3421,
        59,
        44,
        241,
        80,
        50,
        339,
        348,
        287
      ],
      "intervention_topk": [
        [
          1,
          0.016666666666666666
        ],
        [
          2,
          0.65
        ],
        [
          3,
          0.8833333333333333
        ]
      ],
      "intervention_rank_list": [
        2,
        1,
        1,
        1,
        2,
        3,
        1,
        1,
        1,
        1,
        1,
        2,
        1,
        1,
        1,
        1,
        1,
        1,
        1,
        1,
        1,
        1,
        1,
        3,
        2,
        1,
        1,
        1,
        1,
        2,
        1,
        2,
        1,
        1,
        1,
        2,
        1,
        283,
        1,
        1,
        1,
        2,
        0,
        1,
        1,
        2,
        2,
        2,
        43,
        1,
        18,
        38,
        1,
        1,
        2,
        1,
        1,
        2,
        3,
        2
      ]
    },
    "centred": {
      "clean_topk": [
        [
          1,
          0.016666666666666666
        ],
        [
          2,
          0.016666666666666666
        ],
        [
          3,
          0.016666666666666666
        ]
      ],
      "clean_rank_list": [
        169,
        71,
        165,
        45,
        80,
        586,
        44,
        28,
        53,
        32,
        238,
        220,
        232,
        49,
        100,
        48,
        68,
        58,
        36,
        69,
        628,
        55,
        211,
        269,
        212,
        53,
        6,
        74,
        48,
        178,
        11,
        406,
        7,
        271,
        247,
        593,
        120,
        5982,
        177,
        314,
        179,
        40,
        0,
        27,
        81,
        585,
        275,
        1192,
        1959,
        206,
        548,
        3421,
        59,
        44,
        241,
        80,
        50,
        339,
        348,
        287
      ],
      "intervention_topk": [
        [
          1,
          0.016666666666666666
        ],
        [
          2,
          0.5333333333333333
        ],
        [
          3,
          0.7
        ]
      ],
      "intervention_rank_list": [
        1,
        1,
        1,
        1,
        1,
        5,
        1,
        2,
        1,
        1,
        5,
        9,
        2,
        1,
        1,
        1,
        1,
        4,
        1,
        3,
        9,
        1,
        1,
        3,
        2,
        1,
        1,
        1,
        1,
        4,
        1,
        2,
        1,
        4,
        1,
        11,
        2,
        184,
        1,
        1,
        1,
        2,
        0,
        1,
        1,
        5,
        2,
        6,
        38,
        1,
        43,
        54,
        2,
        2,
        1,
        1,
        1,
        2,
        4,
        3
      ]
    }
  }
}