{
  "12": {
    "original": {
      "clean_topk": [
        [
          1,
          0.0
        ],
        [
          2,
          0.0
        ],
        [
          3,
          0.0
        ]
      ],
      "clean_rank_list": [
        55,
        52,
        133,
        3,
        246,
        209,
        12,
        50,
        18,
        45,
        524,
        925,
        114,
        201,
        630,
        52,
        32,
        279,
        74,
        207,
        68,
        10,
        134,
        242,
        35,
        347,
        36,
        428,
        22,
        549,
        59,
        348,
        100,
        27,
        66,
        80,
        34,
        1192,
        59,
        628,
        1261,
        39,
        30,
        387,
        8,
        211,
        4082,
        143,
        4,
        83,
        44,
        108,
        134,
        5,
        61,
        100,
        98
      ],
      "intervention_topk": [
        [
          1,
          0.0
        ],
        [
          2,
          0.7017543859649122
        ],
        [
          3,
          0.7894736842105263
        ]
      ],
      "intervention_rank_list": [
        1,
        1,
        1,
        1,
        1,
        1,
        1,
        1,
        1,
        1,
        3,
        6,
        1,
        1,
        4,
        1,
        1,
        1,
        1,
        3,
        1,
        2,
        1,
        1,
        1,
        3,
        1,
        5,
        1,
        16,
        1,
        3,
        1,
        2,
        1,
        2,
        1,
        4,
        1,
        1,
        17,
        1,
        1,
        5,
        1,
        1,
        65,
        1,
        1,
        1,
        1,
        1,
        2,
        1,
        2,
        1,
        1
      ]
    },
    "centred": {
      "clean_topk": [
        [
          1,
          0.0
        ],
        [
          2,
          0.0
        ],
        [
          3,
          0.0
        ]
      ],
      "clean_rank_list": [
        55,
        52,
        133,
        3,
        246,
        209,
        12,
        50,
        18,
        45,
        524,
        925,
        114,
        201,
        630,
        52,
        32,
        279,
        74,
        207,
        68,
        10,
        134,
        242,
        35,
        347,
        36,
        428,
        22,
        549,
        59,
        348,
        100,
        27,
        66,
        80,
        34,
        1192,
        59,
        628,
        1261,
        39,
        30,
        387,
        8,
        211,
        4082,
        143,
        4,
        83,
        44,
        108,
        134,
        5,
        61,
        100,
        98
      ],
      "intervention_topk": [
        [
          1,
          0.0
        ],
        [
          2,
          0.5263157894736842
        ],
        [
          3,
          0.7017543859649122
        ]
      ],
      "intervention_rank_list": [
        1,
        1,
        1,
        2,
        1,
        2,
        1,
        5,
        1,
        1,
        3,
        7,
        1,
        1,
        6,
        1,
        1,
        1,
        1,
        4,
        1,
        2,
        4,
        7,
        2,
        7,
        1,
        9,
        1,
        27,
        1,
        4,
        1,
        2,
        1,
        1,
        1,
        6,
        1,
        8,
        21,
        1,
        3,
        12,
        1,
        1,
        113,
        1,
        2,
        1,
        2,
        1,
        2,
        1,
        2,
        1,
        2
      ]
    }
  }
}