{
  "12": {
    "original": {
      "clean_topk": [
        [
          1,
          0.03389830508474576
        ],
        [
          2,
          0.03389830508474576
        ],
        [
          3,
          0.06779661016949153
        ]
      ],
      "clean_rank_list": [
        80,
        225,
        913,
        211,
        0,
        2,
        74,
        628,
        55,
        279,
        66,
        348,
        195,
        10,
        219,
        178,
        230,
        41,
        114,
        0,
        81,
        7,
        32,
        108,
        61,
        9,
        212,
        176,
        60,
        67,
        593,
        49,
        241,
        15,
        18,
        245,
        182,
        490,
        13,
        347,
        384,
        169,
        52,
        53,
        8,
        25,
        481,
        7,
        34,
        3,
        80,
        10884,
        160,
        44,
        83,
        106,
        113,
        108,
        2
      ],
      "intervention_topk": [
        [
          1,
          0.05084745762711865
        ],
        [
          2,
          0.6779661016949152
        ],
        [
          3,
          0.8983050847457628
        ]
      ],
      "intervention_rank_list": [
        2,
        1,
        18,
        1,
        0,
        1,
        1,
        1,
        1,
        1,
        1,
        1,
        1,
        2,
        2,
        2,
        6,
        1,
        1,
        0,
        1,
        1,
        1,
        1,
        2,
        1,
        1,
        1,
        2,
        2,
        3,
        1,
        2,
        1,
        1,
        1,
        2,
        3,
        1,
        3,
        2,
        2,
        1,
        1,
        1,
        1,
        2,
        1,
        1,
        1,
        2,
        352,
        1,
        1,
        1,
        1,
        1,
        1,
        0
      ]
    },
    "centred": {
      "clean_topk": [
        [
          1,
          0.03389830508474576
        ],
        [
          2,
          0.03389830508474576
        ],
        [
          3,
          0.06779661016949153
        ]
      ],
      "clean_rank_list": [
        80,
        225,
        913,
        211,
        0,
        2,
        74,
        628,
        55,
        279,
        66,
        348,
        195,
        10,
        219,
        178,
        230,
        41,
        114,
        0,
        81,
        7,
        32,
        108,
        61,
        9,
        212,
        176,
        60,
        67,
        593,
        49,
        241,
        15,
        18,
        245,
        182,
        490,
        13,
        347,
        384,
        169,
        52,
        53,
        8,
        25,
        481,
        7,
        34,
        3,
        80,
        10884,
        160,
        44,
        83,
        106,
        113,
        108,
        2
      ],
      "intervention_topk": [
        [
          1,
          0.03389830508474576
        ],
        [
          2,
          0.4915254237288136
        ],
        [
          3,
          0.6779661016949152
        ]
      ],
      "intervention_rank_list": [
        1,
        9,
        46,
        1,
        0,
        1,
        1,
        10,
        1,
        2,
        2,
        3,
        3,
        2,
        3,
        4,
        21,
        1,
        1,
        0,
        1,
        1,
        1,
        1,
        2,
        1,
        4,
        1,
        3,
        4,
        12,
        1,
        1,
        1,
        1,
        2,
        2,
        4,
        1,
        7,
        3,
        1,
        1,
        1,
        1,
        1,
        3,
        2,
        2,
        2,
        1,
        505,
        7,
        2,
        1,
        3,
        1,
        1,
        2
      ]
    }
  }
}