{
  "7": {
    "original": {
      "clean_topk": [
        [
          1,
          0.0
        ],
        [
          2,
          0.09302325581395349
        ],
        [
          3,
          0.11627906976744186
        ]
      ],
      "clean_rank_list": [
        7,
        2,
        18,
        19,
        5,
        7,
        4,
        1,
        20,
        1,
        13,
        63,
        3,
        13,
        77,
        34,
        4,
        19,
        20,
        1,
        20,
        4,
        102,
        18,
        15,
        17,
        4,
        3,
        8,
        4,
        4,
        12,
        1,
        11,
        15,
        8,
        36,
        26,
        22,
        41,
        12,
        4,
        33
      ],
      "intervention_topk": [
        [
          1,
          0.6046511627906976
        ],
        [
          2,
          0.6744186046511628
        ],
        [
          3,
          0.6744186046511628
        ]
      ],
      "intervention_rank_list": [
        0,
        0,
        1,
        0,
        0,
        0,
        0,
        0,
        1,
        0,
        0,
        35,
        0,
        0,
        23,
        20,
        0,
        14,
        5,
        0,
        14,
        0,
        25,
        13,
        5,
        1,
        0,
        0,
        0,
        0,
        0,
        0,
        0,
        5,
        0,
        0,
        15,
        10,
        0,
        20,
        0,
        0,
        18
      ]
    },
    "centred": {
      "clean_topk": [
        [
          1,
          0.0
        ],
        [
          2,
          0.09302325581395349
        ],
        [
          3,
          0.11627906976744186
        ]
      ],
      "clean_rank_list": [
        7,
        2,
        18,
        19,
        5,
        7,
        4,
        1,
        20,
        1,
        13,
        63,
        3,
        13,
        77,
        34,
        4,
        19,
        20,
        1,
        20,
        4,
        102,
        18,
        15,
        17,
        4,
        3,
        8,
        4,
        4,
        12,
        1,
        11,
        15,
        8,
        36,
        26,
        22,
        41,
        12,
        4,
        33
      ],
      "intervention_topk": [
        [
          1,
          0.6744186046511628
        ],
        [
          2,
          0.6744186046511628
        ],
        [
          3,
          0.7209302325581395
        ]
      ],
      "intervention_rank_list": [
        0,
        0,
        0,
        0,
        0,
        0,
        0,
        0,
        0,
        0,
        0,
        52,
        0,
        0,
        12,
        14,
        0,
        58,
        4,
        0,
        24,
        0,
        16,
        5,
        3,
        0,
        0,
        0,
        0,
        0,
        0,
        0,
        0,
        2,
        0,
        0,
        3,
        2,
        0,
        14,
        0,
        0,
        28
      ]
    }
  },
  "8": {
    "original": {
      "clean_topk": [
        [
          1,
          0.0
        ],
        [
          2,
          0.09302325581395349
        ],
        [
          3,
          0.11627906976744186
        ]
      ],
      "clean_rank_list": [
        7,
        2,
        18,
        19,
        5,
        7,
        4,
        1,
        20,
        1,
        13,
        63,
        3,
        13,
        77,
        34,
        4,
        19,
        20,
        1,
        20,
        4,
        102,
        18,
        15,
        17,
        4,
        3,
        8,
        4,
        4,
        12,
        1,
        11,
        15,
        8,
        36,
        26,
        22,
        41,
        12,
        4,
        33
      ],
      "intervention_topk": [
        [
          1,
          0.6744186046511628
        ],
        [
          2,
          0.6744186046511628
        ],
        [
          3,
          0.6976744186046512
        ]
      ],
      "intervention_rank_list": [
        0,
        0,
        0,
        0,
        0,
        0,
        0,
        0,
        0,
        0,
        0,
        26,
        0,
        0,
        18,
        19,
        0,
        10,
        5,
        0,
        6,
        0,
        15,
        9,
        3,
        0,
        0,
        0,
        0,
        0,
        0,
        0,
        0,
        2,
        0,
        0,
        11,
        6,
        0,
        16,
        0,
        0,
        15
      ]
    },
    "centred": {
      "clean_topk": [
        [
          1,
          0.0
        ],
        [
          2,
          0.09302325581395349
        ],
        [
          3,
          0.11627906976744186
        ]
      ],
      "clean_rank_list": [
        7,
        2,
        18,
        19,
        5,
        7,
        4,
        1,
        20,
        1,
        13,
        63,
        3,
        13,
        77,
        34,
        4,
        19,
        20,
        1,
        20,
        4,
        102,
        18,
        15,
        17,
        4,
        3,
        8,
        4,
        4,
        12,
        1,
        11,
        15,
        8,
        36,
        26,
        22,
        41,
        12,
        4,
        33
      ],
      "intervention_topk": [
        [
          1,
          0.6744186046511628
        ],
        [
          2,
          0.6744186046511628
        ],
        [
          3,
          0.7906976744186046
        ]
      ],
      "intervention_rank_list": [
        0,
        0,
        0,
        0,
        0,
        0,
        0,
        0,
        0,
        0,
        0,
        41,
        0,
        0,
        10,
        11,
        0,
        46,
        2,
        0,
        15,
        0,
        10,
        2,
        2,
        0,
        0,
        0,
        0,
        0,
        0,
        0,
        0,
        2,
        0,
        0,
        3,
        2,
        0,
        12,
        0,
        0,
        22
      ]
    }
  },
  "9": {
    "original": {
      "clean_topk": [
        [
          1,
          0.0
        ],
        [
          2,
          0.09302325581395349
        ],
        [
          3,
          0.11627906976744186
        ]
      ],
      "clean_rank_list": [
        7,
        2,
        18,
        19,
        5,
        7,
        4,
        1,
        20,
        1,
        13,
        63,
        3,
        13,
        77,
        34,
        4,
        19,
        20,
        1,
        20,
        4,
        102,
        18,
        15,
        17,
        4,
        3,
        8,
        4,
        4,
        12,
        1,
        11,
        15,
        8,
        36,
        26,
        22,
        41,
        12,
        4,
        33
      ],
      "intervention_topk": [
        [
          1,
          0.6744186046511628
        ],
        [
          2,
          0.7209302325581395
        ],
        [
          3,
          0.7209302325581395
        ]
      ],
      "intervention_rank_list": [
        0,
        0,
        0,
        0,
        0,
        0,
        0,
        0,
        0,
        0,
        0,
        19,
        0,
        0,
        12,
        16,
        0,
        7,
        4,
        0,
        7,
        0,
        11,
        6,
        1,
        0,
        0,
        0,
        0,
        0,
        0,
        0,
        0,
        1,
        0,
        0,
        10,
        5,
        0,
        9,
        0,
        0,
        8
      ]
    },
    "centred": {
      "clean_topk": [
        [
          1,
          0.0
        ],
        [
          2,
          0.09302325581395349
        ],
        [
          3,
          0.11627906976744186
        ]
      ],