{
  "7": {
    "original": {
      "clean_topk": [
        [
          1,
          0.0
        ],
        [
          2,
          0.0
        ],
        [
          3,
          0.06976744186046512
        ]
      ],
      "clean_rank_list": [
        13,
        135,
        5,
        26,
        3,
        20,
        13,
        56,
        21,
        7,
        108,
        100,
        16,
        7,
        3,
        4,
        15,
        33,
        32,
        52,
        79,
        21,
        233,
        4,
        2,
        17,
        4,
        12,
        16,
        15,
        2,
        3,
        17,
        13,
        22,
        15,
        3,
        4,
        4,
        2,
        48,
        48,
        26
      ],
      "intervention_topk": [
        [
          1,
          0.5581395348837209
        ],
        [
          2,
          0.6511627906976745
        ],
        [
          3,
          0.6744186046511628
        ]
      ],
      "intervention_rank_list": [
        0,
        42,
        0,
        1,
        0,
        15,
        6,
        23,
        1,
        0,
        49,
        56,
        1,
        0,
        0,
        0,
        0,
        3,
        11,
        20,
        25,
        13,
        81,
        0,
        0,
        1,
        0,
        0,
        0,
        0,
        0,
        0,
        0,
        0,
        0,
        0,
        0,
        0,
        0,
        0,
        21,
        20,
        2
      ]
    },
    "centred": {
      "clean_topk": [
        [
          1,
          0.0
        ],
        [
          2,
          0.0
        ],
        [
          3,
          0.06976744186046512
        ]
      ],
      "clean_rank_list": [
        13,
        135,
        5,
        26,
        3,
        20,
        13,
        56,
        21,
        7,
        108,
        100,
        16,
        7,
        3,
        4,
        15,
        33,
        32,
        52,
        79,
        21,
        233,
        4,
        2,
        17,
        4,
        12,
        16,
        15,
        2,
        3,
        17,
        13,
        22,
        15,
        3,
        4,
        4,
        2,
        48,
        48,
        26
      ],
      "intervention_topk": [
        [
          1,
          0.6976744186046512
        ],
        [
          2,
          0.6976744186046512
        ],
        [
          3,
          0.6976744186046512
        ]
      ],
      "intervention_rank_list": [
        0,
        34,
        0,
        0,
        0,
        24,
        3,
        10,
        0,
        0,
        120,
        39,
        0,
        0,
        0,
        0,
        0,
        0,
        9,
        8,
        19,
        14,
        25,
        0,
        0,
        0,
        0,
        0,
        0,
        0,
        0,
        0,
        0,
        0,
        0,
        0,
        0,
        0,
        0,
        0,
        19,
        18,
        0
      ]
    }
  },
  "8": {
    "original": {
      "clean_topk": [
        [
          1,
          0.0
        ],
        [
          2,
          0.0
        ],
        [
          3,
          0.06976744186046512
        ]
      ],
      "clean_rank_list": [
        13,
        135,
        5,
        26,
        3,
        20,
        13,
        56,
        21,
        7,
        108,
        100,
        16,
        7,
        3,
        4,
        15,
        33,
        32,
        52,
        79,
        21,
        233,
        4,
        2,
        17,
        4,
        12,
        16,
        15,
        2,
        3,
        17,
        13,
        22,
        15,
        3,
        4,
        4,
        2,
        48,
        48,
        26
      ],
      "intervention_topk": [
        [
          1,
          0.6976744186046512
        ],
        [
          2,
          0.6976744186046512
        ],
        [
          3,
          0.6976744186046512
        ]
      ],
      "intervention_rank_list": [
        0,
        28,
        0,
        0,
        0,
        6,
        6,
        22,
        0,
        0,
        37,
        40,
        0,
        0,
        0,
        0,
        0,
        0,
        8,
        14,
        20,
        11,
        65,
        0,
        0,
        0,
        0,
        0,
        0,
        0,
        0,
        0,
        0,
        0,
        0,
        0,
        0,
        0,
        0,
        0,
        16,
        14,
        0
      ]
    },
    "centred": {
      "clean_topk": [
        [
          1,
          0.0
        ],
        [
          2,
          0.0
        ],
        [
          3,
          0.06976744186046512
        ]
      ],
      "clean_rank_list": [
        13,
        135,
        5,
        26,
        3,
        20,
        13,
        56,
        21,
        7,
        108,
        100,
        16,
        7,
        3,
        4,
        15,
        33,
        32,
        52,
        79,
        21,
        233,
        4,
        2,
        17,
        4,
        12,
        16,
        15,
        2,
        3,
        17,
        13,
        22,
        15,
        3,
        4,
        4,
        2,
        48,
        48,
        26
      ],
      "intervention_topk": [
        [
          1,
          0.6976744186046512
        ],
        [
          2,
          0.6976744186046512
        ],
        [
          3,
          0.6976744186046512
        ]
      ],
      "intervention_rank_list": [
        0,
        32,
        0,
        0,
        0,
        15,
        3,
        7,
        0,
        0,
        93,
        39,
        0,
        0,
        0,
        0,
        0,
        0,
        7,
        5,
        17,
        12,
        22,
        0,
        0,
        0,
        0,
        0,
        0,
        0,
        0,
        0,
        0,
        0,
        0,
        0,
        0,
        0,
        0,
        0,
        14,
        12,
        0
      ]
    }
  },
  "9": {
    "original": {
      "clean_topk": [
        [
          1,
          0.0
        ],
        [
          2,
          0.0
        ],
        [
          3,
          0.06976744186046512
        ]
      ],
      "clean_rank_list": [
        13,
        135,
        5,
        26,
        3,
        20,
        13,
        56,
        21,
        7,
        108,
        100,
        16,
        7,
        3,
        4,
        15,
        33,
        32,
        52,
        79,
        21,
        233,
        4,
        2,
        17,
        4,
        12,
        16,
        15,
        2,
        3,
        17,
        13,
        22,
        15,
        3,
        4,
        4,
        2,
        48,
        48,
        26
      ],
      "intervention_topk": [
        [
          1,
          0.6976744186046512
        ],
        [
          2,
          0.6976744186046512
        ],
        [
          3,
          0.6976744186046512
        ]
      ],
      "intervention_rank_list": [
        0,
        24,
        0,
        0,
        0,
        6,
        4,
        18,
        0,
        0,
        21,
        30,
        0,
        0,
        0,
        0,
        0,
        0,
        6,
        13,
        18,
        9,
        56,
        0,
        0,
        0,
        0,
        0,
        0,
        0,
        0,
        0,
        0,
        0,
        0,
        0,
        0,
        0,
        0,
        0,
        8,
        8,
        0
      ]
    },
    "centred": {
      "clean_topk": [
        [
          1,
          0.0
        ],
        [
          2,
          0.0
        ],
        [
          3,
          0.06976744186046512
        ]
      ],