{
  "7": {
    "original": {
      "clean_topk": [
        [
          1,
          0.0
        ],
        [
          2,
          0.046511627906976744
        ],
        [
          3,
          0.11627906976744186
        ]
      ],
      "clean_rank_list": [
        12,
        3,
        4,
        6,
        1,
        36,
        200,
        108,
        56,
        71,
        4,
        32,
        13,
        15,
        2,
        23,
        17,
        157,
        63,
        7,
        4,
        11,
        4,
        36,
        3,
        10,
        2,
        20,
        24,
        23,
        25,
        4,
        3,
        2,
        33,
        16,
        20,
        13,
        15,
        1,
        233,
        10,
        37
      ],
      "intervention_topk": [
        [
          1,
          0.5348837209302325
        ],
        [
          2,
          0.5813953488372093
        ],
        [
          3,
          0.6046511627906976
        ]
      ],
      "intervention_rank_list": [
        0,
        0,
        0,
        0,
        0,
        18,
        139,
        53,
        37,
        41,
        0,
        11,
        7,
        7,
        0,
        21,
        1,
        50,
        23,
        0,
        0,
        5,
        0,
        15,
        0,
        0,
        0,
        0,
        2,
        0,
        10,
        0,
        0,
        0,
        3,
        0,
        1,
        0,
        0,
        0,
        81,
        0,
        25
      ]
    },
    "centred": {
      "clean_topk": [
        [
          1,
          0.0
        ],
        [
          2,
          0.046511627906976744
        ],
        [
          3,
          0.11627906976744186
        ]
      ],
      "clean_rank_list": [
        12,
        3,
        4,
        6,
        1,
        36,
        200,
        108,
        56,
        71,
        4,
        32,
        13,
        15,
        2,
        23,
        17,
        157,
        63,
        7,
        4,
        11,
        4,
        36,
        3,
        10,
        2,
        20,
        24,
        23,
        25,
        4,
        3,
        2,
        33,
        16,
        20,
        13,
        15,
        1,
        233,
        10,
        37
      ],
      "intervention_topk": [
        [
          1,
          0.627906976744186
        ],
        [
          2,
          0.627906976744186
        ],
        [
          3,
          0.6511627906976745
        ]
      ],
      "intervention_rank_list": [
        0,
        0,
        0,
        0,
        0,
        8,
        97,
        120,
        26,
        46,
        0,
        9,
        9,
        6,
        0,
        57,
        0,
        35,
        11,
        0,
        0,
        2,
        0,
        3,
        0,
        0,
        0,
        0,
        0,
        0,
        5,
        0,
        0,
        0,
        0,
        0,
        0,
        0,
        0,
        0,
        25,
        0,
        19
      ]
    }
  },
  "8": {
    "original": {
      "clean_topk": [
        [
          1,
          0.0
        ],
        [
          2,
          0.046511627906976744
        ],
        [
          3,
          0.11627906976744186
        ]
      ],
      "clean_rank_list": [
        12,
        3,
        4,
        6,
        1,
        36,
        200,
        108,
        56,
        71,
        4,
        32,
        13,
        15,
        2,
        23,
        17,
        157,
        63,
        7,
        4,
        11,
        4,
        36,
        3,
        10,
        2,
        20,
        24,
        23,
        25,
        4,
        3,
        2,
        33,
        16,
        20,
        13,
        15,
        1,
        233,
        10,
        37
      ],
      "intervention_topk": [
        [
          1,
          0.627906976744186
        ],
        [
          2,
          0.627906976744186
        ],
        [
          3,
          0.6511627906976745
        ]
      ],
      "intervention_rank_list": [
        0,
        0,
        0,
        0,
        0,
        11,
        85,
        39,
        23,
        27,
        0,
        8,
        3,
        6,
        0,
        16,
        0,
        33,
        16,
        0,
        0,
        2,
        0,
        12,
        0,
        0,
        0,
        0,
        0,
        0,
        7,
        0,
        0,
        0,
        0,
        0,
        0,
        0,
        0,
        0,
        67,
        0,
        15
      ]
    },
    "centred": {
      "clean_topk": [
        [
          1,
          0.0
        ],
        [
          2,
          0.046511627906976744
        ],
        [
          3,
          0.11627906976744186
        ]
      ],
      "clean_rank_list": [
        12,
        3,
        4,
        6,
        1,
        36,
        200,
        108,
        56,
        71,
        4,
        32,
        13,
        15,
        2,
        23,
        17,
        157,
        63,
        7,
        4,
        11,
        4,
        36,
        3,
        10,
        2,
        20,
        24,
        23,
        25,
        4,
        3,
        2,
        33,
        16,
        20,
        13,
        15,
        1,
        233,
        10,
        37
      ],
      "intervention_topk": [
        [
          1,
          0.627906976744186
        ],
        [
          2,
          0.627906976744186
        ],
        [
          3,
          0.6511627906976745
        ]
      ],
      "intervention_rank_list": [
        0,
        0,
        0,
        0,
        0,
        6,
        61,
        99,
        18,
        27,
        0,
        6,
        10,
        6,
        0,
        36,
        0,
        41,
        9,
        0,
        0,
        2,
        0,
        3,
        0,
        0,
        0,
        0,
        0,
        0,
        4,
        0,
        0,
        0,
        0,
        0,
        0,
        0,
        0,
        0,
        22,
        0,
        12
      ]
    }
  },
  "9": {
    "original": {
      "clean_topk": [
        [
          1,
          0.0
        ],
        [
          2,
          0.046511627906976744
        ],
        [
          3,
          0.11627906976744186
        ]
      ],
      "clean_rank_list": [
        12,
        3,
        4,
        6,
        1,
        36,
        200,
        108,
        56,
        71,
        4,
        32,
        13,
        15,
        2,
        23,
        17,
        157,
        63,
        7,
        4,
        11,
        4,
        36,
        3,
        10,
        2,
        20,
        24,
        23,
        25,
        4,
        3,
        2,
        33,
        16,
        20,
        13,
        15,
        1,
        233,
        10,
        37
      ],
      "intervention_topk": [
        [
          1,
          0.627906976744186
        ],
        [
          2,
          0.6744186046511628
        ],
        [
          3,
          0.6744186046511628
        ]
      ],
      "intervention_rank_list": [
        0,
        0,
        0,
        0,
        0,
        7,
        40,
        22,
        20,
        18,
        0,
        6,
        1,
        5,
        0,
        11,
        0,
        24,
        10,
        0,
        0,
        1,
        0,
        10,
        0,
        0,
        0,
        0,
        0,
        0,
        7,
        0,
        0,
        0,
        0,
        0,
        0,
        0,
        0,
        0,
        56,
        0,
        12
      ]
    },
    "centred": {
      "clean_topk": [
        [
          1,
          0.0
        ],
        [
          2,
          0.046511627906976744
        ],
        [
          3,
          0.11627906976744186
        ]
      ],