{
  "7": {
    "original": {
      "clean_topk": [
        [
          1,
          0.0
        ],
        [
          2,
          0.06976744186046512
        ],
        [
          3,
          0.09302325581395349
        ]
      ],
      "clean_rank_list": [
        1,
        4,
        23,
        7,
        10,
        3,
        15,
        20,
        10,
        14,
        3,
        19,
        80,
        197,
        19,
        2,
        14,
        11,
        5,
        15,
        3,
        11,
        11,
        24,
        4,
        14,
        77,
        41,
        20,
        28,
        8,
        36,
        64,
        4,
        1,
        1,
        19,
        18,
        28,
        32,
        15,
        21,
        157
      ],
      "intervention_topk": [
        [
          1,
          0.5813953488372093
        ],
        [
          2,
          0.6511627906976745
        ],
        [
          3,
          0.6744186046511628
        ]
      ],
      "intervention_rank_list": [
        0,
        0,
        0,
        0,
        0,
        0,
        0,
        1,
        0,
        0,
        0,
        10,
        28,
        59,
        0,
        0,
        0,
        5,
        0,
        0,
        0,
        0,
        5,
        2,
        0,
        0,
        23,
        19,
        1,
        16,
        0,
        18,
        18,
        0,
        0,
        0,
        0,
        13,
        22,
        1,
        0,
        13,
        50
      ]
    },
    "centred": {
      "clean_topk": [
        [
          1,
          0.0
        ],
        [
          2,
          0.06976744186046512
        ],
        [
          3,
          0.09302325581395349
        ]
      ],
      "clean_rank_list": [
        1,
        4,
        23,
        7,
        10,
        3,
        15,
        20,
        10,
        14,
        3,
        19,
        80,
        197,
        19,
        2,
        14,
        11,
        5,
        15,
        3,
        11,
        11,
        24,
        4,
        14,
        77,
        41,
        20,
        28,
        8,
        36,
        64,
        4,
        1,
        1,
        19,
        18,
        28,
        32,
        15,
        21,
        157
      ],
      "intervention_topk": [
        [
          1,
          0.6744186046511628
        ],
        [
          2,
          0.6744186046511628
        ],
        [
          3,
          0.6976744186046512
        ]
      ],
      "intervention_rank_list": [
        0,
        0,
        0,
        0,
        0,
        0,
        0,
        0,
        0,
        0,
        0,
        7,
        24,
        49,
        0,
        0,
        0,
        2,
        0,
        0,
        0,
        0,
        4,
        0,
        0,
        0,
        12,
        14,
        0,
        20,
        0,
        8,
        5,
        0,
        0,
        0,
        0,
        5,
        18,
        0,
        0,
        14,
        35
      ]
    }
  },
  "8": {
    "original": {
      "clean_topk": [
        [
          1,
          0.0
        ],
        [
          2,
          0.06976744186046512
        ],
        [
          3,
          0.09302325581395349
        ]
      ],
      "clean_rank_list": [
        1,
        4,
        23,
        7,
        10,
        3,
        15,
        20,
        10,
        14,
        3,
        19,
        80,
        197,
        19,
        2,
        14,
        11,
        5,
        15,
        3,
        11,
        11,
        24,
        4,
        14,
        77,
        41,
        20,
        28,
        8,
        36,
        64,
        4,
        1,
        1,
        19,
        18,
        28,
        32,
        15,
        21,
        157
      ],
      "intervention_topk": [
        [
          1,
          0.6744186046511628
        ],
        [
          2,
          0.6744186046511628
        ],
        [
          3,
          0.6976744186046512
        ]
      ],
      "intervention_rank_list": [
        0,
        0,
        0,
        0,
        0,
        0,
        0,
        0,
        0,
        0,
        0,
        9,
        17,
        50,
        0,
        0,
        0,
        2,
        0,
        0,
        0,
        0,
        3,
        0,
        0,
        0,
        17,
        14,
        0,
        13,
        0,
        9,
        12,
        0,
        0,
        0,
        0,
        8,
        19,
        0,
        0,
        11,
        32
      ]
    },
    "centred": {
      "clean_topk": [
        [
          1,
          0.0
        ],
        [
          2,
          0.06976744186046512
        ],
        [
          3,
          0.09302325581395349
        ]
      ],
      "clean_rank_list": [
        1,
        4,
        23,
        7,
        10,
        3,
        15,
        20,
        10,
        14,
        3,
        19,
        80,
        197,
        19,
        2,
        14,
        11,
        5,
        15,
        3,
        11,
        11,
        24,
        4,
        14,
        77,
        41,
        20,
        28,
        8,
        36,
        64,
        4,
        1,
        1,
        19,
        18,
        28,
        32,
        15,
        21,
        157
      ],
      "intervention_topk": [
        [
          1,
          0.6744186046511628
        ],
        [
          2,
          0.6744186046511628
        ],
        [
          3,
          0.7209302325581395
        ]
      ],
      "intervention_rank_list": [
        0,
        0,
        0,
        0,
        0,
        0,
        0,
        0,
        0,
        0,
        0,
        7,
        20,
        35,
        0,
        0,
        0,
        2,
        0,
        0,
        0,
        0,
        3,
        0,
        0,
        0,
        10,
        12,
        0,
        14,
        0,
        6,
        4,
        0,
        0,
        0,
        0,
        2,
        14,
        0,
        0,
        10,
        41
      ]
    }
  },
  "9": {
    "original": {
      "clean_topk": [
        [
          1,
          0.0
        ],
        [
          2,
          0.06976744186046512
        ],
        [
          3,
          0.09302325581395349
        ]
      ],
      "clean_rank_list": [
        1,
        4,
        23,
        7,
        10,
        3,
        15,
        20,
        10,
        14,
        3,
        19,
        80,
        197,
        19,
        2,
        14,
        11,
        5,
        15,
        3,
        11,
        11,
        24,
        4,
        14,
        77,
        41,
        20,
        28,
        8,
        36,
        64,
        4,
        1,
        1,
        19,
        18,
        28,
        32,
        15,
        21,
        157
      ],
      "intervention_topk": [
        [
          1,
          0.6744186046511628
        ],
        [
          2,
          0.6976744186046512
        ],
        [
          3,
          0.7209302325581395
        ]
      ],
      "intervention_rank_list": [
        0,
        0,
        0,
        0,
        0,
        0,
        0,
        0,
        0,
        0,
        0,
        8,
        14,
        28,
        0,
        0,
        0,
        1,
        0,
        0,
        0,
        0,
        2,
        0,
        0,
        0,
        11,
        9,
        0,
        7,
        0,
        7,
        8,
        0,
        0,
        0,
        0,
        6,
        14,
        0,
        0,
        9,
        23
      ]
    },
    "centred": {
      "clean_topk": [
        [
          1,
          0.0
        ],
        [
          2,
          0.06976744186046512
        ],
        [
          3,
          0.09302325581395349
        ]
      ],