{
  "12": {
    "original": {
      "clean_topk": [
        [
          1,
          0.03333333333333333
        ],
        [
          2,
          0.03333333333333333
        ],
        [
          3,
          0.05
        ]
      ],
      "clean_rank_list": [
        490,
        2,
        6,
        114,
        81,
        123,
        51,
        235,
        82,
        20,
        16,
        387,
        134,
        492,
        30,
        24,
        95,
        5,
        106,
        481,
        18,
        1959,
        406,
        208,
        10,
        209,
        85,
        48,
        46,
        178,
        176,
        58,
        0,
        132,
        134,
        67,
        309,
        8,
        347,
        33,
        147,
        0,
        230,
        2645,
        73,
        245,
        69,
        40,
        137,
        100,
        27,
        219,
        226,
        66,
        211,
        60,
        27,
        13,
        35,
        99
      ],
      "intervention_topk": [
        [
          1,
          0.05
        ],
        [
          2,
          0.7
        ],
        [
          3,
          0.9
        ]
      ],
      "intervention_rank_list": [
        2,
        0,
        1,
        1,
        1,
        1,
        1,
        1,
        1,
        1,
        1,
        4,
        1,
        10,
        1,
        1,
        2,
        1,
        1,
        2,
        1,
        42,
        2,
        2,
        2,
        1,
        1,
        1,
        1,
        1,
        1,
        1,
        0,
        1,
        1,
        2,
        1,
        1,
        3,
        1,
        2,
        0,
        6,
        15,
        1,
        1,
        1,
        2,
        1,
        1,
        2,
        2,
        1,
        1,
        1,
        2,
        1,
        1,
        1,
        1
      ]
    },
    "centred": {
      "clean_topk": [
        [
          1,
          0.03333333333333333
        ],
        [
          2,
          0.03333333333333333
        ],
        [
          3,
          0.05
        ]
      ],
      "clean_rank_list": [
        490,
        2,
        6,
        114,
        81,
        123,
        51,
        235,
        82,
        20,
        16,
        387,
        134,
        492,
        30,
        24,
        95,
        5,
        106,
        481,
        18,
        1959,
        406,
        208,
        10,
        209,
        85,
        48,
        46,
        178,
        176,
        58,
        0,
        132,
        134,
        67,
        309,
        8,
        347,
        33,
        147,
        0,
        230,
        2645,
        73,
        245,
        69,
        40,
        137,
        100,
        27,
        219,
        226,
        66,
        211,
        60,
        27,
        13,
        35,
        99
      ],
      "intervention_topk": [
        [
          1,
          0.03333333333333333
        ],
        [
          2,
          0.5
        ],
        [
          3,
          0.7
        ]
      ],
      "intervention_rank_list": [
        4,
        2,
        1,
        1,
        1,
        1,
        1,
        1,
        1,
        2,
        1,
        12,
        2,
        15,
        3,
        1,
        4,
        1,
        3,
        2,
        1,
        36,
        3,
        2,
        2,
        2,
        1,
        1,
        1,
        3,
        1,
        1,
        0,
        1,
        2,
        4,
        6,
        1,
        7,
        2,
        2,
        0,
        21,
        37,
        1,
        1,
        3,
        3,
        1,
        1,
        2,
        3,
        1,
        1,
        1,
        3,
        1,
        1,
        2,
        1
      ]
    }
  }
}