{
  "12": {
    "original": {
      "clean_topk": [
        [
          1,
          0.03389830508474576
        ],
        [
          2,
          0.03389830508474576
        ],
        [
          3,
          0.03389830508474576
        ]
      ],
      "clean_rank_list": [
        28,
        178,
        177,
        30,
        59,
        169,
        111,
        114,
        83,
        32,
        58,
        34,
        585,
        43,
        53,
        28,
        88,
        15,
        73,
        24,
        58,
        2645,
        241,
        8401,
        81,
        82,
        0,
        18,
        131,
        108,
        274,
        26,
        70,
        40,
        232,
        13,
        90,
        387,
        481,
        66,
        52,
        406,
        32,
        219,
        160,
        134,
        211,
        548,
        10,
        100,
        123,
        14,
        12,
        48,
        49,
        82,
        0,
        2954,
        120
      ],
      "intervention_topk": [
        [
          1,
          0.03389830508474576
        ],
        [
          2,
          0.7627118644067796
        ],
        [
          3,
          0.9152542372881356
        ]
      ],
      "intervention_rank_list": [
        1,
        1,
        1,
        2,
        1,
        1,
        1,
        1,
        1,
        1,
        1,
        1,
        2,
        1,
        1,
        1,
        1,
        1,
        1,
        1,
        1,
        15,
        2,
        312,
        1,
        1,
        0,
        1,
        2,
        1,
        2,
        1,
        1,
        2,
        1,
        1,
        1,
        4,
        2,
        1,
        1,
        2,
        1,
        2,
        1,
        1,
        1,
        16,
        1,
        1,
        1,
        1,
        1,
        1,
        1,
        1,
        0,
        79,
        1
      ]
    },
    "centred": {
      "clean_topk": [
        [
          1,
          0.03389830508474576
        ],
        [
          2,
          0.03389830508474576
        ],
        [
          3,
          0.03389830508474576
        ]
      ],
      "clean_rank_list": [
        28,
        178,
        177,
        30,
        59,
        169,
        111,
        114,
        83,
        32,
        58,
        34,
        585,
        43,
        53,
        28,
        88,
        15,
        73,
        24,
        58,
        2645,
        241,
        8401,
        81,
        82,
        0,
        18,
        131,
        108,
        274,
        26,
        70,
        40,
        232,
        13,
        90,
        387,
        481,
        66,
        52,
        406,
        32,
        219,
        160,
        134,
        211,
        548,
        10,
        100,
        123,
        14,
        12,
        48,
        49,
        82,
        0,
        2954,
        120
      ],
      "intervention_topk": [
        [
          1,
          0.03389830508474576
        ],
        [
          2,
          0.576271186440678
        ],
        [
          3,
          0.7627118644067796
        ]
      ],
      "intervention_rank_list": [
        2,
        4,
        1,
        1,
        1,
        1,
        1,
        1,
        1,
        1,
        5,
        2,
        5,
        1,
        1,
        2,
        1,
        1,
        1,
        1,
        1,
        37,
        1,
        330,
        1,
        1,
        0,
        1,
        2,
        1,
        14,
        2,
        1,
        3,
        2,
        2,
        2,
        12,
        2,
        1,
        1,
        3,
        1,
        3,
        6,
        2,
        1,
        38,
        2,
        1,
        1,
        1,
        1,
        1,
        1,
        1,
        0,
        110,
        3
      ]
    }
  }
}