{
  "9": {
    "original": {
      "clean_topk": [
        [
          1,
          0.27906976744186046
        ],
        [
          2,
          0.3023255813953488
        ],
        [
          3,
          0.32558139534883723
        ]
      ],
      "clean_rank_list": [
        40,
        4,
        36,
        116,
        60,
        0,
        64,
        15,
        2,
        44,
        32,
        166,
        65,
        23,
        0,
        65,
        0,
        0,
        0,
        0,
        405,
        0,
        184,
        3,
        172,
        56,
        9,
        1,
        69,
        0,
        4,
        11,
        9,
        0,
        159,
        135,
        0,
        0,
        0,
        115,
        18,
        22,
        4
      ],
      "intervention_topk": [
        [
          1,
          0.3023255813953488
        ],
        [
          2,
          0.5581395348837209
        ],
        [
          3,
          0.6976744186046512
        ]
      ],
      "intervention_rank_list": [
        1,
        1,
        3,
        7,
        5,
        0,
        1,
        3,
        0,
        2,
        1,
        12,
        5,
        2,
        0,
        3,
        0,
        0,
        0,
        0,
        19,
        0,
        2,
        1,
        5,
        2,
        2,
        1,
        8,
        0,
        1,
        1,
        1,
        0,
        8,
        4,
        0,
        0,
        0,
        2,
        1,
        3,
        1
      ]
    },
    "centred": {
      "clean_topk": [
        [
          1,
          0.27906976744186046
        ],
        [
          2,
          0.3023255813953488
        ],
        [
          3,
          0.32558139534883723
        ]
      ],
      "clean_rank_list": [
        40,
        4,
        36,
        116,
        60,
        0,
        64,
        15,
        2,
        44,
        32,
        166,
        65,
        23,
        0,
        65,
        0,
        0,
        0,
        0,
        405,
        0,
        184,
        3,
        172,
        56,
        9,
        1,
        69,
        0,
        4,
        11,
        9,
        0,
        159,
        135,
        0,
        0,
        0,
        115,
        18,
        22,
        4
      ],
      "intervention_topk": [
        [
          1,
          0.3023255813953488
        ],
        [
          2,
          0.5348837209302325
        ],
        [
          3,
          0.627906976744186
        ]
      ],
      "intervention_rank_list": [
        2,
        1,
        4,
        15,
        10,
        0,
        1,
        3,
        0,
        3,
        1,
        17,
        7,
        2,
        0,
        5,
        0,
        0,
        0,
        0,
        28,
        0,
        2,
        1,
        6,
        4,
        3,
        1,
        8,
        0,
        1,
        1,
        1,
        0,
        12,
        13,
        0,
        0,
        0,
        5,
        1,
        2,
        1
      ]
    }
  }
}