{
  "9": {
    "original": {
      "clean_topk": [
        [
          1,
          0.18604651162790697
        ],
        [
          2,
          0.18604651162790697
        ],
        [
          3,
          0.18604651162790697
        ]
      ],
      "clean_rank_list": [
        4,
        39,
        347,
        159,
        25,
        22,
        0,
        20,
        56,
        12,
        0,
        0,
        31,
        9,
        75,
        7,
        115,
        29,
        0,
        0,
        11,
        416,
        40,
        3,
        47,
        21,
        57,
        65,
        12,
        5,
        85,
        3,
        0,
        0,
        58,
        11,
        14,
        32,
        9,
        22,
        4021,
        0,
        32
      ],
      "intervention_topk": [
        [
          1,
          0.20930232558139536
        ],
        [
          2,
          0.5348837209302325
        ],
        [
          3,
          0.7209302325581395
        ]
      ],
      "intervention_rank_list": [
        1,
        4,
        6,
        9,
        1,
        2,
        0,
        2,
        2,
        1,
        0,
        0,
        1,
        1,
        2,
        1,
        2,
        2,
        0,
        0,
        1,
        49,
        2,
        1,
        6,
        5,
        4,
        4,
        1,
        1,
        6,
        0,
        0,
        0,
        6,
        1,
        1,
        1,
        2,
        3,
        1003,
        0,
        1
      ]
    },
    "centred": {
      "clean_topk": [
        [
          1,
          0.18604651162790697
        ],
        [
          2,
          0.18604651162790697
        ],
        [
          3,
          0.18604651162790697
        ]
      ],
      "clean_rank_list": [
        4,
        39,
        347,
        159,
        25,
        22,
        0,
        20,
        56,
        12,
        0,
        0,
        31,
        9,
        75,
        7,
        115,
        29,
        0,
        0,
        11,
        416,
        40,
        3,
        47,
        21,
        57,
        65,
        12,
        5,
        85,
        3,
        0,
        0,
        58,
        11,
        14,
        32,
        9,
        22,
        4021,
        0,
        32
      ],
      "intervention_topk": [
        [
          1,
          0.20930232558139536
        ],
        [
          2,
          0.4883720930232558
        ],
        [
          3,
          0.5348837209302325
        ]
      ],
      "intervention_rank_list": [
        1,
        6,
        18,
        16,
        5,
        1,
        0,
        2,
        4,
        1,
        0,
        0,
        1,
        1,
        3,
        1,
        4,
        3,
        0,
        0,
        1,
        61,
        3,
        1,
        10,
        4,
        6,
        7,
        1,
        1,
        4,
        0,
        0,
        0,
        10,
        1,
        1,
        3,
        3,
        2,
        847,
        0,
        3
      ]
    }
  }
}