{
  "17": {
    "original": {
      "clean_topk": [
        [
          1,
          0.047619047619047616
        ],
        [
          2,
          0.047619047619047616
        ],
        [
          3,
          0.047619047619047616
        ]
      ],
      "clean_rank_list": [
        51,
        21,
        11,
        10,
        229,
        11,
        117,
        7,
        21,
        34,
        18,
        324,
        119,
        53,
        32,
        42,
        3,
        55,
        23,
        33,
        36,
        78,
        6,
        26,
        313,
        24,
        0,
        18,
        107,
        441,
        19,
        84,
        84,
        8,
        17,
        9,
        158,
        21,
        64,
        12,
        0,
        16
      ],
      "intervention_topk": [
        [
          1,
          0.2857142857142857
        ],
        [
          2,
          0.4523809523809524
        ],
        [
          3,
          0.5952380952380952
        ]
      ],
      "intervention_rank_list": [
        1,
        1,
        0,
        0,
        1,
        0,
        2,
        0,
        7,
        0,
        1,
        56,
        11,
        3,
        2,
        7,
        0,
        1,
        1,
        2,
        10,
        6,
        0,
        3,
        65,
        2,
        0,
        4,
        26,
        124,
        2,
        4,
        27,
        1,
        0,
        0,
        32,
        10,
        4,
        0,
        0,
        2
      ]
    },
    "centred": {
      "clean_topk": [
        [
          1,
          0.047619047619047616
        ],
        [
          2,
          0.047619047619047616
        ],
        [
          3,
          0.047619047619047616
        ]
      ],
      "clean_rank_list": [
        51,
        21,
        11,
        10,
        229,
        11,
        117,
        7,
        21,
        34,
        18,
        324,
        119,
        53,
        32,
        42,
        3,
        55,
        23,
        33,
        36,
        78,
        6,
        26,
        313,
        24,
        0,
        18,
        107,
        441,
        19,
        84,
        84,
        8,
        17,
        9,
        158,
        21,
        64,
        12,
        0,
        16
      ],
      "intervention_topk": [
        [
          1,
          0.5476190476190477
        ],
        [
          2,
          0.6666666666666666
        ],
        [
          3,
          0.8095238095238095
        ]
      ],
      "intervention_rank_list": [
        2,
        0,
        0,
        0,
        1,
        0,
        1,
        0,
        5,
        0,
        0,
        10,
        11,
        0,
        0,
        0,
        0,
        0,
        0,
        1,
        3,
        2,
        0,
        2,
        7,
        0,
        0,
        1,
        2,
        44,
        1,
        2,
        9,
        0,
        0,
        0,
        4,
        0,
        2,
        0,
        0,
        0
      ]
    }
  },
  "18": {
    "original": {
      "clean_topk": [
        [
          1,
          0.047619047619047616
        ],
        [
          2,
          0.047619047619047616
        ],
        [
          3,
          0.047619047619047616
        ]
      ],
      "clean_rank_list": [
        51,
        21,
        11,
        10,
        229,
        11,
        117,
        7,
        21,
        34,
        18,
        324,
        119,
        53,
        32,
        42,
        3,
        55,
        23,
        33,
        36,
        78,
        6,
        26,
        313,
        24,
        0,
        18,
        107,
        441,
        19,
        84,
        84,
        8,
        17,
        9,
        158,
        21,
        64,
        12,
        0,
        16
      ],
      "intervention_topk": [
        [
          1,
          0.21428571428571427
        ],
        [
          2,
          0.38095238095238093
        ],
        [
          3,
          0.47619047619047616
        ]
      ],
      "intervention_rank_list": [
        2,
        1,
        1,
        0,
        3,
        0,
        3,
        0,
        10,
        0,
        2,
        75,
        15,
        6,
        3,
        9,
        1,
        1,
        1,
        5,
        12,
        11,
        0,
        6,
        103,
        2,
        0,
        5,
        35,
        184,
        2,
        5,
        23,
        1,
        0,
        1,
        45,
        11,
        5,
        0,
        0,
        3
      ]
    },
    "centred": {
      "clean_topk": [
        [
          1,
          0.047619047619047616
        ],
        [
          2,
          0.047619047619047616
        ],
        [
          3,
          0.047619047619047616
        ]
      ],
      "clean_rank_list": [
        51,
        21,
        11,
        10,
        229,
        11,
        117,
        7,
        21,
        34,
        18,
        324,
        119,
        53,
        32,
        42,
        3,
        55,
        23,
        33,
        36,
        78,
        6,
        26,
        313,
        24,
        0,
        18,
        107,
        441,
        19,
        84,
        84,
        8,
        17,
        9,
        158,
        21,
        64,
        12,
        0,
        16
      ],
      "intervention_topk": [
        [
          1,
          0.5238095238095238
        ],
        [
          2,
          0.6904761904761905
        ],
        [
          3,
          0.7619047619047619
        ]
      ],
      "intervention_rank_list": [
        1,
        0,
        0,
        0,
        1,
        0,
        2,
        0,
        5,
        0,
        0,
        26,
        11,
        0,
        0,
        0,
        0,
        0,
        0,
        1,
        3,
        1,
        0,
        2,
        27,
        1,
        0,
        1,
        11,
        57,
        1,
        2,
        15,
        0,
        0,
        0,
        9,
        0,
        4,
        0,
        0,
        0
      ]
    }
  }
}