{
  "9": {
    "original": {
      "clean_topk": [
        [
          1,
          0.01694915254237288
        ],
        [
          2,
          0.01694915254237288
        ],
        [
          3,
          0.01694915254237288
        ]
      ],
      "clean_rank_list": [
        212,
        61,
        0,
        134,
        425,
        59,
        27,
        169,
        225,
        81,
        108,
        49,
        465,
        134,
        36,
        14,
        226,
        59,
        95,
        235,
        129,
        44,
        34,
        13,
        32,
        2224,
        3963,
        49,
        563,
        322,
        123,
        8,
        53,
        51,
        14,
        15,
        48,
        1959,
        59,
        83,
        108,
        212,
        232,
        111,
        206,
        33,
        30,
        137,
        230,
        27,
        160,
        586,
        207,
        11,
        60,
        35,
        58,
        339,
        5159
      ],
      "intervention_topk": [
        [
          1,
          0.01694915254237288
        ],
        [
          2,
          0.13559322033898305
        ],
        [
          3,
          0.22033898305084745
        ]
      ],
      "intervention_rank_list": [
        17,
        5,
        0,
        6,
        12,
        4,
        1,
        2,
        18,
        8,
        7,
        3,
        17,
        13,
        2,
        2,
        10,
        3,
        4,
        8,
        15,
        3,
        3,
        3,
        1,
        140,
        794,
        10,
        79,
        13,
        9,
        1,
        5,
        1,
        2,
        1,
        1,
        203,
        3,
        7,
        8,
        18,
        11,
        7,
        26,
        2,
        7,
        16,
        40,
        6,
        13,
        27,
        12,
        1,
        3,
        4,
        3,
        28,
        611
      ]
    },
    "centred": {
      "clean_topk": [
        [
          1,
          0.01694915254237288
        ],
        [
          2,
          0.01694915254237288
        ],
        [
          3,
          0.01694915254237288
        ]
      ],
      "clean_rank_list": [
        212,
        61,
        0,
        134,
        425,
        59,
        27,
        169,
        225,
        81,
        108,
        49,
        465,
        134,
        36,
        14,
        226,
        59,
        95,
        235,
        129,
        44,
        34,
        13,
        32,
        2224,
        3963,
        49,
        563,
        322,
        123,
        8,
        53,
        51,
        14,
        15,
        48,
        1959,
        59,
        83,
        108,
        212,
        232,
        111,
        206,
        33,
        30,
        137,
        230,
        27,
        160,
        586,
        207,
        11,
        60,
        35,
        58,
        339,
        5159
      ],
      "intervention_topk": [
        [
          1,
          0.01694915254237288
        ],
        [
          2,
          0.11864406779661017
        ],
        [
          3,
          0.23728813559322035
        ]
      ],
      "intervention_rank_list": [
        15,
        7,
        0,
        8,
        10,
        3,
        2,
        2,
        52,
        10,
        9,
        3,
        28,
        7,
        1,
        3,
        4,
        2,
        8,
        9,
        21,
        11,
        2,
        3,
        2,
        235,
        1092,
        20,
        180,
        17,
        9,
        1,
        18,
        1,
        3,
        1,
        2,
        176,
        1,
        9,
        7,
        13,
        30,
        5,
        39,
        1,
        10,
        18,
        63,
        5,
        21,
        26,
        22,
        3,
        3,
        2,
        4,
        31,
        1730
      ]
    }
  }
}