{
  "9": {
    "original": {
      "clean_topk": [
        [
          1,
          0.03333333333333333
        ],
        [
          2,
          0.03333333333333333
        ],
        [
          3,
          0.03333333333333333
        ]
      ],
      "clean_rank_list": [
        66,
        134,
        39,
        133,
        1192,
        28,
        61,
        181,
        246,
        505,
        339,
        54,
        9,
        20,
        442,
        58,
        89,
        147,
        40,
        1261,
        3963,
        0,
        27,
        4082,
        30,
        92,
        80,
        22,
        52,
        12,
        178,
        490,
        3421,
        73,
        230,
        165,
        2224,
        913,
        24,
        81,
        59,
        492,
        34,
        32,
        15,
        135,
        32,
        0,
        176,
        245,
        6,
        269,
        206,
        51,
        384,
        187,
        524,
        428,
        114,
        55
      ],
      "intervention_topk": [
        [
          1,
          0.03333333333333333
        ],
        [
          2,
          0.2
        ],
        [
          3,
          0.26666666666666666
        ]
      ],
      "intervention_rank_list": [
        5,
        13,
        4,
        13,
        61,
        2,
        4,
        4,
        16,
        70,
        28,
        1,
        1,
        5,
        34,
        7,
        2,
        20,
        4,
        113,
        788,
        0,
        2,
        506,
        6,
        3,
        7,
        1,
        1,
        1,
        21,
        45,
        501,
        6,
        42,
        4,
        142,
        125,
        1,
        4,
        3,
        30,
        4,
        1,
        1,
        8,
        2,
        0,
        3,
        9,
        1,
        12,
        27,
        5,
        14,
        10,
        32,
        34,
        4,
        1
      ]
    },
    "centred": {
      "clean_topk": [
        [
          1,
          0.03333333333333333
        ],
        [
          2,
          0.03333333333333333
        ],
        [
          3,
          0.03333333333333333
        ]
      ],
      "clean_rank_list": [
        66,
        134,
        39,
        133,
        1192,
        28,
        61,
        181,
        246,
        505,
        339,
        54,
        9,
        20,
        442,
        58,
        89,
        147,
        40,
        1261,
        3963,
        0,
        27,
        4082,
        30,
        92,
        80,
        22,
        52,
        12,
        178,
        490,
        3421,
        73,
        230,
        165,
        2224,
        913,
        24,
        81,
        59,
        492,
        34,
        32,
        15,
        135,
        32,
        0,
        176,
        245,
        6,
        269,
        206,
        51,
        384,
        187,
        524,
        428,
        114,
        55
      ],
      "intervention_topk": [
        [
          1,
          0.03333333333333333
        ],
        [
          2,
          0.13333333333333333
        ],
        [
          3,
          0.23333333333333334
        ]
      ],
      "intervention_rank_list": [
        9,
        8,
        5,
        9,
        139,
        5,
        9,
        7,
        21,
        103,
        29,
        7,
        4,
        4,
        123,
        6,
        2,
        41,
        2,
        145,
        1048,
        0,
        2,
        427,
        9,
        3,
        8,
        1,
        1,
        1,
        15,
        24,
        853,
        10,
        68,
        13,
        236,
        176,
        1,
        2,
        2,
        40,
        3,
        3,
        3,
        13,
        2,
        0,
        6,
        11,
        1,
        13,
        41,
        4,
        26,
        13,
        49,
        37,
        8,
        1
      ]
    }
  }
}