{
  "9": {
    "original": {
      "clean_topk": [
        [
          1,
          0.03508771929824561
        ],
        [
          2,
          0.03508771929824561
        ],
        [
          3,
          0.03508771929824561
        ]
      ],
      "clean_rank_list": [
        147,
        14,
        48,
        40,
        230,
        632,
        28,
        18,
        0,
        99,
        123,
        131,
        122,
        50,
        36,
        12,
        206,
        9,
        100,
        309,
        100,
        346,
        34,
        55,
        20,
        80,
        220,
        66,
        442,
        549,
        2224,
        7,
        82,
        394,
        32,
        18,
        120,
        0,
        82,
        143,
        32,
        94,
        187,
        68,
        147,
        9,
        33,
        230,
        10,
        242,
        55,
        5,
        134,
        120,
        51,
        13,
        73
      ],
      "intervention_topk": [
        [
          1,
          0.03508771929824561
        ],
        [
          2,
          0.19298245614035087
        ],
        [
          3,
          0.3157894736842105
        ]
      ],
      "intervention_rank_list": [
        19,
        2,
        1,
        4,
        14,
        24,
        3,
        1,
        0,
        15,
        9,
        13,
        3,
        4,
        2,
        1,
        26,
        2,
        1,
        13,
        5,
        7,
        3,
        1,
        5,
        7,
        23,
        5,
        35,
        54,
        128,
        2,
        4,
        46,
        2,
        1,
        2,
        0,
        3,
        8,
        5,
        9,
        10,
        4,
        6,
        2,
        4,
        39,
        1,
        15,
        9,
        1,
        6,
        15,
        1,
        3,
        6
      ]
    },
    "centred": {
      "clean_topk": [
        [
          1,
          0.03508771929824561
        ],
        [
          2,
          0.03508771929824561
        ],
        [
          3,
          0.03508771929824561
        ]
      ],
      "clean_rank_list": [
        147,
        14,
        48,
        40,
        230,
        632,
        28,
        18,
        0,
        99,
        123,
        131,
        122,
        50,
        36,
        12,
        206,
        9,
        100,
        309,
        100,
        346,
        34,
        55,
        20,
        80,
        220,
        66,
        442,
        549,
        2224,
        7,
        82,
        394,
        32,
        18,
        120,
        0,
        82,
        143,
        32,
        94,
        187,
        68,
        147,
        9,
        33,
        230,
        10,
        242,
        55,
        5,
        134,
        120,
        51,
        13,
        73
      ],
      "intervention_topk": [
        [
          1,
          0.03508771929824561
        ],
        [
          2,
          0.17543859649122806
        ],
        [
          3,
          0.24561403508771928
        ]
      ],
      "intervention_rank_list": [
        38,
        3,
        2,
        3,
        16,
        64,
        3,
        1,
        0,
        10,
        9,
        18,
        3,
        7,
        1,
        1,
        40,
        2,
        9,
        17,
        9,
        9,
        2,
        1,
        4,
        9,
        56,
        9,
        120,
        34,
        208,
        2,
        4,
        169,
        3,
        1,
        3,
        0,
        10,
        16,
        4,
        23,
        13,
        4,
        26,
        4,
        5,
        63,
        1,
        50,
        11,
        1,
        8,
        23,
        1,
        3,
        10
      ]
    }
  }
}