{
  "14": {
    "original": {
      "clean_topk": [
        [
          1,
          0.16279069767441862
        ],
        [
          2,
          0.20930232558139536
        ],
        [
          3,
          0.2558139534883721
        ]
      ],
      "clean_rank_list": [
        46,
        13,
        13,
        12,
        7,
        19,
        10,
        1,
        416,
        18,
        407,
        0,
        0,
        22,
        96,
        167,
        2,
        12,
        12,
        15,
        0,
        1,
        70,
        0,
        209,
        56,
        78,
        0,
        51,
        38,
        65,
        39,
        29,
        21,
        2,
        184,
        12,
        0,
        96,
        40,
        5,
        36,
        0
      ],
      "intervention_topk": [
        [
          1,
          0.3023255813953488
        ],
        [
          2,
          0.8837209302325582
        ],
        [
          3,
          0.9069767441860465
        ]
      ],
      "intervention_rank_list": [
        1,
        1,
        0,
        1,
        1,
        1,
        1,
        0,
        1,
        1,
        1,
        0,
        0,
        0,
        1,
        1,
        1,
        4,
        0,
        6,
        0,
        1,
        6,
        0,
        1,
        1,
        7,
        0,
        1,
        0,
        2,
        1,
        1,
        1,
        1,
        1,
        0,
        0,
        1,
        1,
        1,
        1,
        0
      ]
    },
    "centred": {
      "clean_topk": [
        [
          1,
          0.16279069767441862
        ],
        [
          2,
          0.20930232558139536
        ],
        [
          3,
          0.2558139534883721
        ]
      ],
      "clean_rank_list": [
        46,
        13,
        13,
        12,
        7,
        19,
        10,
        1,
        416,
        18,
        407,
        0,
        0,
        22,
        96,
        167,
        2,
        12,
        12,
        15,
        0,
        1,
        70,
        0,
        209,
        56,
        78,
        0,
        51,
        38,
        65,
        39,
        29,
        21,
        2,
        184,
        12,
        0,
        96,
        40,
        5,
        36,
        0
      ],
      "intervention_topk": [
        [
          1,
          0.20930232558139536
        ],
        [
          2,
          0.813953488372093
        ],
        [
          3,
          0.9069767441860465
        ]
      ],
      "intervention_rank_list": [
        1,
        1,
        1,
        1,
        1,
        1,
        1,
        0,
        2,
        1,
        1,
        0,
        0,
        1,
        1,
        1,
        1,
        2,
        0,
        3,
        0,
        1,
        6,
        0,
        1,
        1,
        3,
        0,
        1,
        1,
        3,
        1,
        2,
        2,
        1,
        1,
        1,
        0,
        1,
        1,
        1,
        1,
        0
      ]
    }
  },
  "15": {
    "original": {
      "clean_topk": [
        [
          1,
          0.16279069767441862
        ],
        [
          2,
          0.20930232558139536
        ],
        [
          3,
          0.2558139534883721
        ]
      ],
      "clean_rank_list": [
        46,
        13,
        13,
        12,
        7,
        19,
        10,
        1,
        416,
        18,
        407,
        0,
        0,
        22,
        96,
        167,
        2,
        12,
        12,
        15,
        0,
        1,
        70,
        0,
        209,
        56,
        78,
        0,
        51,
        38,
        65,
        39,
        29,
        21,
        2,
        184,
        12,
        0,
        96,
        40,
        5,
        36,
        0
      ],
      "intervention_topk": [
        [
          1,
          0.3953488372093023
        ],
        [
          2,
          0.8837209302325582
        ],
        [
          3,
          0.9069767441860465
        ]
      ],
      "intervention_rank_list": [
        1,
        1,
        0,
        1,
        1,
        0,
        1,
        0,
        1,
        1,
        1,
        0,
        0,
        0,
        0,
        1,
        1,
        3,
        0,
        4,
        0,
        1,
        5,
        0,
        1,
        1,
        6,
        0,
        1,
        0,
        2,
        1,
        1,
        1,
        1,
        1,
        0,
        0,
        0,
        1,
        1,
        0,
        0
      ]
    },
    "centred": {
      "clean_topk": [
        [
          1,
          0.16279069767441862
        ],
        [
          2,
          0.20930232558139536
        ],
        [
          3,
          0.2558139534883721
        ]
      ],
      "clean_rank_list": [
        46,
        13,
        13,
        12,
        7,
        19,
        10,
        1,
        416,
        18,
        407,
        0,
        0,
        22,
        96,
        167,
        2,
        12,
        12,
        15,
        0,
        1,
        70,
        0,
        209,
        56,
        78,
        0,
        51,
        38,
        65,
        39,
        29,
        21,
        2,
        184,
        12,
        0,
        96,
        40,
        5,
        36,
        0
      ],
      "intervention_topk": [
        [
          1,
          0.3953488372093023
        ],
        [
          2,
          0.9534883720930233
        ],
        [
          3,
          1.0
        ]
      ],
      "intervention_rank_list": [
        1,
        1,
        0,
        1,
        1,
        0,
        1,
        0,
        1,
        1,
        1,
        0,
        0,
        0,
        1,
        1,
        1,
        1,
        0,
        1,
        0,
        1,
        2,
        0,
        1,
        0,
        1,
        0,
        0,
        0,
        2,
        1,
        1,
        1,
        1,
        1,
        0,
        0,
        0,
        1,
        1,
        1,
        0
      ]
    }
  },
  "16": {
    "original": {
      "clean_topk": [
        [
          1,
          0.16279069767441862
        ],
        [
          2,
          0.20930232558139536
        ],
        [
          3,
          0.2558139534883721
        ]
      ],
      "clean_rank_list": [
        46,
        13,
        13,
        12,
        7,
        19,
        10,
        1,
        416,
        18,
        407,
        0,
        0,
        22,
        96,
        167,
        2,
        12,
        12,
        15,
        0,
        1,
        70,
        0,
        209,
        56,
        78,
        0,
        51,
        38,
        65,
        39,
        29,
        21,
        2,
        184,
        12,
        0,
        96,
        40,
        5,
        36,
        0
      ],
      "intervention_topk": [
        [
          1,
          0.3488372093023256
        ],
        [
          2,
          0.8604651162790697
        ],
        [
          3,
          0.9069767441860465
        ]
      ],
      "intervention_rank_list": [
        1,
        1,
        0,
        1,
        1,
        0,
        2,
        0,
        1,
        1,
        1,
        0,
        0,
        0,
        1,
        1,
        1,
        3,
        0,
        6,
        0,
        0,
        4,
        0,
        1,
        1,
        9,
        0,
        1,
        0,
        2,
        1,
        1,
        1,
        1,
        1,
        0,
        0,
        1,
        1,
        1,
        1,
        0
      ]
    },
    "centred": {
      "clean_topk": [
        [
          1,
          0.16279069767441862
        ],
        [
          2,
          0.20930232558139536
        ],
        [
          3,
          0.2558139534883721
        ]
      ],