{
  "14": {
    "original": {
      "clean_topk": [
        [
          1,
          0.23255813953488372
        ],
        [
          2,
          0.27906976744186046
        ],
        [
          3,
          0.27906976744186046
        ]
      ],
      "clean_rank_list": [
        16,
        447,
        132,
        44,
        0,
        0,
        1,
        29,
        125,
        0,
        1,
        331,
        58,
        0,
        4,
        12,
        12,
        65,
        26,
        0,
        0,
        13,
        14,
        7,
        23,
        0,
        67,
        208,
        56,
        11,
        91,
        209,
        132,
        0,
        56,
        0,
        18,
        12,
        6,
        0,
        4,
        4,
        32
      ],
      "intervention_topk": [
        [
          1,
          0.32558139534883723
        ],
        [
          2,
          0.9302325581395349
        ],
        [
          3,
          0.9767441860465116
        ]
      ],
      "intervention_rank_list": [
        1,
        1,
        1,
        1,
        0,
        0,
        0,
        1,
        1,
        0,
        0,
        1,
        1,
        0,
        1,
        0,
        1,
        2,
        1,
        0,
        0,
        1,
        1,
        0,
        1,
        0,
        1,
        1,
        1,
        1,
        2,
        1,
        1,
        0,
        1,
        0,
        1,
        4,
        1,
        0,
        1,
        1,
        1
      ]
    },
    "centred": {
      "clean_topk": [
        [
          1,
          0.23255813953488372
        ],
        [
          2,
          0.27906976744186046
        ],
        [
          3,
          0.27906976744186046
        ]
      ],
      "clean_rank_list": [
        16,
        447,
        132,
        44,
        0,
        0,
        1,
        29,
        125,
        0,
        1,
        331,
        58,
        0,
        4,
        12,
        12,
        65,
        26,
        0,
        0,
        13,
        14,
        7,
        23,
        0,
        67,
        208,
        56,
        11,
        91,
        209,
        132,
        0,
        56,
        0,
        18,
        12,
        6,
        0,
        4,
        4,
        32
      ],
      "intervention_topk": [
        [
          1,
          0.32558139534883723
        ],
        [
          2,
          0.9302325581395349
        ],
        [
          3,
          0.9534883720930233
        ]
      ],
      "intervention_rank_list": [
        1,
        1,
        1,
        1,
        0,
        0,
        0,
        1,
        1,
        0,
        0,
        1,
        1,
        0,
        1,
        1,
        1,
        3,
        1,
        0,
        0,
        1,
        1,
        0,
        1,
        0,
        1,
        1,
        1,
        1,
        1,
        1,
        3,
        0,
        1,
        0,
        1,
        2,
        1,
        0,
        1,
        1,
        0
      ]
    }
  },
  "15": {
    "original": {
      "clean_topk": [
        [
          1,
          0.23255813953488372
        ],
        [
          2,
          0.27906976744186046
        ],
        [
          3,
          0.27906976744186046
        ]
      ],
      "clean_rank_list": [
        16,
        447,
        132,
        44,
        0,
        0,
        1,
        29,
        125,
        0,
        1,
        331,
        58,
        0,
        4,
        12,
        12,
        65,
        26,
        0,
        0,
        13,
        14,
        7,
        23,
        0,
        67,
        208,
        56,
        11,
        91,
        209,
        132,
        0,
        56,
        0,
        18,
        12,
        6,
        0,
        4,
        4,
        32
      ],
      "intervention_topk": [
        [
          1,
          0.4883720930232558
        ],
        [
          2,
          0.9534883720930233
        ],
        [
          3,
          0.9767441860465116
        ]
      ],
      "intervention_rank_list": [
        1,
        1,
        1,
        0,
        0,
        0,
        0,
        0,
        1,
        0,
        0,
        1,
        1,
        0,
        1,
        0,
        1,
        2,
        0,
        0,
        0,
        1,
        1,
        0,
        0,
        0,
        1,
        1,
        1,
        1,
        1,
        1,
        0,
        0,
        1,
        0,
        1,
        3,
        0,
        0,
        1,
        1,
        0
      ]
    },
    "centred": {
      "clean_topk": [
        [
          1,
          0.23255813953488372
        ],
        [
          2,
          0.27906976744186046
        ],
        [
          3,
          0.27906976744186046
        ]
      ],
      "clean_rank_list": [
        16,
        447,
        132,
        44,
        0,
        0,
        1,
        29,
        125,
        0,
        1,
        331,
        58,
        0,
        4,
        12,
        12,
        65,
        26,
        0,
        0,
        13,
        14,
        7,
        23,
        0,
        67,
        208,
        56,
        11,
        91,
        209,
        132,
        0,
        56,
        0,
        18,
        12,
        6,
        0,
        4,
        4,
        32
      ],
      "intervention_topk": [
        [
          1,
          0.5581395348837209
        ],
        [
          2,
          0.9767441860465116
        ],
        [
          3,
          1.0
        ]
      ],
      "intervention_rank_list": [
        1,
        1,
        1,
        0,
        0,
        0,
        0,
        0,
        1,
        0,
        0,
        1,
        1,
        0,
        0,
        0,
        1,
        2,
        0,
        0,
        0,
        1,
        1,
        0,
        0,
        0,
        0,
        1,
        1,
        0,
        1,
        1,
        0,
        0,
        0,
        0,
        1,
        1,
        1,
        0,
        1,
        1,
        0
      ]
    }
  },
  "16": {
    "original": {
      "clean_topk": [
        [
          1,
          0.23255813953488372
        ],
        [
          2,
          0.27906976744186046
        ],
        [
          3,
          0.27906976744186046
        ]
      ],
      "clean_rank_list": [
        16,
        447,
        132,
        44,
        0,
        0,
        1,
        29,
        125,
        0,
        1,
        331,
        58,
        0,
        4,
        12,
        12,
        65,
        26,
        0,
        0,
        13,
        14,
        7,
        23,
        0,
        67,
        208,
        56,
        11,
        91,
        209,
        132,
        0,
        56,
        0,
        18,
        12,
        6,
        0,
        4,
        4,
        32
      ],
      "intervention_topk": [
        [
          1,
          0.37209302325581395
        ],
        [
          2,
          0.9534883720930233
        ],
        [
          3,
          0.9767441860465116
        ]
      ],
      "intervention_rank_list": [
        1,
        1,
        1,
        0,
        0,
        0,
        0,
        1,
        1,
        0,
        0,
        1,
        1,
        0,
        1,
        0,
        1,
        2,
        1,
        0,
        0,
        1,
        1,
        0,
        1,
        0,
        1,
        1,
        1,
        1,
        1,
        1,
        1,
        0,
        1,
        0,
        1,
        3,
        1,
        0,
        1,
        1,
        0
      ]
    },
    "centred": {
      "clean_topk": [
        [
          1,
          0.23255813953488372
        ],
        [
          2,
          0.27906976744186046
        ],
        [
          3,
          0.27906976744186046
        ]
      ],