{
  "14": {
    "original": {
      "clean_topk": [
        [
          1,
          0.20930232558139536
        ],
        [
          2,
          0.2558139534883721
        ],
        [
          3,
          0.27906976744186046
        ]
      ],
      "clean_rank_list": [
        0,
        0,
        0,
        59,
        407,
        64,
        91,
        4,
        0,
        96,
        18,
        13,
        65,
        208,
        3,
        25,
        0,
        40,
        85,
        0,
        11,
        96,
        312,
        9,
        115,
        1,
        2,
        93,
        7,
        0,
        1,
        16,
        65,
        14,
        7,
        16,
        0,
        3,
        19,
        166,
        20,
        0,
        144
      ],
      "intervention_topk": [
        [
          1,
          0.32558139534883723
        ],
        [
          2,
          0.9767441860465116
        ],
        [
          3,
          1.0
        ]
      ],
      "intervention_rank_list": [
        0,
        0,
        0,
        1,
        1,
        1,
        1,
        1,
        0,
        1,
        1,
        1,
        2,
        1,
        0,
        1,
        0,
        1,
        1,
        0,
        1,
        1,
        1,
        1,
        1,
        0,
        0,
        1,
        1,
        0,
        1,
        1,
        1,
        1,
        0,
        1,
        0,
        0,
        1,
        1,
        1,
        0,
        1
      ]
    },
    "centred": {
      "clean_topk": [
        [
          1,
          0.20930232558139536
        ],
        [
          2,
          0.2558139534883721
        ],
        [
          3,
          0.27906976744186046
        ]
      ],
      "clean_rank_list": [
        0,
        0,
        0,
        59,
        407,
        64,
        91,
        4,
        0,
        96,
        18,
        13,
        65,
        208,
        3,
        25,
        0,
        40,
        85,
        0,
        11,
        96,
        312,
        9,
        115,
        1,
        2,
        93,
        7,
        0,
        1,
        16,
        65,
        14,
        7,
        16,
        0,
        3,
        19,
        166,
        20,
        0,
        144
      ],
      "intervention_topk": [
        [
          1,
          0.32558139534883723
        ],
        [
          2,
          0.9534883720930233
        ],
        [
          3,
          0.9767441860465116
        ]
      ],
      "intervention_rank_list": [
        0,
        0,
        0,
        1,
        1,
        1,
        1,
        1,
        0,
        1,
        1,
        1,
        3,
        1,
        0,
        1,
        0,
        1,
        1,
        0,
        1,
        1,
        1,
        1,
        1,
        0,
        0,
        1,
        1,
        0,
        1,
        1,
        2,
        1,
        0,
        1,
        0,
        0,
        1,
        1,
        1,
        0,
        1
      ]
    }
  },
  "15": {
    "original": {
      "clean_topk": [
        [
          1,
          0.20930232558139536
        ],
        [
          2,
          0.2558139534883721
        ],
        [
          3,
          0.27906976744186046
        ]
      ],
      "clean_rank_list": [
        0,
        0,
        0,
        59,
        407,
        64,
        91,
        4,
        0,
        96,
        18,
        13,
        65,
        208,
        3,
        25,
        0,
        40,
        85,
        0,
        11,
        96,
        312,
        9,
        115,
        1,
        2,
        93,
        7,
        0,
        1,
        16,
        65,
        14,
        7,
        16,
        0,
        3,
        19,
        166,
        20,
        0,
        144
      ],
      "intervention_topk": [
        [
          1,
          0.46511627906976744
        ],
        [
          2,
          0.9767441860465116
        ],
        [
          3,
          1.0
        ]
      ],
      "intervention_rank_list": [
        0,
        0,
        0,
        1,
        1,
        0,
        0,
        1,
        0,
        0,
        1,
        1,
        2,
        1,
        0,
        1,
        0,
        1,
        1,
        0,
        1,
        0,
        1,
        1,
        1,
        0,
        0,
        1,
        1,
        0,
        1,
        1,
        1,
        1,
        0,
        0,
        0,
        0,
        0,
        1,
        1,
        0,
        1
      ]
    },
    "centred": {
      "clean_topk": [
        [
          1,
          0.20930232558139536
        ],
        [
          2,
          0.2558139534883721
        ],
        [
          3,
          0.27906976744186046
        ]
      ],
      "clean_rank_list": [
        0,
        0,
        0,
        59,
        407,
        64,
        91,
        4,
        0,
        96,
        18,
        13,
        65,
        208,
        3,
        25,
        0,
        40,
        85,
        0,
        11,
        96,
        312,
        9,
        115,
        1,
        2,
        93,
        7,
        0,
        1,
        16,
        65,
        14,
        7,
        16,
        0,
        3,
        19,
        166,
        20,
        0,
        144
      ],
      "intervention_topk": [
        [
          1,
          0.46511627906976744
        ],
        [
          2,
          0.9767441860465116
        ],
        [
          3,
          1.0
        ]
      ],
      "intervention_rank_list": [
        0,
        0,
        0,
        1,
        1,
        0,
        0,
        1,
        0,
        0,
        1,
        1,
        2,
        1,
        0,
        1,
        0,
        1,
        1,
        0,
        0,
        1,
        1,
        1,
        1,
        0,
        0,
        1,
        1,
        0,
        1,
        1,
        1,
        1,
        0,
        0,
        0,
        0,
        1,
        1,
        0,
        0,
        1
      ]
    }
  },
  "16": {
    "original": {
      "clean_topk": [
        [
          1,
          0.20930232558139536
        ],
        [
          2,
          0.2558139534883721
        ],
        [
          3,
          0.27906976744186046
        ]
      ],
      "clean_rank_list": [
        0,
        0,
        0,
        59,
        407,
        64,
        91,
        4,
        0,
        96,
        18,
        13,
        65,
        208,
        3,
        25,
        0,
        40,
        85,
        0,
        11,
        96,
        312,
        9,
        115,
        1,
        2,
        93,
        7,
        0,
        1,
        16,
        65,
        14,
        7,
        16,
        0,
        3,
        19,
        166,
        20,
        0,
        144
      ],
      "intervention_topk": [
        [
          1,
          0.37209302325581395
        ],
        [
          2,
          0.9767441860465116
        ],
        [
          3,
          1.0
        ]
      ],
      "intervention_rank_list": [
        0,
        0,
        0,
        1,
        1,
        0,
        1,
        1,
        0,
        1,
        1,
        1,
        2,
        1,
        0,
        1,
        0,
        1,
        1,
        0,
        1,
        1,
        1,
        1,
        1,
        0,
        0,
        1,
        1,
        0,
        0,
        1,
        1,
        1,
        0,
        1,
        0,
        0,
        1,
        1,
        1,
        0,
        1
      ]
    },
    "centred": {
      "clean_topk": [
        [
          1,
          0.20930232558139536
        ],
        [
          2,
          0.2558139534883721
        ],
        [
          3,
          0.27906976744186046
        ]
      ],