{
  "12": {
    "original": {
      "clean_topk": [
        [
          1,
          0.0
        ],
        [
          2,
          0.01764705882352941
        ],
        [
          3,
          0.047058823529411764
        ]
      ],
      "clean_rank_list": [
        10,
        8,
        13,
        213,
        21,
        6,
        19,
        6,
        11,
        96,
        11,
        9,
        18,
        100,
        16,
        13,
        11,
        14,
        6,
        73,
        52,
        28,
        27,
        13,
        44,
        10,
        40,
        9,
        2,
        53,
        14,
        9,
        15,
        6,
        112,
        18,
        23,
        5,
        81,
        6,
        3,
        3,
        3,
        67,
        14,
        29,
        3,
        8,
        153,
        39,
        15,
        4,
        3,
        26,
        16,
        31,
        19,
        5,
        27,
        6,
        19,
        21,
        37,
        24,
        35,
        17,
        4,
        10,
        26,
        68,
        10,
        6,
        12,
        12,
        8,
        10,
        3,
        95,
        12,
        30,
        19,
        7,
        4,
        31,
        21,
        27,
        2,
        46,
        4,
        42,
        1,
        11,
        13,
        18,
        6,
        102,
        5,
        39,
        10,
        39,
        3,
        8,
        23,
        3,
        35,
        131,
        11,
        9,
        56,
        47,
        17,
        30,
        38,
        40,
        12,
        42,
        21,
        171,
        3,
        29,
        10,
        2,
        4,
        10,
        12,
        862,
        17,
        5,
        20,
        11,
        4,
        21,
        12,
        10,
        31,
        17,
        1,
        21,
        86,
        48,
        4,
        1,
        9,
        6,
        31,
        4,
        4,
        3,
        14,
        15,
        25,
        8,
        125,
        22,
        5,
        14,
        33,
        19,
        14,
        14,
        2,
        10,
        55,
        2,
        7,
        13,
        20,
        9,
        22,
        243
      ],
      "intervention_topk": [
        [
          1,
          0.023529411764705882
        ],
        [
          2,
          0.8470588235294118
        ],
        [
          3,
          0.9117647058823529
        ]
      ],
      "intervention_rank_list": [
        1,
        1,
        1,
        15,
        2,
        1,
        1,
        0,
        1,
        1,
        1,
        1,
        1,
        1,
        2,
        1,
        1,
        1,
        1,
        1,
        1,
        1,
        1,
        1,
        1,
        2,
        1,
        1,
        1,
        3,
        1,
        1,
        1,
        1,
        3,
        1,
        1,
        1,
        3,
        1,
        1,
        1,
        1,
        4,
        1,
        4,
        1,
        1,
        18,
        1,
        1,
        1,
        0,
        1,
        1,
        1,
        1,
        1,
        1,
        1,
        1,
        1,
        1,
        2,
        2,
        1,
        1,
        1,
        1,
        1,
        1,
        1,
        1,
        1,
        1,
        1,
        1,
        1,
        1,
        1,
        1,
        1,
        1,
        3,
        1,
        1,
        0,
        1,
        1,
        1,
        1,
        1,
        1,
        1,
        1,
        1,
        1,
        1,
        1,
        1,
        1,
        1,
        3,
        0,
        1,
        3,
        1,
        1,
        1,
        1,
        1,
        1,
        1,
        2,
        1,
        1,
        1,
        5,
        1,
        1,
        1,
        1,
        1,
        1,
        1,
        4,
        1,
        1,
        1,
        1,
        1,
        1,
        1,
        1,
        1,
        1,
        1,
        1,
        5,
        2,
        1,
        1,
        1,
        2,
        1,
        1,
        1,
        1,
        1,
        1,
        1,
        1,
        1,
        2,
        1,
        1,
        1,
        1,
        1,
        1,
        1,
        1,
        3,
        1,
        1,
        1,
        2,
        2,
        1,
        6
      ]
    },
    "centred": {
      "clean_topk": [
        [
          1,
          0.0
        ],
        [
          2,
          0.01764705882352941
        ],
        [
          3,
          0.047058823529411764
        ]
      ],
      "clean_rank_list": [
        10,
        8,
        13,
        213,
        21,
        6,
        19,
        6,
        11,
        96,
        11,
        9,
        18,
        100,
        16,
        13,
        11,
        14,
        6,
        73,
        52,
        28,
        27,
        13,
        44,
        10,
        40,
        9,
        2,
        53,
        14,
        9,
        15,
        6,
        112,
        18,
        23,
        5,
        81,
        6,
        3,
        3,
        3,
        67,
        14,
        29,
        3,
        8,
        153,
        39,
        15,
        4,
        3,
        26,
        16,
        31,
        19,
        5,
        27,
        6,
        19,
        21,
        37,
        24,
        35,
        17,
        4,
        10,
        26,
        68,
        10,
        6,
        12,
        12,
        8,
        10,
        3,
        95,
        12,
        30,
        19,
        7,
        4,
        31,
        21,
        27,
        2,
        46,
        4,
        42,
        1,
        11,
        13,
        18,
        6,
        102,
        5,
        39,
        10,
        39,
        3,
        8,
        23,
        3,
        35,
        131,
        11,
        9,
        56,
        47,
        17,
        30,
        38,
        40,
        12,
        42,
        21,
        171,
        3,
        29,
        10,
        2,
        4,
        10,
        12,
        862,
        17,
        5,
        20,
        11,
        4,
        21,
        12,
        10,
        31,
        17,
        1,
        21,
        86,
        48,
        4,
        1,
        9,
        6,
        31,
        4,
        4,
        3,
        14,
        15,
        25,
        8,
        125,
        22,
        5,
        14,
        33,
        19,
        14,
        14,
        2,
        10,
        55,
        2,
        7,
        13,
        20,
        9,
        22,
        243
      ],
      "intervention_topk": [
        [
          1,
          0.047058823529411764
        ],
        [
          2,
          0.7823529411764706
        ],
        [
          3,
          0.8705882352941177
        ]
      ],