{
  "12": {
    "original": {
      "clean_topk": [
        [
          1,
          0.0
        ],
        [
          2,
          0.023668639053254437
        ],
        [
          3,
          0.047337278106508875
        ]
      ],
      "clean_rank_list": [
        56,
        11,
        15,
        18,
        14,
        11,
        72,
        58,
        13,
        1,
        6,
        27,
        8,
        4,
        10,
        21,
        14,
        4,
        36,
        5,
        23,
        13,
        34,
        40,
        15,
        4,
        38,
        9,
        25,
        6,
        3,
        15,
        2,
        15,
        5,
        99,
        29,
        17,
        5,
        16,
        2,
        40,
        25,
        20,
        9,
        25,
        5,
        12,
        13,
        36,
        10,
        8,
        10,
        8,
        213,
        25,
        52,
        17,
        14,
        19,
        38,
        17,
        6,
        102,
        30,
        32,
        14,
        5,
        1,
        31,
        8,
        5,
        67,
        8,
        15,
        28,
        3,
        11,
        22,
        5,
        15,
        6,
        31,
        6,
        7,
        13,
        6,
        9,
        19,
        46,
        2,
        21,
        23,
        10,
        33,
        16,
        30,
        6,
        5,
        5,
        48,
        104,
        10,
        33,
        12,
        6,
        60,
        34,
        9,
        6,
        35,
        4,
        15,
        8,
        48,
        31,
        18,
        14,
        34,
        9,
        13,
        36,
        29,
        1,
        45,
        9,
        39,
        12,
        15,
        73,
        23,
        14,
        50,
        5,
        3,
        20,
        2,
        41,
        14,
        24,
        31,
        36,
        65,
        5,
        13,
        25,
        9,
        33,
        19,
        45,
        5,
        13,
        1,
        68,
        153,
        6,
        8,
        32,
        40,
        16,
        3,
        65,
        78,
        17,
        61,
        79,
        9,
        23,
        32
      ],
      "intervention_topk": [
        [
          1,
          0.029585798816568046
        ],
        [
          2,
          0.8520710059171598
        ],
        [
          3,
          0.9467455621301775
        ]
      ],
      "intervention_rank_list": [
        3,
        1,
        1,
        1,
        1,
        1,
        1,
        5,
        1,
        1,
        1,
        1,
        1,
        1,
        0,
        2,
        1,
        1,
        1,
        1,
        1,
        2,
        1,
        1,
        1,
        1,
        1,
        1,
        1,
        1,
        1,
        1,
        1,
        1,
        0,
        2,
        1,
        1,
        1,
        2,
        1,
        1,
        1,
        1,
        1,
        2,
        1,
        1,
        1,
        1,
        1,
        1,
        1,
        1,
        15,
        1,
        2,
        1,
        1,
        1,
        1,
        1,
        1,
        1,
        1,
        4,
        1,
        1,
        1,
        1,
        1,
        1,
        4,
        1,
        1,
        1,
        1,
        1,
        2,
        1,
        1,
        1,
        1,
        1,
        1,
        1,
        2,
        1,
        1,
        1,
        1,
        1,
        1,
        1,
        1,
        1,
        1,
        0,
        1,
        1,
        1,
        1,
        1,
        1,
        1,
        1,
        1,
        2,
        1,
        1,
        1,
        1,
        1,
        1,
        2,
        1,
        1,
        1,
        1,
        2,
        1,
        2,
        2,
        0,
        1,
        1,
        1,
        1,
        1,
        1,
        2,
        1,
        1,
        1,
        1,
        1,
        1,
        1,
        1,
        1,
        1,
        2,
        1,
        1,
        1,
        1,
        1,
        5,
        1,
        2,
        1,
        1,
        1,
        1,
        18,
        1,
        1,
        1,
        3,
        1,
        0,
        1,
        1,
        1,
        10,
        1,
        1,
        1,
        1
      ]
    },
    "centred": {
      "clean_topk": [
        [
          1,
          0.0
        ],
        [
          2,
          0.023668639053254437
        ],
        [
          3,
          0.047337278106508875
        ]
      ],
      "clean_rank_list": [
        56,
        11,
        15,
        18,
        14,
        11,
        72,
        58,
        13,
        1,
        6,
        27,
        8,
        4,
        10,
        21,
        14,
        4,
        36,
        5,
        23,
        13,
        34,
        40,
        15,
        4,
        38,
        9,
        25,
        6,
        3,
        15,
        2,
        15,
        5,
        99,
        29,
        17,
        5,
        16,
        2,
        40,
        25,
        20,
        9,
        25,
        5,
        12,
        13,
        36,
        10,
        8,
        10,
        8,
        213,
        25,
        52,
        17,
        14,
        19,
        38,
        17,
        6,
        102,
        30,
        32,
        14,
        5,
        1,
        31,
        8,
        5,
        67,
        8,
        15,
        28,
        3,
        11,
        22,
        5,
        15,
        6,
        31,
        6,
        7,
        13,
        6,
        9,
        19,
        46,
        2,
        21,
        23,
        10,
        33,
        16,
        30,
        6,
        5,
        5,
        48,
        104,
        10,
        33,
        12,
        6,
        60,
        34,
        9,
        6,
        35,
        4,
        15,
        8,
        48,
        31,
        18,
        14,
        34,
        9,
        13,
        36,
        29,
        1,
        45,
        9,
        39,
        12,
        15,
        73,
        23,
        14,
        50,
        5,
        3,
        20,
        2,
        41,
        14,
        24,
        31,
        36,
        65,
        5,
        13,
        25,
        9,
        33,
        19,
        45,
        5,
        13,
        1,
        68,
        153,
        6,
        8,
        32,
        40,
        16,
        3,
        65,
        78,
        17,
        61,
        79,
        9,
        23,
        32
      ],
      "intervention_topk": [
        [
          1,
          0.05325443786982249
        ],
        [
          2,
          0.7869822485207101
        ],
        [
          3,
          0.9289940828402367
        ]
      ],